Article title,Authors,Journal title,Volume,Issue,Pages,Volume year,DOI,Published online date,URL,Article views (as of 12-Sep-2026),Crossref citations (as of 12-Sep-2026),abstract,abstract_source,abstract_status
Affective design using machine learning: a survey and its prospect of conjoining big data,"Bilal Abu-Salih, Kit Yan Chan, Chris K Y Fung, Pratima Jain, Huimin Jiang, C K Kwong, Zhixin Liu, T C Wong, Pornpit Wongthongtham",International Journal of Computer Integrated Manufacturing,33.0,7,p645 - p669,2020,10.1080/0951192x.2018.1526412,04-Oct-2018,https://doi.org/10.1080/0951192x.2018.1526412,1537.0,53.0,"Customer satisfaction in purchasing new products is an important issue that needs to be addressed in today’s competitive markets. A product with good affective design excites consumer emotional feelings to buy the product. Affective design often involves complex and multi-dimensional problems for modelling and maximising affective satisfaction of customers. Machine learning is commonly used to model and maximise the affective satisfaction, since it is effective in modelling nonlinear patterns when numerical data relevant to the patterns is available. This review article presents a survey of commonly used machine learning approaches for affective design when two data streams, traditional survey data and modern big data, are used. A classification of machine learning technologies is first provided for traditional survey data. The limitations and advantages of machine learning technologies are discussed. Since big data related to affective design can be captured from social media, the prospects and challenges in using big data are discussed to enhance affective design, in which limited research has so far been attempted. This review article is useful for those who use machine learning technologies for affective design, and also provides guidelines for researchers who are interested in incorporating big data and machine learning technologies for affective design.",SemanticScholar,FOUND
Big data analytics and big data science: a survey,"Hong Chen, Yong Chen, Anjee Gorkhali, Ling Li, Yang Lu, Yiqian Ma",Journal of Management Analytics,3.0,1,p1 - p42,2016,10.1080/23270012.2016.1141332,26-Feb-2016,https://doi.org/10.1080/23270012.2016.1141332,3910.0,83.0,,,NOT_FOUND
Knowledge generation from Big Data for new product development: a structured literature review,"Gioconda Mele, Giuseppina Passiante, Donata Serra, Pasquale del Vecchio",Knowledge Management Research & Practice,21.0,4,p892 - p907,2023,10.1080/14778238.2022.2094292,28-Jul-2022,https://doi.org/10.1080/14778238.2022.2094292,555.0,5.0,"This study aims to provide a contribution to the systematisation of the state-of-the art of the literature on Big Data for the process of New Product Development (NPD). Based on the evidence of a structured literature review (SLR) on articles published from 2015 to 2021, the paper aims to identify new areas for future research, by highlighting the contribution of Big Data in the perspective of knowledge management for the improvement of the new product development process. Findings demonstrate a lack of research in this field and the fragmentation of the publications that require more in-depth investigation. The analysis allows the identification of quantitative and qualitative evidence of the research trends emerging at the intersection of the two well-known areas and to derive several implications both for research and practice.",SemanticScholar,FOUND
BIG data - BIG gains? Understanding the link between big data analytics and innovation,"Thomas Niebel, Fabienne Rasel, Steffen Viete",Economics of Innovation and New Technology,28.0,3,p296 - p316,2019,10.1080/10438599.2018.1493075,17-Jul-2018,https://doi.org/10.1080/10438599.2018.1493075,32882.0,158.0,"This paper analyzes the relationship between firms' use of big data analytics and their innovative performance in terms of product innovations. Since big data technologies provide new data information practices, they create novel decision-making possibilities, which are widely believed to support firms' innovation process. Applying German firm-level data within a knowledge production function framework we find suggestive evidence that big data analytics is a relevant determinant for the likelihood of a firm becoming a product innovator as well as for the market success of product innovations. These results hold for the manufacturing as well as for the service sector but are contingent on firms' investment in IT-specific skills. Overall, the results support the view that big data analytics have the potential to enable innovation.",SemanticScholar,FOUND
Big data and the transformation of operations models: a framework and a new research agenda,"G Graham, F Li, A Nucciarelli, S Roden",Production Planning & Control,28.0,11-12,p929 - p944,2017,10.1080/09537287.2017.1336792,11-Jul-2017,https://doi.org/10.1080/09537287.2017.1336792,3172.0,84.0,"Big Data has been hailed as the ‘next big thing’ to drive business value, transform organisations and industries, and ‘reveal secrets to those with the humility, willingness and tools to listen’ (Mayer-Schönberger and Cukier, 2013: 5). However, despite growing interest from organisations across industry sectors, Big Data applications appear to have concentrated on delivering incremental change and operational efficiency improvements, with little evidence on using Big Data to facilitate strategic, transformational change. In this paper, we explore how Big Data can be used across different sectors in leading organisations and examine the ways in which it is fostering change in the core operations models of organisations. A definition of ‘operations model’ is developed and the core dimensions of an operations model are then examined, namely capacity, supply network, process and technology, and people development and organisation. Through a series of case studies, we examine the role of Big Data in affecting some, or all, of these dimensions in order to generate value for the organisation by optimising, adapting or radically transforming the operations model. Following our analysis, we develop a tentative framework which can be used both for understanding how Big Data affects operations models, and for planning changes in operations models through Big Data. We set out a new research agenda to systematically understand the full potential of Big Data in transforming operations models.",SemanticScholar,FOUND
A survey of machine learning in additive manufacturing technologies,Jingchao Jiang,International Journal of Computer Integrated Manufacturing,36.0,9,p1258 - p1280,2023,10.1080/0951192x.2023.2177740,14-Feb-2023,https://doi.org/10.1080/0951192x.2023.2177740,3692.0,65.0,"Thirty years into its development, additive manufacturing has become a mainstream manufacturing process. Additive manufacturing fabricates products by adding materials layer-by-layer directly based on a 3D model. It is able to manufacture complex parts and allows more freedom of design optimization compared with traditional manufacturing techniques. Machine learning is now a hot technology that has been used in medical diagnosis, image processing, prediction, classification, learning association, regression, etc. Currently, focuses are increasingly given to using machine learning in the manufacturing industry, including additive manufacturing. Due to the rapid development of machine learning in additive manufacturing, a special issue ‘Machine Learning in Additive Manufacturing’ in International Journal of Computer Integrated Manufacturing is organized. This paper gives a comprehensive understanding of the current status of machine learning enhanced additive manufacturing technologies for this special issue. Discussions and future perspectives are also provided.",SemanticScholar,FOUND
Enhancing discrete-event simulation with big data analytics: A review,"John Steven Edwards, Andrew Greasley",Journal of the Operational Research Society,72.0,2,p247 - p267,2021,10.1080/01605682.2019.1678406,20-Nov-2019,https://doi.org/10.1080/01605682.2019.1678406,3331.0,53.0,"This article presents a literature review of the use of the OR technique of discrete-event simulation (DES) in conjunction with the big data analytics (BDA) approaches of data mining, machine learning, data farming, visual analytics, and process mining. The two areas are quite distinct. DES represents a mature OR tool using a graphical interface to produce an industry strength process modelling capability. The review reflects this and covers commercial off-the-shelf DES software used in an organisational setting. On the contrary the analytics techniques considered are in the domain of the data scientist and usually involve coding of algorithms to provide outputs derived from big data. Despite this divergence the review identifies a small but emerging literature of use-cases and from this a framework is derived for a DES development methodology that incorporates the use of these analytics techniques. The review finds scope for two new categories of simulation and analytics use: an enhanced capability for DES from the use of BDA at the main stages of the DES methodology as well as the use of DES in a data farming role to drive BDA techniques.",SemanticScholar,FOUND
Enhancing production planning in metal-mechanical industries: statistical analysis and machine learning approach for predicting machine failures,"Marcos Alexandruk, Marlene Amorim, Sidnei Alves de Araujo, Valdir Henrique Cardoso, Sergio R Lourenço, Edmilson Alves de Moraes, Henrricco Nieves Pujol Tucci, Marcos Vido, Rodrigo Neri Bueno da Silva, Geraldo Cardoso de Oliveira Neto",Journal of Industrial and Production Engineering,42.0,6,p571 - p586,2025,10.1080/21681015.2025.2471905,05-Mar-2025,https://doi.org/10.1080/21681015.2025.2471905,153.0,0.0,"Metal-mechanical industries have been implementing Internet of Things (IoT) sensors on machines to generate data that can support decision-making. However, challenges in analyzing the big data produced for predicting failures that may impact production planning are still observed. This work explores the application of statistics and machine learning in the analysis of big data produced by a metal-mechanical industry to explain the interactions between input variables and to predict, based on these variables, the different types of machine failures that negatively affect production planning. It is concluded that torque generates increase in temperature is being the main cause of tool breakage leading to unexpected machine stops. Thus, this study innovates when analyzing big data from a metal-mechanical industry using statistical analysis and machine learning combined with the SHAP (SHapley Additive exPlanations) technique for predicting machine failures. Additionally, this study guides managers on how to use computational techniques to support decision-making in operations and encourages investments in implementing IoT sensors and Artificial Intelligence. Graphical abstract",SemanticScholar,FOUND
Managing production systems with machine learning: a case analysis of Suzhou GCL photovoltaic technology,"Wuyue An, Genwang Liu, Huosong Xia, Zuopeng Justin Zhang",Production Planning & Control,33.0,16,p1559 - p1572,2022,10.1080/09537287.2021.1882693,25-Feb-2021,https://doi.org/10.1080/09537287.2021.1882693,920.0,8.0,"Production control in the manufacturing industry involves complex circumstances and high demand for timeliness. Unlike traditional production control methods, the approach that integrates machine learning and industrial big data can enable manufacturing industries to dynamically adapt to the changing environment and respond in a timely manner to market changes due to production optimisation and improve economic benefits. In order to explore the relationship between production system optimisation and lean strategic planning based on machine learning and big data, the paper conducts an exploratory case analysis based on Suzhou GCL Photovoltaic Technology, a successful company in the photovoltaic industry in China. We sort and investigate the first-hand interview data and second-hand news and video data, and then use the qualitative research method. Based on the analysis and observation, we find that machine learning has a positive impact on quality management. Data, information, knowledge, intelligence collectively impact the performance of intelligence production systems. Our research provides valuable insights for practitioners to effectively accelerate the transformation to intelligent manufacturing.",SemanticScholar,FOUND
A review of the literature on big data analytics in healthcare,"Panagiota Galetsi, Korina Katsaliaki",Journal of the Operational Research Society,71.0,10,p1511 - p1529,2020,10.1080/01605682.2019.1630328,05-Jul-2019,https://doi.org/10.1080/01605682.2019.1630328,5472.0,94.0,"Big data analytics (BDA) is of paramount importance in healthcare aspects such as patient diagnostics, fast epidemic recognition, and improvement of patient management. The objective of this profiling study is (a) to provide an overview of the BDA publication dynamics in the healthcare domain and (b) to discuss this scientific field through related examples. A sampling literature review has been conducted. A total of 804 papers have been identified and content analysis has been performed to mine knowledge in the domain for the years 2000–2016. The findings show that co-authors’ backgrounds are from the subject areas of medicine and computer sciences. Most articles are experimental in nature and use modeling and machine learning techniques to exploit clinical data, for health monitoring and prediction purposes. Many articles are relevant to the medical specialties of neurology/neurosurgery/neuropsychiatry, medical oncology, and cardiology. Well-cited papers investigate the identification and management of high-risk/cost patients, the use of big data, Hadoop and cloud computing in genomics, and the development of mobile applications for disease management. Important is also the research about improving disease prediction by investigating patients' medical results using advanced analysis (such as segmentation and predictive modelling, machine learning, visualisation, etc.).",SemanticScholar,FOUND
Business analytics and big data research in information systems,"Barbara Dinter, Christian Janiesch, Patrick Mikalef, Olgerta Tona",Journal of Business Analytics,5.0,1,p1 - p7,2022,10.1080/2573234x.2022.2069426,31-May-2022,https://doi.org/10.1080/2573234x.2022.2069426,10368.0,16.0,,,NOT_FOUND
Creating Strategic Business Value from Big Data Analytics: A Research Framework,"Roger H L Chiang, Varun Grover, Ting-Peng Liang, Dongsong Zhang",Journal of Management Information Systems,35.0,2,p388 - p423,2018,10.1080/07421222.2018.1451951,15-May-2018,https://doi.org/10.1080/07421222.2018.1451951,24179.0,760.0,,,NOT_FOUND
Managing customer knowledge through the use of big data analytics in tourism research,"Piera Centobelli, Valentina Ndou",Current Issues in Tourism,22.0,15,p1862 - p1882,2019,10.1080/13683500.2018.1564739,15-Jan-2019,https://doi.org/10.1080/13683500.2018.1564739,3121.0,85.0,"The use of big data is growing in relevance and importance in tourism management research. Companies operating in this industry are exploiting big data analytics and developing systems to manage customer knowledge and provide the best service in the right place at the right time. This paper aims to provide a systematic literature review to present issues associated with the use of big data in tourism and identify future research directions on the topic. To achieve this aim, this paper develops a citation network analysis methodology to drive the content analysis and explore the content of 109 selected papers. The findings of this review highlight that although there is an increasing number of contributions on the topic, there are yet some issues that require to be further developed. In particular, the paper identifies research gaps and consequent research questions that represent an agenda for both researchers and practitioners.",SemanticScholar,FOUND
Transformative role of big data through enabling capability recognition in construction,"Bernard Tuffour Atuahene, Thayaparan Gajendran, Sittimont Kanjanabootra",Construction Management and Economics,41.0,3,p208 - p231,2023,10.1080/01446193.2022.2132523,19-Oct-2022,https://doi.org/10.1080/01446193.2022.2132523,3858.0,18.0,"Big data application is a significant transformative driver of change in the retail, health, engineering, and advanced manufacturing sectors. Big data studies in construction are still somewhat limited, although there is increasing interest in what big data application could achieve. Through interviews with construction professionals, this paper identifies the capabilities needed in construction firms to enable the accrual of the potentially transformative benefits of big data application in construction. Based on previous studies, big data application capabilities, needed to transform construction processes, focussed on data, people, technology, and organisation. However, the findings of this research suggest a critical modification to that focus to include knowledge and the organisational environment along with people, data, and technology. The research findings show that construction firms use big data with a combination strategy to enable transformation by (a) driving an in-house data management policy to rolling-out the big data capabilities; (b) fostering collaborative capabilities with external firms for resource development, and (c) outsourcing big data services to address the capabilities deficits impacting digital transformation.",SemanticScholar,FOUND
Knowledge management in industry 4.0 environment for sustainable competitive advantage: a strategic framework,"Ayush Gupta, Sachin Kamble, Rajesh Kr Singh, Ruchi Mishra",Knowledge Management Research & Practice,20.0,6,p878 - p892,2022,10.1080/14778238.2022.2144512,14-Nov-2022,https://doi.org/10.1080/14778238.2022.2144512,1772.0,34.0,"Knowledge is an intangible asset that can increase employees’ and organisation’s effectiveness. Limited research has been done to upgrade existing knowledge management systems in the Industry 4.0 environment. Hence, this study identifies thirteen critical factors for developing a knowledge management system in Industry 4.0 environment. Interpretive Structural Modelling (ISM) is utilised to develop the structural relationships among these factors. Finally, fuzzy MICAMC is used to categorise the factors based on driving-dependence value. The results reveal the direct and indirect effects of these factors in developing a KM system in the digital age. Findings suggest that top management support, development of knowledge management strategy, knowledge friendly culture, creation and maintenance of digital infrastructure, and employees training are the major drivers for developing a KM system in Industry 4.0 environment. Organizations can use the proposed framework to prioritise their actions to develop a KM system in the Industry 4.0 environment.",SemanticScholar,FOUND
On the Convergence of Nanotechnology and Big Data Analysis for Computer-Aided Diagnosis,"Fernando V Paulovich, Jose F Jr Rodrigues, Maria CF de Oliveira, Osvaldo N Jr de Oliveira",Nanomedicine,11.0,8,p959 - p982,2016,10.2217/nnm.16.35,16-Mar-2016,https://doi.org/10.2217/nnm.16.35,451.0,32.0,,,NOT_FOUND
"Big data analytics in medical engineering and healthcare: methods, advances and challenges","Cheryl Ann Alexander, Lidong Wang",Journal of Medical Engineering & Technology,44.0,6,p267 - p283,2020,10.1080/03091902.2020.1769758,05-Jun-2020,https://doi.org/10.1080/03091902.2020.1769758,3094.0,107.0,"Big data analytics are gaining popularity in medical engineering and healthcare use cases. Stakeholders are finding big data analytics reduce medical costs and personalise medical services for each individual patient. Big data analytics can be used in large-scale genetics studies, public health, personalised and precision medicine, new drug development, etc. The introduction of the types, sources, and features of big data in healthcare as well as the applications and benefits of big data and big data analytics in healthcare is key to understanding healthcare big data and will be discussed in this article. Major methods, platforms and tools of big data analytics in medical engineering and healthcare are also presented. Advances and technology progress of big data analytics in healthcare are introduced, which includes artificial intelligence (AI) with big data, infrastructure and cloud computing, advanced computation and data processing, privacy and cybersecurity, health economic outcomes and technology management, and smart healthcare with sensing, wearable devices and Internet of things (IoT). Current challenges of dealing with big data and big data analytics in medical engineering and healthcare as well as future work are also presented.",SemanticScholar,FOUND
"Big Data, Chatbots, and Data Mining: Transforming Academic Libraries - A Bibliometric Analysis","Nur Ahmad, Shakil Ahmad, Sujin Butdiswan, Rupak Chakrabarty, Md Khairul Islam, Md Nurul Islam, Md Abdul Matin, Walton Wider",New Review of Academic Librarianship,32.0,1,p24 - p51,2026,10.1080/13614533.2025.2544531,21-Aug-2025,https://doi.org/10.1080/13614533.2025.2544531,551.0,4.0,"This bibliometric analysis investigates the integration of big data, chatbots, and data mining in academic libraries, aiming to understand current trends, regional disparities, and future implications. Using comprehensive bibliometric methods, the study analyzes publications and citations from 2014 to the present, highlighting the significant growth in research and application of these technologies. The findings reveal a substantial increase in research output, with China leading in publication volume, followed by the United States and other Asian countries. The study identifies the critical role of big data in enhancing operational efficiencies, chatbots in improving user interactions, and data mining in uncovering hidden trends. However, challenges such as the digital divide and data privacy concerns are prominent. The study concludes that while these technologies offer transformative potential, addressing infrastructural disparities and implementing robust data governance frameworks are essential. The implications for researchers, practitioners, policymakers, and academic institutions include promoting interdisciplinary research, enhancing digital literacy, and fostering international collaboration. Embracing these technologies can significantly improve the role of academic libraries as dynamic, user-centric centers of knowledge and learning, effectively meeting the evolving needs of their users in the digital age.",SemanticScholar,FOUND
Machine learning algorithms applied to intelligent tyre manufacturing,"Simone Massulini Acosta, Rodrigo Marcel Araujo Oliveira, Ângelo Márcio Oliveira Sant'Anna",International Journal of Computer Integrated Manufacturing,37.0,4,p497 - p507,2024,10.1080/0951192x.2023.2177734,10-Feb-2023,https://doi.org/10.1080/0951192x.2023.2177734,732.0,20.0,"Intelligent manufacturing is a way to expand industrial manufacturing by integrating artificial intelligence and device technologies to provide great solutions to solve complex problems and improve industrial processes. Artificial intelligence has been used in intelligent manufacturing for monitoring and optimization processes, focusing on improving efficiency. This paper examines the predictive performance of six machine learning algorithms for modeling tyre weight in smart tire manufacturing from real data. The main contribution of this research is developing a scheme solution that uses machine learning algorithms to industrial processes in stored data large manufacturing processes, allowing the process engineer to manage the finished products and the process parameters. The proposed relevance vector machine is compared with other algorithms such as support vector machine, artificial neural network, k-nearest neighbors, random forest, and model trees. RVM algorithm presented the smallest measures of squared error and better performance than the other algorithms. This novel approach accurately predicts tyre weight patterns during production using machine learning algorithms to analyze relevant features and detect anomalies based on predicted process data.",SemanticScholar,FOUND
Advancing manufacturing systems with big-data analytics: A conceptual framework,"Peter Butala, Dominik Kozjek, Nada Lavrač, Borut Rihtaršič, Rok Vrabič",International Journal of Computer Integrated Manufacturing,33.0,2,p169 - p188,2020,10.1080/0951192x.2020.1718765,03-Feb-2020,https://doi.org/10.1080/0951192x.2020.1718765,6769.0,44.0,"With the intensive development and implementation of information and communication technologies in manufacturing, large amounts of heterogeneous data are now being generated, gathered and stored. Handling large amounts of complex data – often referred to as big data – represents a challenge as there are many new approaches, methods, techniques, and tools for data analytics that open up new possibilities for exploiting data by converting them into useful information and/or knowledge. However, the application of advanced data analytics in manufacturing lags behind in terms of penetration and diversity in comparison with other domains such as marketing, healthcare and business, meaning that the available data often remain unexploited. This paper proposes a new conceptual framework for systematically introducing big-data analytics into manufacturing systems. To this end, the paper defines a new stepwise procedure that identifies what knowledge and skills, and which reference models, software and hardware tools, are needed for the development, implementation and operation of data-analytics solutions in manufacturing systems. The feasibility of the proposed conceptual framework is demonstrated in a case study from an engineer-to-order company and by mapping the framework to several previous data-analytics projects.",SemanticScholar,FOUND
"Utilizing big data analytics for information systems research: challenges, promises and guidelines","Jan Vom Brocke, Stefan Debortoli, Iris Junglas, Oliver Müller",European Journal of Information Systems,25.0,4,p289 - p302,2016,10.1057/ejis.2016.2,19-Dec-2017,https://doi.org/10.1057/ejis.2016.2,21951.0,223.0,"This essay discusses the use of big data analytics (BDA) as a strategy of enquiry for advancing information systems (IS) research. In broad terms, we understand BDA as the statistical modelling of large, diverse, and dynamic data sets of user-generated content and digital traces. BDA, as a new paradigm for utilising big data sources and advanced analytics, has already found its way into some social science disciplines. Sociology and economics are two examples that have successfully harnessed BDA for scientific enquiry. Often, BDA draws on methodologies and tools that are unfamiliar for some IS researchers (e.g., predictive modelling, natural language processing). Following the phases of a typical research process, this article is set out to dissect BDA’s challenges and promises for IS research, and illustrates them by means of an exemplary study about predicting the helpfulness of 1.3 million online customer reviews. In order to assist IS researchers in planning, executing, and interpreting their own studies, and evaluating the studies of others, we propose an initial set of guidelines for conducting rigorous BDA studies in IS.",SemanticScholar,FOUND
Novel approach to big data collaboration with network operators network function virtualisation (NFV),"Sasan Adibi, Amin Mobasher, Masood Mortazavi, Tom Tofigh","International Journal of Parallel, Emergent and Distributed Systems",30.0,1,p65 - p78,2015,10.1080/17445760.2014.930145,10-Jul-2014,https://doi.org/10.1080/17445760.2014.930145,329.0,1.0,"The intersection of network function virtualisation (NFV) technologies and big data has the potential of revolutionising today's telecommunication networks from deployment to operations resulting in significant reductions in capital expenditure (CAPEX) and operational expenditure, as well as cloud vendor and additional revenue growths for the operators. One of the contributions of this article is the comparisons of the requirements for big data and network virtualisation and the formulation of the key performance indicators for the distributed big data NFVs at the operator's infrastructures. Big data and virtualisation are highly interdependent and their intersections and dependencies are analysed and the potential optimisation gains resulted from open interfaces between big data and carrier networks NFV functional blocks for an adaptive environment are then discussed. Another contribution of this article is a comprehensive discussion on open interface recommendations which enables global collaborative and scalable virtualised big data applications.",SemanticScholar,FOUND
Big data and artificial intelligence in the maritime industry: a bibliometric review and future research directions,"Mariia Dushenko, Marius Imset, Veronica Jaramillo Jimenez, Ziaul Haque Munim, Mohammad Hassan Shakil",Maritime Policy & Management,47.0,5,p577 - p597,2020,10.1080/03088839.2020.1788731,12-Jul-2020,https://doi.org/10.1080/03088839.2020.1788731,53987.0,332.0,"This study provides a bibliometric review of 279 studies on the applications of big data and artificial intelligence (AI) in the maritime industry, published in 214 academic outlets, authored by 842 scholars. We extracted bibliographical data from the Web of Science database and analysed it using the Bibliometrix tool in R software. Based on citation analysis metrics, we revealed the most influential articles, journals, authors and institutions. Using the bibliographic coupling methodology, we identified four underlying research clusters: (1) digital transformation in maritime industry, (2) applications of big data from AIS, (3) energy efficiency and (4) predictive analytics. We analysed these clusters in detail and extracted future research questions. Besides, we present research collaboration networks on the institution and author level.",SemanticScholar,FOUND
The contribution of big data in green supply chain-a systematic review,"Smaïl Benzidia, Samuel Fosso Wamba, Jomana Leroux, Julia Maugran",Supply Chain Forum: An International Journal,26.0,1,p39 - p54,2025,10.1080/16258312.2024.2446007,30-Dec-2024,https://doi.org/10.1080/16258312.2024.2446007,362.0,4.0,"Companies rely on information technologies such as Big Data (BD) to improve decision-making and achieve environmental performance. The present study aims to provide a systematic literature review on the applications and outcomes of big data in the field of Green Supply Chain management and to gain a comprehensive understanding of the current perspectives of this technology, its analysis techniques and its application. These topics were developed reviewing 30 papers published between 2011 and 2022 to address the questions of interest and application of big data within GSCM. The study identified the importance of the human factor as a catalyst to overcome the challenges of implementing BD in GSCM and improving decision-making across the GSCM. As a result, the study allows decision makers in organisations to consider BD as an opportunity for the development of their environmentally friendly practices for each activity in the supply chain including as production, logistics, green human resource management and procurement departments.",SemanticScholar,FOUND
Dynamic mapping of design elements and affective responses: a machine learning based method for affective design,"G Q Huang, Z Li, Z G Tian, J W Wang, W M Wang",Journal of Engineering Design,29.0,7,p358 - p380,2018,10.1080/09544828.2018.1471671,06-May-2018,https://doi.org/10.1080/09544828.2018.1471671,1323.0,52.0,,,NOT_FOUND
Organisational project evaluation via machine learning techniques: an exploration,"Moshe Goresh, Yuval Lib, Roger McHaney, Iris Reychav, Hanoch Sapoznikov, Alon Yaakobi, Lin Zhu",Journal of Business Analytics,2.0,2,p147 - p159,2019,10.1080/2573234x.2019.1675478,11-Oct-2019,https://doi.org/10.1080/2573234x.2019.1675478,494.0,7.0,"This study explores ways an organisation can save time; review all proposed innovative, internal ideas; and, identify relevant start-up companies able to bring these ideas to fruition within a knowledge management framework. It uses text-mining techniques, including Python for data extraction and manipulation and topic modelling with Latent Dirichlet Allocation and Jaccard similarity indexes as a basis for evaluation of potentially valuable project ideas. Results show that internal organisational project ideas can be automatically matched with external data regarding potential implementation partners using big data knowledge management approaches. This ensures internal ideas are not overlooked or lost, but rather considered further so potentially profitable and viable opportunities are not missed. Increased use of big data to predict innovation and add value opens new channels to utilise text analysis in organisations and ensure internal innovation through a sustainable knowledge management approach.",SemanticScholar,FOUND
The future of knowledge management: an agenda for research and practice,"John Edwards, Antti Lönnqvist",Knowledge Management Research & Practice,21.0,5,p909 - p916,2023,10.1080/14778238.2023.2202509,19-Sep-2023,https://doi.org/10.1080/14778238.2023.2202509,8446.0,24.0,"This paper proposes a research agenda for knowledge management research and practice. To do this, it first reviews selected past knowledge management activity, especially that published in KMRP, including descriptions, predictions, initiatives and other research agendas. This merges into a consideration of the current states of knowledge management literature and knowledge management practice, and some issues that need to be taken into account for the future. These are used to synthesise an agenda whose key feature is research on practice, not just research and practice.",SemanticScholar,FOUND
Big data analytics in healthcare: a systematic literature review,"Amandeep Dhir, A K M Najmul Islam, Sayantan Khanra, Matti Mäntymäki",Enterprise Information Systems,14.0,7,p878 - p912,2020,10.1080/17517575.2020.1812005,12-Oct-2020,https://doi.org/10.1080/17517575.2020.1812005,41563.0,236.0,"The current study performs a systematic literature review (SLR) to synthesise prior research on the applicability of big data analytics (BDA) in healthcare. The SLR examines the outcomes of 41 studies, and presents them in a comprehensive framework. The findings from this study suggest that applications of BDA in healthcare can be observed from five perspectives, namely, health awareness among the general public, interactions among stakeholders in the healthcare ecosystem, hospital management practices, treatment of specific medical conditions, and technology in healthcare service delivery. This SLR recommends actionable future research agendas for scholars and valuable implications for theory and practice.",SemanticScholar,FOUND
Big Data in Food: Systematic Literature Review and Future Directions,"Debarun Chakraborty, Sangeeta Khorana, Sunil Luthra, Nripendra P Rana, Hari Babu Singu",Journal of Computer Information Systems,63.0,5,p1243 - p1263,2023,10.1080/08874417.2022.2132428,19-Oct-2022,https://doi.org/10.1080/08874417.2022.2132428,1484.0,30.0,"The growing importance of Big Data in the food industry enables businesses to leverage information to gain a competitive advantage. This paper provides a systematic literature review (SLR) to provide an insight into the use of state-of-art of Big Data applications in the food industry. The SLR relies on available literature that provides the context, theoretical construct and identifies gaps. Based on the findings, we suggest recommendations, identify limitations and suggest policy implications and future directions. Using search databases were examined and 38 relevant studies were identified for retrospective analysis. The review shows that Big Data supports the food industry in ways that enable using Artificial Intelligence to manage restaurants and mobile based applications in supporting consumers with restaurant selection. This SLR open new avenues for future research in the importance of Big Data in the food industry, which will surely help researchers/practitioners in effective utilization of Big DataBig Data.",SemanticScholar,FOUND
Digital technologies and knowledge management in project context: a systematic literature review,"Luciano Ferreira da Silva, Paulo Sérgio Gonçalves de Oliveira, Raimundo José Lopes Gomes, Priscila Rezende da Costa",Knowledge Management Research & Practice,23.0,6,p749 - p764,2025,10.1080/14778238.2024.2419894,04-Nov-2024,https://doi.org/10.1080/14778238.2024.2419894,700.0,18.0,"This article aims to identify how Digital Technologies (DTs) are used in Knowledge Management (KM) in the context of Project Management (PM). A systematic literature review was adopted where 1,554 articles were analysed from Web of Science, and 105 articles were selected for detailed investigation. The articles were categorized by themes and their content was analysed qualitatively, although some quantitative frequency measurements were implemented, including using VOSViewer. The results showed that, especially in the last 4 years, DTs, KM, and PM were treated together with greater relevance. It was identified in the articles that DTs categories used in KM are Industry 4.0, Technological Capacity, Cloud Computing, Big Data, Internet of Things (IoT), Artificial Intelligence, Other Technologies (e.g. Virtual Reality, Augmented Reality, Blockchain, etc.). Furthermore, it was possible to identify how these DTs categories and, mainly, their technological components influence KM, promoting impact in projects context. Thus, this article offers perspectives and solutions to advance understanding the usage of technological components in KM flow to promote impact in projects context.",SemanticScholar,FOUND
Big data contributions to human resource management: a systematic review,"José Garcia-Arroyo, Amparo Osca",The International Journal of Human Resource Management,32.0,20,p4337 - p4362,2021,10.1080/09585192.2019.1674357,09-Oct-2019,https://doi.org/10.1080/09585192.2019.1674357,14433.0,108.0,"Big Data (BD) has become a valuable resource for companies. Publications on BD have grown enormously but scholarly work is scarce. The present review aims to systematise the academic inputs so far and to clarify what is the novelty of BD, what are its implications and challenges for HRM practices, and in which HR practice systems the main contributions are. In a systematic search of more than 1,500 documents, we found 41 articles studying BD in Human Resource Management (HRM). Results show that BD means a new approach and methodology to manage data on employees and numerous opportunities for HRM, but also important challenges at a technological, methodological and ethical level. Five main clusters of HR practice systems have been identified, concentrating the largest number of papers in the cluster of information, learning and knowledge and in the cluster of strategy, efficiency and performance, suggesting a trend in the studies that is explained by the nature and characteristics of the BD. The steps to carry out BD projects are described. The main contributions of the BD in each area are described and future research avenues are outlined.",SemanticScholar,FOUND
Generative artificial intelligence and organizational knowledge management: four alternative configurations,"Henri Hussinki, Patrick Mikalef, Paavo Ritala",Knowledge Management Research & Practice,,,p1 - p16,5187,10.1080/14778238.2026.2689386,17-Jun-2026,https://doi.org/10.1080/14778238.2026.2689386,1663.0,1.0,,,NOT_FOUND
Big data analytics and enterprises: a bibliometric synthesis of the literature,"Amandeep Dhir, Sayantan Khanra, Matti Mäntymäki",Enterprise Information Systems,14.0,6,p737 - p768,2020,10.1080/17517575.2020.1734241,17-Mar-2020,https://doi.org/10.1080/17517575.2020.1734241,2700.0,201.0,"Understanding the developmental trajectories of big data analytics in the corporate context is highly relevant for information systems research and practice. This study presents a comprehensive bibliometric analysis of applications of big data analytics in enterprises. The sample for this study contained a total of 1727 articles from the Scopus database. The sample was analyzed with techniques such as bibliographic coupling, citation analysis, co-word analysis, and co-authorship analysis. Findings from the co-citation analysis identified four major thematic areas in the extant literature. The evolution of these thematic areas was documented with dynamic co-citation analysis.",SemanticScholar,FOUND
Exploring success variables of knowledge management for enhanced organisational performance: an integrated framework,Samsul Alam,Knowledge Management Research & Practice,,,p1 - p29,5187,10.1080/14778238.2025.2550304,26-Aug-2025,https://doi.org/10.1080/14778238.2025.2550304,528.0,5.0,,,NOT_FOUND
The augmentation of Knowledge Management through Industry 4.0: case of Aviation sector of emerging economy,"Syed Ahsan Ali Zaman, Miao Miao, Cristian Garcia Rodriguez, Arooba Zafar, Syed Imran Zaman",Knowledge Management Research & Practice,20.0,6,p893 - p912,2022,10.1080/14778238.2022.2113345,15-Oct-2022,https://doi.org/10.1080/14778238.2022.2113345,1008.0,15.0,"This research examines critical elements of knowledge management and industry 4.0 that assist human resources in the air transport industry. In addition, we look at the essential components that connect the divide between Industry 4.0 and knowledge management. This paper uses the Grey- DEMATEL technique to comprehend the cause-and-effect factors and their interrelationships. A seven-scale ranking, and sensitivity analysis was further applied for better results. It was observed from the findings that information sharing (F15) was the most significant factor for the aviation sector as the causal factor was ranked as the top criterion. Joint knowledge creation (F15) was ranked as the second topmost criteria as effect factor. E-learning (F9) is the third-ranking effect factor. This paper showed that information sharing assists in management performance and efficiency performance in the aviation sector.",SemanticScholar,FOUND
"After the hype: revisiting Big Data as a management fashion, 2016-2025","Dag Øivind Madsen, Tonny Stenheim",Cogent Business & Management,13.0,1,,2026,10.1080/23311975.2026.2654847,17-Apr-2026,https://doi.org/10.1080/23311975.2026.2654847,1482.0,0.0,,,NOT_FOUND
A look back and a leap forward: a review and synthesis of big data and artificial intelligence literature in hospitality and tourism,"Dogan Gursoy, Hui Lv, Si Shi",Journal of Hospitality Marketing & Management,31.0,2,p145 - p175,2022,10.1080/19368623.2021.1937434,06-Jul-2021,https://doi.org/10.1080/19368623.2021.1937434,6127.0,140.0,"In reaction to the growing attention paid to big data and artificial intelligence in hospitality and tourism research, we systematically reviewed 270 relevant studies to identify topical themes and trends. We first briefly reviewed the emergence definition of big data. Next, we introduced the methodology of literature collection and presented results of bibliometric analysis. Then, we identified types of big data used and the application of artificial intelligence in big data usage in hospitality and tourism research, followed by unveiling major themes of big data and artificial intelligence research in extant literature such as forecasting, industry development, marketing, performance analysis, consumer behaviors, attitudes, and so on. In addition, implications and challenges of applying big data and artificial intelligence in hospitality and tourism research and new directions for future research are identified. Finally, we discuss limitations of our review, proposing future research directions for scholars.",SemanticScholar,FOUND
"Next generation integrated smart manufacturing based on big data analytics, reinforced learning, and optimal routes planning methods","Hanying Li, Dongtao Lin, Chang Liu, Jiawei Liu, Yuwei Tang",International Journal of Computer Integrated Manufacturing,32.0,9,p820 - p831,2019,10.1080/0951192x.2019.1636412,30-Jun-2019,https://doi.org/10.1080/0951192x.2019.1636412,887.0,34.0,"In this study, Big Data Analytics has been applied to implement smart manufacturing services performed by local commercial laundry Small and Medium Sized Enterprises (SMEs), which, to be specific, is called Smart Laundry Services (SLSs). This laundry service first uses traffic big data inputs from the City Traffic monitoring Server and abstract patterns to develop dynamic optimal scheduling routes for logistic terminals after taking pick-up orders from hotel supply managers. On the other hand, the laundry floor, which isfor fully automatic operation through integrated smart manufacturing with reinforced learning algorithms, will automatically classify the arriving orders according to the Radio Frequency Identification (RFID) tags on the orders, which contain data for each order such as material type, forbidden policies, detergent suggestion, and other relevant specifications. The orders are immediately processed and assigned to a laundry terminal with least waiting time and with optimal laundry parameters learned by the algorithm. The processed orders are then shipped back to the hotels by static scheduling routes with the optimal patterns estimated from real-time traffic big data. The entire operation, from initial orders to dropping back orders, are monitored by hotel supply managers and laundry SMEs’ personnel on their computers or mobile devices such as cell phones via an APP. As a result, this proposed integrated Smart Manufacturing architecture characterized with cutting-edge technologies such as big data analytics and intelligent production will make the commercial laundry SMEs more competitive in local markets.",SemanticScholar,FOUND
Big data and artificial intelligence in the fields of accounting and auditing: a bibliometric analysis,"María A Agustí, Manuel Orta-Pérez",Spanish Journal of Finance and Accounting / Revista Española de Financiación y Contabilidad,52.0,3,p412 - p438,2023,10.1080/02102412.2022.2099675,22-Jul-2022,https://doi.org/10.1080/02102412.2022.2099675,6690.0,53.0,"The importance of Big Data and Artificial Intelligence in the fields of accounting and auditing is beyond doubt. However, to date, the influence of these technologies on these fields has yet to be uncovered, and the works that have analysed such influence are still scarce. In an attempt to describe the development of this research trend and to understand its future directions of development, this article develops a bibliometric analysis to identify the different research fronts associated with this emerging topic. Using co-word and bibliographic coupling techniques, this paper aims to expand and extend the knowledge on this research line, to describe the evolution of publication activity, and to identify the most representative authors and journals. The paper also offers insights into potential new directions and declining perspectives, while summing up the most relevant literature within a specific area.",SemanticScholar,FOUND
The impact of hard and soft components of big data analytics capabilities on entrepreneurial orientation,"Francesco Ciampi, Fabrizio Cipollini, Jeffrey Covin, Manjul Gupta, Sohvi Heaton, Satish Nambisan",European Journal of Information Systems,35.0,3,p451 - p484,2026,10.1080/0960085x.2025.2577688,14-Nov-2025,https://doi.org/10.1080/0960085x.2025.2577688,656.0,3.0,"Big data analytics capability (BDAC) is considered an aggregation of various types of firm-level resources. While BDAC’s impact on firm performance is well established in the literature, its effect on entrepreneurial orientation is an emerging area of research. This study first categorizes several BDAC resources into soft and hard components. Then, it examines whether these two big data components impact a firm’s entrepreneurial orientation differently across its three dimensions: proactiveness, innovativeness, and risk-taking. This study further investigates the extent to which proactive social media market orientation mediates the relationship between BDAC and the enactment of entrepreneurial orientation. Based on data from 253 British firms, the findings from combined PLS-SEM and fsQCA analyses offer broad support for a contextual view of the value of big data for entrepreneurship in the social media-induced digital era, thereby making a significant theoretical and practical contribution to the field of information systems.",SemanticScholar,FOUND
Leveraging artificial intelligence and machine learning analytics for development effectiveness: a comprehensive approach to extract insights from project data,"Bia Carneiro, Giovanni Cerulli, Alessandra Garbero, Giuliano Resce",Journal of Development Effectiveness,17.0,1,p71 - p100,2025,10.1080/19439342.2024.2361008,23-Aug-2024,https://doi.org/10.1080/19439342.2024.2361008,398.0,2.0,"In the normal course of business, international development institutions investing in development projects generate thousands of project-related documents summarising and analysing each aspect of their policymaking processes and policy lifecycles from design and financing through implementation performance and ultimately project/policy outputs, outcomes and effectiveness-related data. Moreover, institutions’ internal processes for quality assurance, monitoring and results measurement systems generate quantitative and qualitative primary and secondary data that can be employed to extract insights about lessons learned, internal decision-making processes, business model changes and project and portfolio performance. Resource and time constraints, however, result in the underutilisation of these valuable data sources for knowledge management, planning, evaluation and analysis. Specifically, qualitative insights housed in project documents remain largely inaccessible and cannot be employed systematically in combination with other quantitative data, in a unified framework. This article explores how machine learning can accelerate knowledge generation and management and aid results-based decision-making in line with development institutions’ existing development effectiveness frameworks through two main channels. The first leverages project documentation for historical portfolio systematisation to extract key strategic topics as well as lessons learned through the application of techniques such as text mining and topic modelling. The second proposes an agency-based system for predictive analytics, which analyses current and historical data to make predictions about future outcomes or trends to strengthen data-driven decision-making.",SemanticScholar,FOUND
Big Data: a loop or a challenge for human morality: mapping Russian tradition in philosophy and methodology,"Anna Kostikova, Alexander Segal, Galina Sorina, Sergey Spartak",Russian Journal of Communication,9.0,3,p252 - p262,2017,10.1080/19409419.2017.1376533,09-Jan-2018,https://doi.org/10.1080/19409419.2017.1376533,103.0,1.0,,,NOT_FOUND
"Big Data in Social Welfare: The Development of a Critical Perspective on Social Work's Latest ""Electronic Turn""","Philip Gillingham, Timothy Graham",Australian Social Work,70.0,2,p135 - p147,2017,10.1080/0312407x.2015.1134606,16-Mar-2016,https://doi.org/10.1080/0312407x.2015.1134606,3308.0,53.0,,,NOT_FOUND
Revealing deeper relationships between knowledge management leadership and organisational performance: a meta-analytic study,"Aino Kianto, Gang Liu, Eric Tsui",Knowledge Management Research & Practice,20.0,2,p251 - p265,2022,10.1080/14778238.2021.1970492,05-Sep-2021,https://doi.org/10.1080/14778238.2021.1970492,1117.0,18.0,"Many empirical studies have tried to investigate the relationship between knowledge management (KM) leadership and organisational performance; however, the findings of such studies have been inconsistent. In response to this, we apply a meta-analysis technique to systematically assess the existing pool of empirical research results and derive conclusions. We also examine the impacts of contextual moderators, such as national culture, economy, and industry, on the KM leadership–organisational performance relationships. The findings, stemming from 6,272 research subjects making up 22 studies, demonstrate that KM leadership is positively associated with the overall (financial and non-financial) performance of firms. Specifically, it was found that the KM leadership–non-financial performance relationship is strengthened in collective cultures, developing economies, and the manufacturing industry. This paper is the first meta-analytic study concerning KM leadership and organisational performance, producing new understanding of contextual factors in the KM field.",SemanticScholar,FOUND
Big data and organizational design - the brave new world of algorithmic management and computer augmented transparency,Henri Schildt,Innovation,19.0,1,p23 - p30,2017,10.1080/14479338.2016.1252043,08-Nov-2016,https://doi.org/10.1080/14479338.2016.1252043,24679.0,148.0,"Big data and sophisticated algorithms enable software to handle increasingly complex tasks, such as detecting fraud, optimizing logistics routes, and even driving cars. Beyond technical tasks, algorithms enable new ways to organize work. In this article, I suggest a distinction of optimizing-oriented and open-ended systems leveraging big data and examine how they are shaping organizational design. The optimizing-oriented systems, typically based on numerical data, enable smarter control of well-defined tasks, including algorithmic management of human work. Open-ended systems, often based on textual data or visualizations, can provide answers to a broad range of managerial questions relevant to effective organizing, thereby enabling smarter and more responsive definition of tasks and allocation of resources and effort. Algorithms processing conversations that naturally take place in organizations can form ‘computer augmented transparency’, creating a host of potential benefits, but also threats. These developments are leading to a wave of innovation in organizational design and changes to institutionalized norms of the workplace.",SemanticScholar,FOUND
View of IJPR contributions to knowledge management in supply chains,David L Olson,International Journal of Production Research,56.0,1-2,p733 - p742,2018,10.1080/00207543.2017.1398427,13-Nov-2017,https://doi.org/10.1080/00207543.2017.1398427,736.0,17.0,,,NOT_FOUND
Application of machine learning algorithm in the sheet metal industry: an exploratory case study,"Timo Kankaanpaa, Hoang Nguyen, Huy Nguyen, Ahm Shamsuzzoha",International Journal of Computer Integrated Manufacturing,35.0,2,p145 - p164,2022,10.1080/0951192x.2021.1972469,03-Sep-2021,https://doi.org/10.1080/0951192x.2021.1972469,7365.0,13.0,"This study solved a practical problem in a case in the sheet metal industry using machine learning and deep learning algorithms. The problem in the case company was related to detecting the minimum gaps between components, which were produced after the punching operation of a metal sheet. Due to the narrow gaps between the components, an automated sheer machine could not grip the rest of the sheet skeleton properly after the punching operation. This resulted in some of the scraped sheet on the worktable being left behind, which needed a human operator to intervene. This caused an extra trigger to the production line that resulted in a break in production. To solve this critical problem, the relevant images of the components and the gaps between them were analyzed using machine learning and deep learning techniques. The outcome of this study contributed to eliminating the production bottleneck by optimizing the gaps between the punched components. This optimization process facilitated the easy and safe movement of the gripper machine and contributed to minimizing the sheet waste.",SemanticScholar,FOUND
Knowledge management for innovation in agri-food systems: a conceptual framework,"Andrea Gardeazabal, Bram Govaerts, Jon Hellin, Molly M Jahn, Tobias Lunt, Nele Verhulst",Knowledge Management Research & Practice,21.0,2,p303 - p315,2023,10.1080/14778238.2021.1884010,23-Feb-2021,https://doi.org/10.1080/14778238.2021.1884010,19778.0,81.0,"Knowledge is a critical enabling factor for healthy agri-food innovation systems (AIS). AIS and related knowledge management (KM) frameworks face significant implementation challenges. We review applications of KM to AIS, the current state of the art and shortcomings and present a new KM framework, Agricultural Knowledge Management for Innovation (AKM4I). Previous agricultural KM frameworks do not integrate innovation pragmatically, use linear, reductionist, top-down pathways to innovation, and do not explicitly incorporate issues of power, politics, ownership, and trust when combining scientific and local knowledge across multiple stakeholders. The AKM4I framework addresses systemic interactions favouring innovation outcomes by formalising flows and management of information and knowledge between diverse sets of stakeholders; and explicitly considering previously unresolved practical and relational barriers aiming to facilitate more equitable, rapidly evolving, and actionable knowledge generation and management for innovation and transformational change. An agricultural case study serves as an example of the implementation of AKM4I.",SemanticScholar,FOUND
Measuring Customer Agility from Online Reviews Using Big Data Text Analytics,"Qianzhou Du, Weiguo Fan, Zhilei Qiao, G Alan Wang, Xiangbin Yan, Shihao Zhou",Journal of Management Information Systems,35.0,2,p510 - p539,2018,10.1080/07421222.2018.1451956,15-May-2018,https://doi.org/10.1080/07421222.2018.1451956,4822.0,148.0,,,NOT_FOUND
A design knowledge management model for civil aircraft cabin based on Markov Logic Networks,"Dengkai Chen, Yanhao Chen, Fangmin Cheng, Jianjie Chu, Zhuo Liu, Ning Ma, Yahui Wang, Suihuai Yu",International Journal of Computer Integrated Manufacturing,33.0,7,p732 - p750,2020,10.1080/0951192x.2019.1699253,09-Dec-2019,https://doi.org/10.1080/0951192x.2019.1699253,423.0,4.0,"Traditional civil aircraft manufacturing enterprises are experiencing transformation from providing products to providing the civil aircraft services based on the entire life cycle. In the process of transformation and upgrading, a well-developed knowledge management system is crucial to support the rapid and agile development of enterprises, fast delivery of orders and increase in brand awareness. However, in the research area of civil aircraft design knowledge management and related computer integrated manufacturing systems, there is a lack of investigation into knowledge modelling, management frameworks and methods of civil aircraft product design, which are vital in modern digitised manufacturing systems. Therefore, this research puts forward a design knowledge management (DKM) model for civil aircraft cabin, which is based on the analysis of design knowledge flow patterns among users, decision makers, designers and engineers. The authors have established the mapping model between historical design cases and new civil aircraft cabin design, and have built a Markov Logic Networks based design knowledge management framework which integrated time series into DKM systems to increase the accuracy and availability of knowledge matching. Finally, the specific application of the Markov Logic Networks-based knowledge management software platform is proposed.",SemanticScholar,FOUND
Detection of financial rumors using big data analytics: the case of the Bombay Stock Exchange,"Indranil Bose, Adrija Majumdar",Journal of Organizational Computing and Electronic Commerce,28.0,2,p79 - p97,2018,10.1080/10919392.2018.1444337,26-Mar-2018,https://doi.org/10.1080/10919392.2018.1444337,1825.0,19.0,,,NOT_FOUND
Modeling and prediction fire evolution in Building engineering: a knowledge graph and machine learning approach,"Lifang Huang, Mei Jiang, Hui Xu, Qilin Zhou",Journal of Asian Architecture and Building Engineering,,,p1 - p24,5187,10.1080/13467581.2025.2603751,25-Dec-2025,https://doi.org/10.1080/13467581.2025.2603751,656.0,0.0,,,NOT_FOUND
Big data analytics and the use of artificial intelligence in the services industry: a meta-analysis,"Shakeb Akhtar, Isaac Cheah, Samer Elhajjar, Wagner Junior Ladeira, Tareq Rasul, Fernando de Oliveira Santini, Naveed Yasin",The Service Industries Journal,44.0,15-16,p1117 - p1144,2024,10.1080/02642069.2024.2374990,14-Jul-2024,https://doi.org/10.1080/02642069.2024.2374990,10106.0,28.0,"Big data analytics have impacted nearly every service industry in the last decade. Furthermore,using artificial intelligence in big data analytics has introduced a new trend, resulting in different performance types, e.g. sales, marketing, innovation, organizational, financial, and operational. A systematic review of the empirical results from publications addressing big data analytics in the services industry becomes necessary to understand these performances better. Based on this rationale, this study conducted a meta-analysis to identify the relevant dimensions of big data analytics and evaluate artificial intelligence as a potential moderator of its effects on service performance. The results demonstrate that environmental dynamism, resources and capabilities, and competitive pressure drive big data analytics adoption. Environmental dynamism, followed by resources and capabilities, has greater effects on adopting big data analytics. The findings suggest that adopting big data analytics powered by artificial intelligence enhances service performance more than adopting big data analytics without using artificial intelligence.",SemanticScholar,FOUND
Knowledge management based collaboration moderator services to support SMEs in virtual organizations,"Alok K Choudhary, Jennifer A Harding, Ravi Shankar, Manoj K Tiwari",Production Planning & Control,30.0,10-12,p951 - p970,2019,10.1080/09537287.2019.1582102,30-Jun-2019,https://doi.org/10.1080/09537287.2019.1582102,511.0,10.0,"Collaboration Moderator Services (CMS) are discussed as a Knowledge management service for SMEs operating in a virtual organization (VO). In this research, a CMS supports the pre-creation stage of a VO by quickly identifying potential business opportunities and collaborative partners. Text mining techniques are used to analyze calls for tender documents based on the competencies and areas of interest stored in the shared information about companies in a collaboration pool. A case study of UK-based SMEs demonstrates the application of text mining as a knowledge discovery tool, supporting SMEs at the pre-creation stage of a VO. Results show that text mining can be used to (1) identify possible business opportunities for SMEs in the collaborative network (2) Indicate potential collaborations between pairs of SMEs using link analysis and (3) Raise awareness of business opportunities and possible SME partners for multi-enterprise collaborations using a dimensional matrix.",SemanticScholar,FOUND
"Big data, little wisdom: trouble brewing? Ethical implications for the information systems discipline","Ali Intezari, David J Pauleen, David Rooney",Social Epistemology,31.0,4,p400 - p416,2017,10.1080/02691728.2016.1249436,17-Nov-2016,https://doi.org/10.1080/02691728.2016.1249436,1215.0,8.0,,,NOT_FOUND
Evolution and integration in customer knowledge management: a twenty-four-year review through the TCCM lens,"Kartikeya Bolar, Arunima K. V., Bindu Nambiar",Knowledge Management Research & Practice,,,p1 - p13,5187,10.1080/14778238.2026.2631088,12-Feb-2026,https://doi.org/10.1080/14778238.2026.2631088,1249.0,0.0,,,NOT_FOUND
"Big data analytics capability, marketing agility, and firm performance: a conceptual framework","Joel Mero, Mika Skippari, Mikko Vesterinen",Journal of Marketing Theory and Practice,33.0,2,p310 - p330,2025,10.1080/10696679.2024.2322600,01-Mar-2024,https://doi.org/10.1080/10696679.2024.2322600,13721.0,48.0,"This study proposes that the proficient use of big data enables organizations to respond swiftly to market opportunities and threats, leading to positive business outcomes. Drawing on research from marketing, information technology, and management, the study builds a conceptual framework that outlines the relationships between big data analytics capability, marketing agility, and firm performance and pinpoints the contingencies that shape these relationships. While highlighting the importance of agility in harnessing big data for a firm’s success, the study offers avenues for further research and valuable insights for managers looking to invest in big data.",SemanticScholar,FOUND
The current state of big data analytics research in marketing: A systematic review using TCCM approach,Christine Ye,Journal of Global Scholars of Marketing Science,34.0,3,p393 - p415,2024,10.1080/21639159.2023.2275792,22-Mar-2024,https://doi.org/10.1080/21639159.2023.2275792,459.0,5.0,"There has been an explosive interest in big data analytics among marketing academics. Despite the growing scholarly interest, there has been a lack of effort in reviewing the past studies on this topic. Based on bibliometric analyses and drawing on the Theory-Context-Characteristics-Methods (TCCM) framework, the current study provides a comprehensive understanding of the common theories, contexts (i.e. industries and countries), characteristics (i.e. key variables and their relationships), and methods (i.e. research methods and analytical techniques) employed in this research domain. Through a systematic review of 64 articles, four distinct themes were identified. Analyses also revealed a general divide in findings between studies that used different research methodologies (i.e. big data vs. traditional method). The current research concludes with implications and directions for future research.",SemanticScholar,FOUND
"The transformation of quality in the digital age: integrating AI and big data with problem-solving frameworks, methodologies, and tools","Zhen He, Man Li, J Ravikant, Marco S Reis, Pedro M Saraiva, Wan Seon Shin, Fugee Tsung",Quality Technology & Quantitative Management,,,p1 - p30,5187,10.1080/16843703.2026.2683972,13-Jun-2026,https://doi.org/10.1080/16843703.2026.2683972,132.0,0.0,,,NOT_FOUND
How does big data analytics capability affect firm performance? Unveiling the role of organisational resilience and environmental dynamism,"Jiabao Lin, Xin Robert Luo, Shaowu Wu",European Journal of Information Systems,34.0,3,p502 - p528,2025,10.1080/0960085x.2024.2375262,08-Jul-2024,https://doi.org/10.1080/0960085x.2024.2375262,2940.0,39.0,"In a dynamic environment, organisations are increasingly compelled to utilise big data analytics (BDA) to develop organisational resilience, which will help them weather disruptions and gain competitiveness. By investigating 213 Chinese firms across a diverse array of industries, this study seeks to uncover the mechanisms and boundary conditions through which BDA capability affects firm performance. Drawing on the organisational capabilities-based theory and information technology-enabled organisational capabilities perspective, we both theoretically and empirically verify that two types of organisational resilience (i.e., proactive resilience and reactive resilience) mediate the relationship between BDA capability and firm performance. Our findings reveal that environmental dynamism positively moderates the impact of BDA capability on reactive resilience and strengthens the positive mediation effect of reactive resilience on the relationship between BDA capability and firm performance. This study contributes to the information systems literature by theoretically and empirically clarifying the pivotal roles of proactive resilience and reactive resilience as mediating mechanisms and by describing the contingent effect of environmental dynamism on the relationship between BDA capability and performance. The results provide new insights into how managers deploy BDA to achieve superior performance in a dynamic environment.",SemanticScholar,FOUND
The impact of big data analytics capability on dual innovation: the mediating role of supply chain agility,"Taiwen Feng, Yanni Gao, Wenbo Jiang, Lifang Wang",Technology Analysis & Strategic Management,38.0,9,p1549 - p1564,2026,10.1080/09537325.2025.2518565,13-Jun-2025,https://doi.org/10.1080/09537325.2025.2518565,294.0,2.0,"Dual innovation is essential for firms to avoid low-efficiency returns and competence traps in today’s volatile market. Despite recent evidence linking big data analytics capability with firm-level innovation, we still know little about the effective information processing mechanisms to improve firms’ dual innovation. Drawing on organisational information processing theory, this study explores how big data analytics capability affects dual innovation via supply chain agility and the moderating role of market volatility. We used survey and patent data from 204 Chinese manufacturing firms to examine the developed hypotheses. Our results show that big data analytics capability improves dual innovation partially through supply chain agility (i.e. supplier, operational, and customer agility). In addition, market volatility amplifies the positive effects of big data analytics capability on supplier and operational agility. However, it does not significantly affect the impact of big data analytics capability on customer agility. This study contributes to the innovation literature by revealing supply chain agility as a mediating channel between big data analytics capability and dual innovation. It also extends the organisational information processing theory by foregrounding the roles of big data analytics capability and market volatility in shaping supply chain agility.",SemanticScholar,FOUND
Investments in big data analytics and firm performance: an empirical investigation of direct and mediating effects,"Elisabetta Raguseo, Claudio Vitari",International Journal of Production Research,56.0,15,p5206 - p5221,2018,10.1080/00207543.2018.1427900,29-Jan-2018,https://doi.org/10.1080/00207543.2018.1427900,4503.0,174.0,,,NOT_FOUND
"Teaching and learning of industry 4.0: expectations, drivers, and barriers from a knowledge management perspective","Paulo A Cauchick Miguel, Enzo Frazzon, Maneesh Kumar, Alberto Portioli-Staudacher, Guilherme Tortorella",Knowledge Management Research & Practice,21.0,4,p876 - p891,2023,10.1080/14778238.2022.2088418,22-Jul-2022,https://doi.org/10.1080/14778238.2022.2088418,471.0,2.0,"This paper aimed at (i) identifying the expectations, drivers, and barriers for the teaching and learning in Industry 4.0 (I4.0), and (ii) verifying how they contribute to the knowledge management (KM) in I4.0. For that, we carried out an exploratory, qualitative study in which we collected data through semi-structured interviews with 21 graduate students who coursed an I4.0 48-hour subject in an Industrial Engineering graduate programme. In the content analysis of these data, we framed the identified commonalities according to the four main KM activities: creation, retrieval, transfer, and application. We identified four main drivers, expectations and barriers for teaching and learning I4.0. Results also indicated that those expectations, drivers, and barriers might be related to each other, concurrently affecting more than one KM activity. These results supported the formulation of four propositions for future theory testing and validation, raising the awareness of instructors and lecturers regarding those aspects.",SemanticScholar,FOUND
The Effect of Big Data and Analytics on Firm Performance: An Econometric Analysis Considering Industry Characteristics,"Maria Fay, Oliver Müller, Jan Vom Brocke",Journal of Management Information Systems,35.0,2,p488 - p509,2018,10.1080/07421222.2018.1451955,15-May-2018,https://doi.org/10.1080/07421222.2018.1451955,10419.0,418.0,,,NOT_FOUND
Bridging the theory-practice gap: a genealogical perspective on the most debated knowledge management challenges,"Erik Skov Madsen, Jessica Annalena Steppe, Patricia Wolf",Knowledge Management Research & Practice,23.0,3,p263 - p286,2025,10.1080/14778238.2024.2379922,27-Jul-2024,https://doi.org/10.1080/14778238.2024.2379922,3822.0,6.0,"To address the theory-practice gap in knowledge management research, we identify the most persistent knowledge management challenges and proposed solutions over the past three and a half decades (1991–2023). Based on a systematic literature review combining a bibliometric and a qualitative content analysis, we conceptualise a genealogic (evolutionary) model to map the historical development path of three reappearing root challenges: (1) organisational antecedents to implement a knowledge-sharing culture (2) use of ICT for knowledge transfer and (3) knowledge conversion. We find that while topics 1 and 2 are established topics, topic 3 constantly renews itself by merging with innovation-related research streams. Further, our analysis reveals the general principle that the theory-practice gap opens at the end of the inception phase of a new challenge theme. We conclude that implementing artificial intelligence in knowledge management processes and fostering knowledge creation for sustainable development are the key topics for future research.",SemanticScholar,FOUND
Harnessing sustainability: the role of organizational resilience and big data in product innovation of Malaysian technology firms,"Tat-Huei Cham, Hui-Ling Huang, WeiLee Lim, Siti Hamisah Tapsir, Yu Zhang",Asia Pacific Business Review,,,p1 - p29,5187,10.1080/13602381.2025.2507733,12-Jun-2025,https://doi.org/10.1080/13602381.2025.2507733,194.0,3.0,,,NOT_FOUND
Adoption of Big Data Analytics and Artificial Intelligence Among Hospitality and Tourism Companies: Perceive Performance Perspective,"Saif Ahmed, Mst Nilufar Ahsan, Husam Ahmad Kokash, Mohammad Masukujjaman, Syed Shah Alam",Journal of Quality Assurance in Hospitality & Tourism,,,p1 - p35,5187,10.1080/1528008x.2024.2442674,19-Dec-2024,https://doi.org/10.1080/1528008x.2024.2442674,821.0,19.0,,,NOT_FOUND
Proposing a maturity model for assessing Artificial Intelligence and Big data in the process industry,"Mohammadtaghi Falsafi, Rosanna Fornasiero, Lorenz Kiebler, Saskia Sardesai",International Journal of Production Research,63.0,4,p1235 - p1255,2025,10.1080/00207543.2024.2372840,09-Jul-2024,https://doi.org/10.1080/00207543.2024.2372840,7886.0,31.0,"Among digital technologies, Artificial Intelligence (AI) and Big Data (BD) have proven capability to support different processes, mainly in discrete manufacturing. Despite a number of AI and BD solutions and applications, no comprehensive assessment of their implementation is available for the Process Industry (i.e. cement, chemical and steel) and it is getting urgent to take into consideration specific operations. Grounding on literature and focus group interaction, this paper contributes to answering this gap by proposing a maturity model (MM) for AI and BD and assessing the current status of the application of these solutions in the process industry. Based on MMs available in the literature, a set of dimensions for the process industry has been identified and contextualised for assessing the level of maturity for AI and BD solutions. Results from applying the MM to a sample of European companies reveal that operations are supported by a relatively high level of maturity of AI and BD implementation with differences in the specific dimensions and operations where it is still necessary to invest. The MM can be used by companies both to self-assess and to benchmark with companies from the same or other sectors.",SemanticScholar,FOUND
Digital knowledge management effect on enterprise technological innovation: an empirical study from China's manufacturing industry,"Xianming Kuang, Bing Shao, Hui Wang",Technology Analysis & Strategic Management,37.0,11,p2240 - p2254,2025,10.1080/09537325.2024.2351926,11-May-2024,https://doi.org/10.1080/09537325.2024.2351926,534.0,11.0,"With digital technology permeating across the layers of businesses, digital knowledge management has emerged, transforming the means through which companies acquire, integrate, share, and innovatively apply knowledge. However, the specific impact of digital knowledge management on corporate technological innovation remains unclear. Based on dynamic capabilities theory, this study delves into how digital knowledge management influences corporate technological innovation. Analyzing data from manufacturing companies listed on the Shanghai and Shenzhen stock exchanges from 2007 to 2021, this study confirms that digital knowledge management significantly and positively affects corporate technological innovation by enhancing a company's absorptive capacity, adaptability, and innovation ability. Based on the findings, this study suggests that companies should leverage digital knowledge management to acquire and integrate external innovative resources, seek cooperation opportunities with external stakeholders, and jointly build a mutually beneficial innovation knowledge network, thereby boosting technological innovation capabilities. Additionally, companies should encourage employees to learn digital technologies and create a culture conducive to learning and innovation.",SemanticScholar,FOUND
The role of big data analytics for decision-making in projects: uses and challenges,"Clément Desgourdes, Jiwat Ram",Enterprise Information Systems,18.0,4,,2024,10.1080/17517575.2024.2317153,14-Feb-2024,https://doi.org/10.1080/17517575.2024.2317153,708.0,11.0,"The utility of big data analytics (BDA) for data-driven decision-making is growing. However, its role in project decision-making remains under-researched though data is used in every phase of projects. Addressing the gap, data collected through twenty-five interviews was analysed using NVivo. The results show that there is a sense of confusion about the scope and utility of BDA for decision-making in projects. While BDA facilitates transparency in decision-making by enabling consistent evaluation of information and aids decision-making across a variety of domains, including risk, procurement and fraud management, it can also be used to mask inaccuracies, leading to poor decisions.",SemanticScholar,FOUND
Machine learning in the prediction of formability in aluminum hot stamping process with multiple variable blank holder force,"Yong Li, Wei Lu, Yong Wu, Wenchao Xiao, Kailun Zheng",International Journal of Computer Integrated Manufacturing,36.0,5,p702 - p712,2023,10.1080/0951192x.2022.2128220,27-Sep-2022,https://doi.org/10.1080/0951192x.2022.2128220,417.0,18.0,"Multiple blank holders with variable blank holder forces is a promising method to effectively improve the formability of aluminum alloy for the hot stamping process. However, it introduces much more variables of holder forces in the process. The conventional simulation- or experiment-based methods cannot effectively analyze and optimize the hot stamping process. This paper provides a new way to solve this problem by utilizing the advantages of machine learning techniques. Finite element models (FEM) of hot stamping of a box-shaped part considering eight separate blank holders with varying forces were established first. Based on the model, 1000 sets of process parameters and corresponding hot stamping results were generated randomly to provide enough data. A machine learning model was then established to predict the maximum and minimum thickness of the stamped parts. Fourth, a convolutional neural network was established to predict the thickness variation distribution. The results showed that a series of optimal multiple variable blank holder forces were obtained to improve formability, and the machine learning models could accurately predict the thickness distribution. This technique provides an efficient tool in applying multiple blank holders with variable blank holder forces in the hot stamping process.",SemanticScholar,FOUND
Machine Learning: When Less Is More,Tom Murarik,Impact,2025.0,1,p27 - p30,2025,10.1080/2058802x.2025.2513144,30-Jun-2025,https://doi.org/10.1080/2058802x.2025.2513144,452.0,0.0,,,NOT_FOUND
Knowledge management in data-driven business models during the digital transformation of healthcare organisations,"Wei-Tsong Wang, Su-Ying Wu",Knowledge Management Research & Practice,21.0,5,p983 - p993,2023,10.1080/14778238.2023.2226409,18-Jun-2023,https://doi.org/10.1080/14778238.2023.2226409,1724.0,9.0,"With the rapid development of digital technologies and the outbreak of the COVID‐19, digital transformation (DT) has been accelerated. This appears to pose specific challenges to the medical field, leading to an inevitable trend towards DT in healthcare organisations. Determining how to develop strategies to master the substantial opportunities brought about by DT is a fundamental issue. Knowledge management (KM) is a key vehicle that can drive DT because it provides a solid foundation for organisational strategies and learning, and helping establish operational priorities. Using the operations of healthcare organisations in Taiwan as an example, this study discusses the challenges and opportunities faced by healthcare organisations related to DT based on data-driven business models, where the concept of KM, organisational agility (OA), and business models are integrated to develop a KM-OA-enabled DT conceptual framework intended to support DT implementation in healthcare organisations. This can serve as a foundation for future studies of DT",SemanticScholar,FOUND
Quantum machine learning a new frontier in smart manufacturing: a systematic literature review from period 1995 to 2021,"Bhaskar B Gardas, Angappa Gunasekaran, Vaibhav S Narwane, Pinyarat Sirisomboonsuk",International Journal of Computer Integrated Manufacturing,38.0,1,p116 - p135,2025,10.1080/0951192x.2023.2294441,20-Dec-2023,https://doi.org/10.1080/0951192x.2023.2294441,650.0,13.0,"Quantum machine learning can play an essential role in smart manufacturing applications. This paper aimed to understand the state of the art of quantum computing in machine learning and its role in smart manufacturing. A systematic literature review of 45 articles from 34 reputed journals from 1995–2021 was carried out. The study grouped documents into different categories and sub-categories for detailed analysis. The four broad categories, namely quantum neural network, quantum regression, quantum clustering, and quantum for smart manufacturing technologies, were studied. However, the analysis revealed that most studies belonged to the quantum neural network. Quantum for smart manufacturing is gaining the attention of researchers and practitioners, and developed countries such as the USA and China are leading towards the implementation of quantum machine learning for smart manufacturing. This study proposed a framework of quantum-integrated smart manufacturing and specified significant research gaps for future trends and directions. Also, valuable insights into quantum machine learning and its adoption for smart manufacturing have been offered.",SemanticScholar,FOUND
Big data analytics capability and strategic metrics for enhancing firm innovation: a PLS-SEM modelling approach,"Anas Hakeem, Wajih Khallouli, Nizar Raissi",Journal of Decision Systems,34.0,1,,2025,10.1080/12460125.2025.2486407,10-Apr-2025,https://doi.org/10.1080/12460125.2025.2486407,184.0,3.0,,,NOT_FOUND
Digital twin-driven supervised machine learning for the development of artificial intelligence applications in manufacturing,"Kosmas Alexopoulos, George Chryssolouris, Nikolaos Nikolakis",International Journal of Computer Integrated Manufacturing,33.0,5,p429 - p439,2020,10.1080/0951192x.2020.1747642,08-Apr-2020,https://doi.org/10.1080/0951192x.2020.1747642,6630.0,271.0,"Digital Twin (DT) implementations can contribute to smart manufacturing by integrating the physical and the cyber space. Artificial Intelligence (AI) applications based on Machine Learning (ML) are widely accepted as promising technologies in manufacturing. However, ML methods require large volumes of quality training datasets and in the case of supervised ML, manual input is usually required for labelling those datasets. Such an approach is expensive, prone to errors and labour as well as time-intensive, especially in a highly complex and dynamic production environment. DT models can be utilized for accelerating the training phase in ML by creating suitable training datasets as well as by automatic labelling via the simulation tools chain and thus alleviating user’s involvement during training. These synthetic datasets can be enhanced and cross-validated with real-world information which is not required to be extensive. A framework for implementing the proposed DT-driven approach for developing ML models is presented. The proposed framework has been implemented in an industrially relevant use case. The use case has provided evidence that the proposed concept can be used for training vision-based recognition of parts’ orientation using simulation of DT models, which in turn can be used for adaptively controlling the production process.",SemanticScholar,FOUND
"Connectivity, sport events, and tourism development of Mandalika's special economic zone: A perspective from big data cognitive analytics","Rezzy Eko Caraka, Prana Ugiana Gio, Yunho Kim, Maengseok Noh, Bens Pardamean, Anjar Dimara Sakti, Irwanda Wisnu Wardhana",Cogent Business & Management,10.0,1,,2023,10.1080/23311975.2023.2183565,13-Mar-2023,https://doi.org/10.1080/23311975.2023.2183565,5211.0,21.0,"This study examines the interplay of air connectivity, sports events, infrastructures, and fiscal support during the period 2017 and 2022 in a designated area called Special Economic Zone in Mandalika, Lombok Island, West Nusa Tenggara to boost tourism development in Indonesia by utilizing big data cognitive analytics. We examine the tourism development impacted by the MotoGP event in 2022 and air connectivity. Further, this paper discusses the network connectivity of flights at Zainuddin Abdul Madjid International Airport during the COVID-19 Pandemic and the new normal. We found that the combination of an international airport, globally recognized sports events, and government support has directly and positively improved the tourism industry’s performance in the country and especially within Lombok Island. We suggest policy recommendations to support economic activities in Mandalika’s Special Economic Zone and its hinterland to maintain business sustainability and utilize the existing infrastructures at the optimum level. Lessons learned from the Indonesian experience could help other developing countries that are devising policies and strategies to develop the tourism industry by employing proper instruments such as infrastructure, events, and fiscal policies.",SemanticScholar,FOUND
A Big Data Analytics-driven Lean Six Sigma framework for enhanced green performance: a case study of chemical company,"Amine Belhadi, Angappa Gunasekaran, Sachin S Kamble, Dileep Kumar M., Fatima Ezahra Touriki, Karim Zkik",Production Planning & Control,34.0,9,p767 - p790,2023,10.1080/09537287.2021.1964868,17-Aug-2021,https://doi.org/10.1080/09537287.2021.1964868,2270.0,70.0,"The advent of new technologies alongside the generation of the vast amount of data in the manufacturing processes makes Green Lean Six Sigma (GLSS) approaches very challenging. This paper presents a novel framework termed ‘BDA-GLSS’ that guides companies to effectively integrate Big Data Analytics (BDA) in GLSS to improve their environmental performance. The BDA-GLSS framework is validated using an industrial case study of a leading chemical company. The results suggest measurable benefits of the proposed framework in enhancing technological readiness, problem identification, and analysis with predictive capability. The BDA-GLSS guides the implementation of BDA techniques within the GLSS framework offering real-time quality control, event-based inspection, and predictive maintenance. The BDA-GLSS enhances the environmental capability, process performance and provides a new perspective for researchers and practitioners to support GLSS projects in achieving higher green performance.",SemanticScholar,FOUND
Insights from big Data Analytics in supply chain management: an all-inclusive literature review using the SCOR model,"Marc Barth, Samia Chehbi-Gamoura, David Damand, Ridha Derrouiche",Production Planning & Control,31.0,5,p355 - p382,2020,10.1080/09537287.2019.1639839,17-Jul-2019,https://doi.org/10.1080/09537287.2019.1639839,4956.0,122.0,"When supply chain management (SCM) intersects with Big Data Analytics (BDA), uncountable opportunities for research emerge. Unfortunately, how analytics can be applied to supply chain processes is still unclear for both academics and industries. To better connect SC processes needs and what BDA offer, we present a structured review of academic literature that addresses BDA methods in SCM using the supply chain operations reference (SCOR) model. The literature since 2001 is reviewed to provide a taxonomy framework resulting in a nomenclature grids and a SCOR-BDA matrix. The most important result of this paper indicates a clear disparity and points to an urgent need to bring the efforts closer in a collaborative way for more intelligent use of BDA in SCM. Furthermore, this paper highlights a misalignment between data scientists and SC managers in BDA applicability. It also highpoints upcoming research tracks and the main gaps that need to be stunned.",SemanticScholar,FOUND
Fusing algorithms and analysts: open-source intelligence in the age of 'Big Data',"Christopher Eldridge, Christopher Hobbs, Matthew Moran",Intelligence and National Security,33.0,3,p391 - p406,2018,10.1080/02684527.2017.1406677,13-Dec-2017,https://doi.org/10.1080/02684527.2017.1406677,8627.0,27.0,"In the age of ‘Big Data’, the potential value of open-source information for intelligence-related purposes is widely recognised. Of late, progress in this space has increasingly become associated with software that can expand our ability to gather, filter, interrelate and manipulate data through automated processes. The trend towards automation is both innovative and necessary. However, techno-centric efforts to replace human analysts with finely crafted algorithms across the board, from collection to synthesis and analysis of information, risk limiting the potential of OSINT rather than increasing its scope and impact. Effective OSINT systems must be carefully designed to facilitate complementarity, exploit the strengths, and mitigate the weaknesses of both human analysts and software solutions, obtaining the best contribution from both. Drawing on insights from the field of cognitive engineering, this article considers at a conceptual level how this might be achieved.",SemanticScholar,FOUND
"Beyond mathematics, statistics, and programming: data science, machine learning, and artificial intelligence competencies and curricula for clinicians, informaticians, science journalists, and researchers","Jessica S Ancker, Tara B Borlawsky-Payne, Steven Chamberlin, Aditi Gupta, William R Hersh, Robert E Hoyt",Health Systems,12.0,3,p255 - p263,2023,10.1080/20476965.2023.2237745,18-Jul-2023,https://doi.org/10.1080/20476965.2023.2237745,2491.0,12.0,"Data science, machine learning and artificial intelligence applications impact clinicians, informaticians, science journalists, and researchers. Most biomedical data science training focuses on learning a programming language in addition to higher mathematics and advanced statistics. This approach is appropriate for graduate students but greatly reduces the number of individuals in healthcare who can be involved in data science. To serve these four stakeholder audiences, we describe several curricular strategies focusing on solving real problems of interest to these audiences. Relevant competencies for these audiences include using intuitive programming tools that facilitate data exploration with minimal programming background, creating data models, evaluating results of data analyses, and assessing data science research reports, among others. Offering the curricula described here more broadly could broaden the stakeholder groups knowledgeable about and engaged in data science.",SemanticScholar,FOUND
Enhancing Smart Forestry Through AI-Driven Knowledge Management: A Synergistic Approach to Efficiency and Sustainability,"Robertas Damaševičius, Rytis Maskeliūnas",Journal of Sustainable Forestry,44.0,1-5,p1 - p31,2025,10.1080/10549811.2025.2513220,03-Jun-2025,https://doi.org/10.1080/10549811.2025.2513220,346.0,6.0,"This study explores the integration of Artificial Intelligence (AI) into Knowledge Management (KM) within the Smart Forestry sector, aiming to enhance the effectiveness of KM processes through the incorporation of AI technologies. The study reviews recent methodologies that utilize AI to bolster KM processes and introduces an original integrated KM metamodel, which synergizes various KM models and encompasses five principal components: Data, Information, Knowledge, Intelligence, and Action. This metamodel was designed to facilitate Knowledge Creation and Knowledge Sharing effectively and was evaluated by surveying professionals and experts directly involved in forest management and/or knowledge management. The results showed a positive correlation between usability and user experience, suggesting that more experienced users find the Integrated KM metamodel more usable. The study’s hypotheses were established to analyze factors influencing user perceptions and experiences with the integrated knowledge management metamodel (KM) in the context of smart forestry. The analysis revealed a positive correlation between usability, as measured by the Spearman rank correlation coefficient (rs = 0.36, p = .001), and the years of experience of the participants, indicating that the most experienced users found the metamodel more usable. Decision-makers reported a significantly higher perceived impact compared to Data Analysts, as evidenced by a nonsignificant difference in perceived impact across the four roles (H = 4.59, p = .20). The satisfaction levels of the participants varied significantly according to their perception of the effectiveness of the decision support, as demonstrated by a significant difference in satisfaction scores between low, medium, and high levels of decision support (H = 6.35, p = .042). The results show that our KM metamodel for smart forestry helps promote sustainable practices by enabling data-driven decision-making, enhancing collaboration, and improving operational efficiency. Its integration supports better resource management and risk mitigation, which are essential for long-term forest sustainability. The potential for further AI incorporation provides predictive analytics and supports conservation efforts, reinforcing the metamodel’s importance in addressing ecological challenges. The broader implications of our study extend beyond forestry to other related sectors focused on sustainability and environmental management. The integration of AI into KM points to the future of digital transformation, beginning with Industry 4.0 and leading to Forest 4.0, Agriculture 4.0, and beyond, where AI’s predictive capabilities are used to enhance industrial decision-making, transparency, and sustainability efforts.",SemanticScholar,FOUND
Knowledge management and digital transformation for Industry 4.0: a structured literature review,"Davide Calandra, Federico Lanzalonga, Silvana Secinaro, Andreia de Bem Machado",Knowledge Management Research & Practice,20.0,2,p320 - p338,2022,10.1080/14778238.2021.2015261,30-Dec-2021,https://doi.org/10.1080/14778238.2021.2015261,51832.0,297.0,"This paper provides a structured literature review (SLR) on knowledge management (KM), digital transformation (DT), and Industry 4.0, defining these new research streams’ interactions, ties, and interdependencies. Playing an essential role in a progressive discipline, our research summarises the state of the art of the past literature using rigorous methodological approach. The researchers adopt the Scopus database in their analysis and use the Bibliometrix R package. The analysis reveals 761 peer-reviewed English articles. The study shows several research clusters: KM and DT; KM and innovation ecosystems; KM and frontier technologies; and KM, decision-making, and Industry 4.0. Additionally, our paper contributes to identifying a flourishing field of research that has uncovered a previously unknown and exciting link between KM, DT, and the public sector. Finally, the article emphasises the crucial role of DT in KM development, addressing future research perspectives as quantitative and joint academics and practitioners’ analysis.",SemanticScholar,FOUND
"Synergetic legacy of organizational innovativeness, knowledge sharing, artificial intelligence adoption and big data analytic capability in human resource management","Lili He, Maria Palazzo, Zahid Yousaf",The International Journal of Human Resource Management,36.0,8,p1407 - p1430,2025,10.1080/09585192.2025.2510546,29-May-2025,https://doi.org/10.1080/09585192.2025.2510546,768.0,4.0,"This study aims to explore the connections between Organizational Innovativeness (OI), Knowledge Sharing, Artificial Intelligence Adoption (AIA), and Big Data Analytic Capabilities (BDACs) within human resource management. It demonstrates how AI usage, the development of advanced data analytics, information sharing, and innovative management practices are closely linked. Data was collected through a survey of 435 respondents from modern organizations using a random sampling method. To minimize errors and reduce respondent fatigue, the survey was divided into two sections and translated into English for broader comprehension. The findings reveal a positive correlation between AIA and OI, as well as a direct relationship between enhanced data analytics and OI. The study also indicates that knowledge sharing mediates the relationship between AIA and OI. Furthermore, it highlights the moderating role of knowledge sharing in the relationship between advanced data analytics and management practices. This research provides valuable insights into how AIA and extensive data analytics impact the innovative potential of contemporary organizations.",SemanticScholar,FOUND
A scalable and high-accuracy computational framework for non-convex additive two-stage network data envelopment analysis in big data environments,"Liang Liang, Yuqi Wei, Min Yang, Yu Yu",Journal of the Operational Research Society,,,p1 - p20,5187,10.1080/01605682.2026.2723362,30-Aug-2026,https://doi.org/10.1080/01605682.2026.2723362,43.0,0.0,,,NOT_FOUND
An online machine learning framework for early detection of product failures in an Industry 4.0 context,"J A Carvajal Soto, D Gyulai, F Tavakolizadeh",International Journal of Computer Integrated Manufacturing,32.0,4-5,p452 - p465,2019,10.1080/0951192x.2019.1571238,02-Feb-2019,https://doi.org/10.1080/0951192x.2019.1571238,1849.0,79.0,"Current paradigms such as the Internet of Things (IoT) and cyber-physical systems are transforming production environments, where related processes are not only faster and with higher standards, but also more flexible and adaptable to changes in the environment. To address the ever-increasing flexibility requirements while keeping current production standards, a new set of technologies is needed. This paper presents an IoT machine learning and orchestration framework, applied to detection of failures of surface mount devices during production. The paper shows how to build a scalable and flexible system for real-time, online machine learning. Furthermore, the approach is evaluated by using a novel and realistic simulation of a production line for electronic devices as a case study. The system evaluation is done in a holistic manner by analyzing various aspects involving the software architecture, computational scalability, model accuracy, production performance, among others.",SemanticScholar,FOUND
"Statistical, machine learning and deep learning forecasting methods: Comparisons and ways forward","Vassilios Assimakopoulos, Spyros Makridakis, Gary Mulder, Konstantinos Nikolopoulos, Artemios-Anargyros Semenoglou, Evangelos Spiliotis",Journal of the Operational Research Society,74.0,3,p840 - p859,2023,10.1080/01605682.2022.2118629,05-Sep-2022,https://doi.org/10.1080/01605682.2022.2118629,13229.0,116.0,"The purpose of this paper is to test empirically the value currently added by Deep Learning (DL) approaches in time series forecasting by comparing the accuracy of some state-of-the-art DL methods with that of popular Machine Learning (ML) and statistical ones. The paper consists of three main parts. The first part summarizes the results of a past study that compared statistical with ML methods using a subset of the M3 data, extending however its results to include DL models, developed using the GluonTS toolkit. The second part widens the study by considering all M3 series and comparing the results obtained with that of other studies that have used the same data for evaluating new forecasting methods. We find that combinations of DL models perform better than most standard models, both statistical and ML, especially for the case of monthly series and long-term forecasts. However, these improvements come at the cost of significantly increased computational time. Finally, the third part describes the advantages and drawbacks of DL methods, discussing the implications of our findings to the practice of forecasting. We conclude the paper by discussing how the field of forecasting has evolved over time and proposing some directions for future research.",SemanticScholar,FOUND
A data-driven scheduling knowledge management method for smart shop floor,"Shengyi Li, Juan Liu, Xiaoyu Lu, Yumin Ma, Fei Qiao",International Journal of Computer Integrated Manufacturing,35.0,7,p780 - p793,2022,10.1080/0951192x.2022.2025622,22-Feb-2022,https://doi.org/10.1080/0951192x.2022.2025622,680.0,17.0,"The data-driven method has been widely used to mine knowledge from the smart shop floors’ production data to guide dynamic scheduling. However, the mined knowledge may be invalid when the production scene changes. In order to address this problem and ensure the validity of the knowledge, this paper studies a data-driven scheduling knowledge life-cycle management (SKLM) method for the smart shop floor. The proposed method includes four phases: knowledge generation, knowledge application, online knowledge evaluation, and knowledge update. Specifically, the extreme learning machine (ELM) is applied to learn knowledge based on the composite scheduling rules. The quality control theory is used to evaluate the quality of scheduling knowledge. And the online sequential ELM (OS-ELM) is adopted to update the knowledge. Knowledge life-cycle management is implemented through the iterative knowledge update. The proposed method is validated on the MIMAC6, which is a simulation model of the semiconductor production line. Experimental results show that the proposed method could improve the effectiveness of scheduling knowledge and further optimize the performance of the smart shop floor.",SemanticScholar,FOUND
Developing capabilities for supply chain resilience in a post-COVID world: A machine learning-based thematic analysis,"Dun Li, Tobias Schoenherr, Xiaojun Wang, Bangdong Zhi",IISE Transactions,55.0,12,p1256 - p1276,2023,10.1080/24725854.2023.2176951,28-Mar-2023,https://doi.org/10.1080/24725854.2023.2176951,7794.0,26.0,"This study examines the past, present, and future of Supply Chain Resilience (SCR) research in the context of COVID-19. Specifically, a total of 1717 papers in the SCR field are classified into 11 thematic clusters, which are subsequently verified by a supervised machine learning approach. Each cluster is then analyzed within the context of COVID-19, leading to the identification of three associated capabilities (i.e., interconnectedness, transformability, and sharing) on which firms should focus to build a more resilient supply chain in the post-COVID world. The derived insights offer invaluable guidance not only for practicing managers, but also for scholars as they design their future research projects related to SCR for greatest impact.",SemanticScholar,FOUND
Machine learning and data-driven models in sustainable supply chain management: a systematic literature review with content analysis,"Ali Nikseresht, Nima Pishva, Sina Shokoohyar, Sajjad Shokouhyar, Vladimir Simic, Erfan Babaee Tirkolaee",International Journal of Logistics Research and Applications,29.0,8,p1006 - p1045,2026,10.1080/13675567.2025.2517639,16-Jun-2025,https://doi.org/10.1080/13675567.2025.2517639,420.0,7.0,"This paper concentrates on Machine Learning (ML) and data-driven models with applications in Sustainable Supply Chain Management (SSCM) utilising network, bibliometric, and content analyses that can render several innovative insights and perspectives into contemporary research trends in this field. In this work, a comprehensive systematic literature review and bibliometric analysis are undertaken using 324 out of more than 9000 research papers, and accordingly, the decision factors, assumptions, and research objectives for each model are highlighted. The results contribute to both theoretical and practical management elements and give a solid road map for future study in this sector. This paper’s final goal is to provide a thorough overview of applications of ML and data-driven models in SSCM, serving as a source of prospective studies for SSCM scholars and practical insights for SSCM professionals who try to implement their solutions based on ML and AI algorithms.",SemanticScholar,FOUND
"Factors influencing digital transformation adoption in manufacturing: big data analytics, digital literacy, and firm performance","Muhammad Adnan, Muhammad Bilal, Haris Hassan, Muhammad Saeed Uzzaman",Total Quality Management & Business Excellence,37.0,3-4,p220 - p242,2026,10.1080/14783363.2026.2613218,19-Jan-2026,https://doi.org/10.1080/14783363.2026.2613218,373.0,3.0,"The adoption and use of modern technologies are an increasingly important discourse in the context of the manufacturing paradigm. This study aims to identify the holistic factors that influence digital transformation (DT) to meet firm performance (FP) goals. This study also examines how internal and external factors influence firms’ adoption of modern technologies to achieve a competitive edge. This study used a self-administered survey; data were gathered from (n = 487) innovative Pakistani manufacturing firms. The research model was proposed, and the hypotheses were tested using structural equation modeling. Moreover, the robustness of the structural test can be increased using critical performance map analysis. The empirical findings indicate that factors such as TOE, TAM, and institutional theory influence organizations’ adoption of DT. Similarly, DT has a significant and positive association with FP. BDAC positively mediates the relationship between DT and FP, and digital literacy moderates the relationship between BDAC and FP. This research enhanced the current knowledge. It provided valuable insights into promoting the DT adoption environment for digital technologies within manufacturing firms, while advancing the theoretical perspective on technology adoption within the context of dynamic capability theory. It offers a clear pathway for harmonizing and effectively integrating technology to increase firms’ performance.",SemanticScholar,FOUND
Managing knowledge for sustainability: AI-Enhanced retail strategies for real-time consumer segmentation,"Dinesh Chandra Pandey, Roma Trigunait, Sumit Tripathi",Knowledge Management Research & Practice,,,p1 - p20,5187,10.1080/14778238.2026.2647264,22-Mar-2026,https://doi.org/10.1080/14778238.2026.2647264,113.0,0.0,,,NOT_FOUND
SMEs internationalization by grafting knowledge. Unveiling the enabling mechanisms of strategic knowledge management,"Fabio Cassia, Maria Vincenza Ciasullo, Miriana Ferrara, Angelo Rosa",Knowledge Management Research & Practice,23.0,6,p690 - p703,2025,10.1080/14778238.2024.2421937,05-Nov-2024,https://doi.org/10.1080/14778238.2024.2421937,216.0,2.0,"International knowledge plays a crucial role for firms willing to internationalize. Small and medium-sized enterprises (SMEs) often try to graft it from external sources, such as advisers, consultants, etc. Among them, Temporary Export Managers (TEMs) are becoming a viable solution among SMEs to access readily available international experience at a relatively low cost. However, it is unclear how SMEs graft knowledge from TEMs and how SME-TEM interactions translate into impacts on the firm’s internationalization strategy. To address this gap, we examined 20 cases of the TEM-SME collaboration, conducting 48 semi-structured interviews in Italy. The results show that three main knowledge mechanisms are activated through TEM-SME interactions: mobilization, integration, and recombination. A grounded interpretative framework is proposed to show how these mechanisms affect strategic international knowledge, encompassing differentiated-to-differentiated, differentiated-to-integrated, and integrated-to-integrated knowledge trajectories. The study offers insights to both TEMs and SMEs to enhance knowledge grafting processes to impact SMEs’ international development.",SemanticScholar,FOUND
A Web 3.0 ontology based on similarity: a step toward facilitating learning in the Big Data age,"Dazhi Chong, Abbas Foroughi, Hui Shi, Gongjun Yan",Journal of Management Analytics,2.0,3,p216 - p232,2015,10.1080/23270012.2015.1067154,24-Aug-2015,https://doi.org/10.1080/23270012.2015.1067154,346.0,6.0,,,NOT_FOUND
A hybrid machine learning approach to hotel sales rank prediction,"Vincent Charles, Prajwal Eachempati, Nripendra P Rana, Praveen Ranjan Srivastava",Journal of the Operational Research Society,74.0,6,p1407 - p1423,2023,10.1080/01605682.2022.2096498,21-Jul-2022,https://doi.org/10.1080/01605682.2022.2096498,684.0,12.0,"One of the challenges that the hospitality and tourism industry faces is determining the best-rated and ideal hotels for people with customized preferences. Users belong to various demographic groups, and the factors they consider when selecting a hotel depend on their priorities at the time. Therefore, to provide appropriate recommendations tailored to the individual preferences of users, forecasting customer demand is required, for which hotel sales rank prediction models are to be developed. In this regard, the present paper aims to develop a customized hotel recommendation model for sales rank prediction that considers factors like distance from a strategic location, online user ratings, word-of-mouth rating, hotel tariff, and customer reviews, using the aggregated data set of Indian hotels from trivago.com. Results show that the Artificial Neural Network algorithm predicts sales rank better than the Random Forest and Gradient Boosting algorithms. Implications for practice are provided.",SemanticScholar,FOUND
"Enhancing supply chain performance by integrating knowledge management and lean, agile, resilient, and green paradigms","Maghsoud Amiri, Seyyed Jalaladdin Hosseini Dehshiri, Ali Mostafaeipour, Dragan Pamučar, Ttu le",Journal of Management Analytics,11.0,4,p738 - p769,2024,10.1080/23270012.2024.2408527,07-Oct-2024,https://doi.org/10.1080/23270012.2024.2408527,550.0,7.0,,,NOT_FOUND
Integrating artificial intelligence for knowledge management systems - synergy among people and technology: a systematic review of the evidence,"Rakshith Bhandary, Komal Jenifer D'souza, Tantri Keerthi Dinesh, Santosh Nayak, Rashmi Yogesh Pai, Adithya D Shetty, Ankitha Shetty, Jyothi Shetty",Economic Research-Ekonomska Istraživanja,35.0,1,p7043 - p7065,2022,10.1080/1331677x.2022.2058976,11-Apr-2022,https://doi.org/10.1080/1331677x.2022.2058976,14850.0,74.0,"This paper analyses Artificial Intelligence (AI) and Knowledge Management (KM) and focuses primarily on examining to what degree AI can help companies in their efforts to handle information and manage knowledge effectively. A search was carried out for relevant electronic bibliographic databases and reference lists of relevant review articles. Articles were screened and the eligibility was based on participants, procedures, comparisons, outcomes (PICO) model, and criteria for PRISMA (Preferred Reporting Items for Systematic Reviews). The results reveal that knowledge management and AI are interrelated fields as both are intensely connected to knowledge; the difference reflects in how – while AI offers machines the ability to learn, KM offers a platform to better understand knowledge. The research findings further point out that communication, trust, information systems, incentives or rewards, and the structure of an organization; are related to knowledge sharing in organizations. This systematic literature review is the first to throw light on KM practices & the knowledge cycle and how the integration of AI aids knowledge management systems, enterprise performance & distribution of knowledge within the organization. The outcomes offer a better understanding of efficient and effective knowledge resource management for organizational advantage. Future research is necessary on smart assistant systems thus providing social benefits that strengthen competitive advantage. This study indicates that organizations must take note of definite KM leadership traits and organizational arrangements to achieve stable performance through KM.",SemanticScholar,FOUND
A conceptual model of knowledge dynamics in the industry 4.0 smart grid scenario,"Nikolina Dragicevic, Norbert Gronau, Eric Tsui, André Ullrich",Knowledge Management Research & Practice,18.0,2,p199 - p213,2020,10.1080/14778238.2019.1633893,27-Jun-2019,https://doi.org/10.1080/14778238.2019.1633893,1388.0,53.0,"Technological advancements are giving rise to the fourth industrial revolution – Industry 4.0 –characterized by the mass employment of smart objects in highly reconfigurable and thoroughly connected industrial product-service systems. The purpose of this paper is to propose a theory-based knowledge dynamics model in the smart grid scenario that would provide a holistic view on the knowledge-based interactions among smart objects, humans, and other actors as an underlying mechanism of value co-creation in Industry 4.0. A multi-loop and three-layer – physical, virtual, and interface – model of knowledge dynamics is developed by building on the concept of ba – an enabling space for interactions and thee mergence of knowledge. The model depicts how big data analytics are just one component in unlocking the value of big data, whereas the tacit engagement of humans-in-the-loop – their sense-making and decision-making – is needed for insights to be evoked from analytics reports and customer needs to be met.",SemanticScholar,FOUND
Learning with supervised data for anomaly detection in smart manufacturing,"Meiling He, Phillip LaCasse, Francisco Maturana, Wilkistar Otieno, Matthew Petering",International Journal of Computer Integrated Manufacturing,36.0,9,p1331 - p1344,2023,10.1080/0951192x.2023.2177747,14-Feb-2023,https://doi.org/10.1080/0951192x.2023.2177747,805.0,26.0,"The emergence of the Internet of Things (IoT), cloud computing, cyber-physical systems, system integration, big data, and data analytics for Industry 4.0 have transformed the world of traditional manufacturing into an era of smart manufacturing (SM). Smart manufacturing’s central focus is to process real-time IoT data and leverage advanced analytical approaches to detect abnormal behaviors. Social smart manufacturing applies analytics tools to empower decision makers and minimize duplication by executing the repetitive data processing work more consistently and precisely than can be done by a human operator. In smart manufacturing, the majority of industrial data is imbalanced. However, most traditional machine learning algorithms tend to be biased toward the majority class and under-represent the minority class. This research proposes a model selection architecture to automate the procedure of preprocessing input data and selecting the best combination of algorithms for anomaly detection. This design will play an essential role in producing high-quality products and improving quality control and business processes in diverse applications including predictive maintenance and fault detection. The framework is transferrable to any smart manufacturing task in the supervised learning domain.",SemanticScholar,FOUND
"Enterprise systems, emerging technologies, and the data-driven knowledge organisation","David Pauleen, Nazim Taskin, William Yu Chung Wang",Knowledge Management Research & Practice,20.0,1,p1 - p13,2022,10.1080/14778238.2022.2039571,31-Mar-2022,https://doi.org/10.1080/14778238.2022.2039571,11918.0,19.0,"Enterprise Systems have become a critical feature of organisations not only for their integrative functions but also because they have become collectors and repositories of organisational data. In the past, this data was subject to relatively simplistic analysis, which could provide important but still basic information for management decision-making. With the emergence of new technologies, both data collection and analysis have become increasingly sophisticated and varied. This has led to significant improvements in the quality and timeliness of the information that can be used by management in decision-making and strategic planning. Even how managers use this information is being shaped by technologies that can augment human knowledge to further improve decision-making. With reviewing the literature, this editorial paper explains the scope of emerging technology, enterprise systems and the impacts on knowledge management and briefly introduces the articles included in this issue.",SemanticScholar,FOUND
Do We Need to Understand the World to Know It? Knowledge in a Big Data World,Varun Grover,Journal of Global Information Technology Management,23.0,1,p1 - p4,2020,10.1080/1097198x.2019.1701623,06-Dec-2019,https://doi.org/10.1080/1097198x.2019.1701623,2497.0,11.0,"In both practice and academia, the incredible access to data is creating a marked disruption. The perfect storm of massive amounts of digital data, sophisticated analytical tools and cheap, scalable processing power has fostered a data-driven mindset in both corporate and academic practices. These are being embraced to varying degrees in companies around the world as well as in global academic communities. However, swinging the pendulum in the relationship between knowledge and data too far toward data can have adverse consequences. This editorial offers a cautionary note for both companies and academia. For a number of years, in practice, the distinction between data, information, and knowledge could be stated with some level of precision. Data are raw facts and figures that can become information when massaged and placed in the right context. The value-adding activities from data to information are largely the domain of information systems. Knowledge, however, adds experience and expertise to the information and often resides in tacit form in people’s heads. So, the Knowledge Management System (KMS) popularity that started in the 1990s was intended to capture knowledge (largely tacit) and put it in a system that could benefit others in the organization (Davenport & Grover, 2001). KM processes include externalization (taking tacit knowledge and representing it in a KMS) and internalization (making this knowledge accessible to people who might need it). For example, a global consulting firm might have a team that concluded a multiyear project in Malaysia – and their experiences, successes, failures, precautions, and guidance in a KMS – could be invaluable for other teams initiating projects in that region. KM practices included creating the right incentives for knowledge to flow between people and the system, as well as embedding knowledge into products and services offered. In academic research, particularly the social sciences including Information Systems, knowledge is largely represented as an abstraction – a theory or model – that explains or predicts the real world. It is in the efficacy of these abstractions, as assessed through logic or impact, that academics gain their esteem. The advent of “big data” in recent years, along with advanced analytics and machine learning has created a disruption both in the practice of KM as well as in the importance of abstraction. Big data, through its global reach and its sheer volume, velocity, and variety, along with computationally intensive analysis, offers opportunities for generating new insights. Mining of big data and digital streams can yield fresh perspectives for decision-makers, optimize and automate processes, and discover new ways to understand and fulfill customers’ needs. It can also offer precision of predictions to important questions in both practice and academia. However, in observing the ready embrace of big data and analytics there are also signs that some companies and researchers might fall into a trap where they see data replacing knowledge, blurring the distinctions in the trichotomy described above. The argument implicit in this, is that knowledge was largely a correspondence between our observation of the world and its interpretation in our brain, in the form of models that we used to make sense of observations. Now, with the plethora of data, we do not need to understand the world to know it. All knowledge can be extracted through the data. So, in this view, knowledge is not internalized through human assessment but externalized through data. While many may not endorse the data is knowledge view, companies that intensively invest in data and analytical capabilities could be accepting a data culture that comes at the cost of human interpretation and judgment. Companies, where everything revolves around data science and “show JOURNAL OF GLOBAL INFORMATION TECHNOLOGY MANAGEMENT 2020, VOL. 23, NO. 1, 1–4 https://doi.org/10.1080/1097198X.2019.1701623",SemanticScholar,FOUND
Rural E-Commerce Model with Attention Mechanism: Role of Li Ziqi's Short Videos from the Perspective of Heterogeneous Knowledge Management,"Yangmei Gao, Juan Weng, Huosong Xia, Justin Zuopeng Zhang",Journal of Global Information Technology Management,25.0,2,p118 - p136,2022,10.1080/1097198x.2022.2062992,27-Apr-2022,https://doi.org/10.1080/1097198x.2022.2062992,873.0,16.0,"E-commerce has provided ample opportunities for facilitating rural economic development. However, the existing rural e-commerce models are far from enough to reach potential customers and satisfy their heterogeneous needs. To fully leverage the advantages of e-commerce, the rural economy needs innovative business models to sustain its growth. Some rural Internet celebrities, such as Li Ziqi in China, have recognized the values of short videos and used them as a creative entrepreneurial model to promote and sell their products to customers in rural areas. This paper applies the reverse engineering method to study and generalize Li Ziqi’s entrepreneurial process in rural e-commerce based on the information adoption model and attention mechanism. We find that Li Ziqi’s short videos promote rural e-commerce by attracting consumers’ attention through the associated distinctive cultural knowledge. The unique, heterogeneous knowledge of products can boost rural e-commerce via short videos as the intermediaries. Short videos’ attention mechanism facilitates the development of new business models driven by business influences for rural e-commerce. Our research provides valuable insights for rural e-commerce entrepreneurs to promote their products.",SemanticScholar,FOUND
A multi-site big data analysis of factors impacting the time to disposition in pediatric mental and behavioural health emergency department visits,"Ann Dietrich, Anjali Joseph, Samuel N Koscelny, David M Neyens, Kevin Taaffe, Farzad Zeinali",Health Systems,15.0,2,p111 - p124,2026,10.1080/20476965.2025.2577093,25-Oct-2025,https://doi.org/10.1080/20476965.2025.2577093,151.0,1.0,"The increasing prevalence of mental and behavioural health (MBH) conditions in children has posed significant strain on emergency departments (EDs) to provide adequate and timely care. This study analysed factors associated with time to disposition (TTD) for this patient population. The study utilised electronic health record (EHR) data for pediatric ED visits from 11 ED facilities in South Carolina between October 2017 to March 2023. We identified the MBH patients in our dataset based on ICD-10 codes. In total, 289,721 pediatric ED visits were analysed in a mixed-effects regression model predicting TTD. Male patients (p < .0001), weekend visits (p < .0001), and multiple ED visits (p < .0001) were associated with decreased TTD, but interactions between MBH-related visits and repeat ED visits significantly prolonged TTD (p < .0001) and nighttime and presenting during the fall season also influenced TTD (p < .001). Pediatric MBH-related ED visits have significantly longer TTD than non-MBH ED visits (p < .01). MBH patients with two or more previous ED visits also resulted in significantly longer TTD (p < .0001). Our analysis demonstrated system-level and patient-level factors significantly impact the TTD in an ED. These findings highlight the need to design and evaluate new interventions to improve care for pediatric MBH patients as well as overall ED performance.",SemanticScholar,FOUND
Knowledge identity (KI): a determining factor in the effective use of analytics,"Ali Intezari, Morteza Namvar, Ramin Taghinejad",Knowledge Management Research & Practice,20.0,1,p14 - p33,2022,10.1080/14778238.2021.1967213,20-Aug-2021,https://doi.org/10.1080/14778238.2021.1967213,393.0,3.0,"Enterprise systems can play a fundamental role in the management of business analytics by facilitating knowledge management. Nonetheless, and despite extensive studies about enterprise systems and knowledge management over the past four decades, the information systems discipline still lacks a clear and practical understanding of what types of knowledge should be managed by enterprise systems, and how to facilitate the adoption and effective use of business analytics through knowledge management. To a high degree, the issue is rooted in the ambiguity about the nature and sources of knowledge. Motivated by this need, we conducted an exploratory study to address the research question, what knowledge is critical for data analysts to be able to use business analytics effectively? We interviewed 41 data analysts. Using thematic analysis, we propose the theory of knowledge identity, which explains the role of data analysts’ knowledge in the adoption and effective use of analytics in organisations. This study offers significant theoretical and practical implications.",SemanticScholar,FOUND
Information systems and knowledge management in industrial engineering: recent advances and new perspectives,"F T S Chan, A Molina, S Y Nof, H Panetto, F B Vernadat",International Journal of Production Research,56.0,8,p2707 - p2713,2018,10.1080/00207543.2018.1454615,02-Apr-2018,https://doi.org/10.1080/00207543.2018.1454615,9625.0,22.0,,,NOT_FOUND
"RETRACTED ARTICLE: Research on the Relationship between Structural Hole Location, Knowledge Management and Cooperative Innovation Performance in Artificial Intelligence","Xiaomin Gu, Wei Liu, Hui Wu, Yuanjun Zhao",Knowledge Management Research & Practice,22.0,6,pxxvi - pxxxv,2024,10.1080/14778238.2020.1813642,01-Sep-2020,https://doi.org/10.1080/14778238.2020.1813642,1014.0,14.0,"This paper builds a conceptual model of the relationship between structural hole location, knowledge management, and collaborative innovation performance in the artificial intelligence environment. A questionnaire survey was conducted on 267 companies, and sample data were analysed using SEM statistics. In the artificial intelligence environment, under the influence of the embedded relationship of the collaborative innovation network structure, the influence of network structure hole position on the performance of collaborative innovation is discussed. The research results show that the location of network structure holes has a direct impact on the performance of collaborative innovation; At the same time, the location of network structure holes has a significant positive impact on knowledge management, and knowledge management plays a part of the mediating role in the process of network structure hole locations affecting collaborative innovation performance.",SemanticScholar,FOUND
The mediating role of knowledge management practices and balanced scorecard in the association between artificial intelligence and organization performance: evidence from MENA region commercial banks,"Mohamed Gaber Ghanem, Rasha Mahboub",Cogent Business & Management,11.0,1,,2024,10.1080/23311975.2024.2404484,19-Sep-2024,https://doi.org/10.1080/23311975.2024.2404484,6599.0,22.0,"Recently, several research practitioners were recommended that artificial intelligence (AI), knowledge management practices (KMP) and balanced scorecard (BSC) should be taken into consideration collectively to more accurately predicts the consequences that they can have in terms of organizational performance (OP). Consequently, this research aims to answer these calls by providing and empirically testing a conceptual model that simultaneously take into account AI, KMP and BSC with regard to their interactions with and effects on OP. The main aim of this research is to assess the association between AI and OP; and whether this association is mediated through the bank’s KMP and through BSC implementation. To achieve this aim, nine hypotheses have been formulated and tested through a web-based survey that was distributed to 594 employees working in commercial banks operated in MENA region. The data have been analyzed using the partial least squares structural equation modeling (PLS-SEM) technique. The findings demonstrate the positive impact of the adoption of AI on KMP, BSC and OP along with the impact of KMP on BSC and OP. The findings also reveal that KMP act as a mediator through which AI influences BSC and OP. Further, the findings show that BSC has a significant positive effect on OP and act as a mediator through which AI influences OP. Hence, this research demonstrates that banks interested in using AI to improve performance must be very careful when taking KMP into account as a mediator mechanism.",SemanticScholar,FOUND
"Deep Text: Using Text Analytics To Conquer Information Overload, Get Real Value From Social Media, and Add Big(Ger) text to Big Data",Sonja Streuber,Public Services Quarterly,13.0,3,p179 - p181,2017,10.1080/15228959.2017.1370065,05-Sep-2017,https://doi.org/10.1080/15228959.2017.1370065,126.0,0.0,,,NOT_FOUND
AGBWTDRS-EM: Multi-criteria decision-making approach using adaptive granular-ball weighted temporal rough set and ensemble learning,"Xiaoli Chu, Bingzhen Sun, Jin Ye, Xixuan Zhao",Journal of the Operational Research Society,,,p1 - p22,5187,10.1080/01605682.2026.2668095,25-May-2026,https://doi.org/10.1080/01605682.2026.2668095,93.0,1.0,,,NOT_FOUND
On inexact stochastic splitting methods for a class of nonconvex composite optimization problems with relative error,"Tiande Guo, Congying Han, Jia Hu, Tong Zhao",Optimization Methods and Software,38.0,1,p1 - p33,2023,10.1080/10556788.2022.2091562,19-Jul-2022,https://doi.org/10.1080/10556788.2022.2091562,249.0,3.0,"We consider minimizing a class of nonconvex composite stochastic optimization problems, and deterministic optimization problems whose objective function consists of an expectation function (or an average of finitely many smooth functions) and a weakly convex but potentially nonsmooth function. And in this paper, we focus on the theoretical properties of two types of stochastic splitting methods for solving these nonconvex optimization problems: stochastic alternating direction method of multipliers and stochastic proximal gradient descent. In particular, several inexact versions of these two types of splitting methods are studied. At each iteration, the proposed schemes inexactly solve their subproblems by using relative error criteria instead of exogenous and diminishing error rules, which allows our approaches to handle some complex regularized problems in statistics and machine learning. Under mild conditions, we obtain the convergence of the schemes and their computational complexity related to the evaluations on the component gradient of the smooth function, and find that some conclusions of their exact counterparts can be recovered.",SemanticScholar,FOUND
Wielding Occam's razor: Fast and frugal retail forecasting,"Yael Grushka-Cockayne, Fotios Petropoulos, Enno Siemsen, Evangelos Spiliotis",Journal of the Operational Research Society,76.0,8,p1564 - p1583,2025,10.1080/01605682.2024.2421339,01-Nov-2024,https://doi.org/10.1080/01605682.2024.2421339,2738.0,11.0,"The algorithms available for retail forecasting have increased in complexity. Newer methods, such as machine learning, are inherently complex. The more traditional families of forecasting models, such as exponential smoothing and autoregressive integrated moving averages, have expanded to contain multiple possible forms and forecasting proles. We question the complexity of forecasting and the need to consider such large families of models. Our argument is that parsimoniously identifying suitable subsets of models will not decrease forecasting accuracy, nor will they reduce the ability to estimate forecast uncertainty. We propose a framework that balances forecasting performance versus computational cost. As a result, we consider a reduced set of models. We empirically demonstrate that such a reduced set performs well. Finally, we translate computational benefits to monetary cost savings and environmental impact and discuss the implications of our results in the context of large retailers.",SemanticScholar,FOUND
Structural equation modeling for impact of Data Fabric Framework on business decision-making and risk management,"Amani Abu Rumman, Lina Al-Abbadi",Cogent Business & Management,10.0,2,,2023,10.1080/23311975.2023.2215060,21-May-2023,https://doi.org/10.1080/23311975.2023.2215060,3333.0,6.0,"As the concept of Big Data takes hold in the corporate world, modern businesses are making concerted efforts to manage data silos in advance of centralized data management. The multi-cloud structure of the data fabric provides a realistic approach to managing various forms of data. This study explores how data fabric, which is a useful way of organizing data, affects decision-making and risk assessment through Structural Equation Modeling (SEM) using IBM AMOS software. The study collected data from 200 respondents, representing a 67% response rate, out of 300 management experts in Amman-Jordan who conditionally agreed to participate in the research. The study finds a positive relationship between data fabric and decision-making, data fabric, and risk management. The findings of this study suggest that strengthening the relationships between data fabric, decision-making, and risk management can play a critical role in fostering successful decision-making for crucial elements and risk management in crises, ultimately contributing to the overall success of the business.",SemanticScholar,FOUND
Creating a typology of analytics Master's degrees in UK universities: Implications for employers and educators,"Neil F Doherty, Michael J Mortenson, Stewart Robinson",Journal of the Operational Research Society,71.0,9,p1327 - p1346,2020,10.1080/01605682.2019.1605468,14-Jun-2019,https://doi.org/10.1080/01605682.2019.1605468,461.0,3.0,"In recent years there has been a growth in specialised analytics Master’s degrees, in the UK and beyond. However, there has been little research into the contents of such degrees. In particular, the role disciplines such as operational research play within them remains an under-explored area. Using a mixed-methods approach, this article analyses UK Master’s degrees in analytics to determine a typology of provisions. Firstly, a support vector classifier is used to identify the traditional disciplines analytics degrees most closely align with. Secondly, a hybrid approach to analyse the modules included in analytics curricula is employed, as part of which a new metric (module topic weighting) is presented. The analysis identifies two main categories of degrees, the first aligning with machine learning and computing topics; the second operational research and business themes. The paper concludes by evaluating the implications this has for students, employers, educators and the operational research discipline.",SemanticScholar,FOUND
Advancing reference-based super-resolution via mitigating clarity inconsistent issue with foundation model guidance,"Yong Shi, Jiayu Xue",International Journal of General Systems,,,p1 - p23,5187,10.1080/03081079.2025.2505933,10-Jun-2025,https://doi.org/10.1080/03081079.2025.2505933,58.0,1.0,,,NOT_FOUND
Shifting the focus of DSS research: from DSS to Explainable Artificial Intelligence (XAI) - driven DSS,Sean B Eom,Journal of Decision Systems,35.0,1,,2026,10.1080/12460125.2026.2665330,12-May-2026,https://doi.org/10.1080/12460125.2026.2665330,60.0,0.0,,,NOT_FOUND
Empirical evaluation of reservoir characteristics for cost and performance optimisation in oilfield operations,"Lamei Hu, Beibei Niu, Ting Wang, Xiangyu Wang, Xiaoping Z'hang",Australian Journal of Electrical and Electronics Engineering,,,p1 - p15,5187,10.1080/1448837x.2026.2618422,23-Jan-2026,https://doi.org/10.1080/1448837x.2026.2618422,47.0,1.0,,,NOT_FOUND
Predicting non-attendance in hospital outpatient appointments using deep learning approach,"M Dashtban, Weizi Li",Health Systems,11.0,3,p189 - p210,2022,10.1080/20476965.2021.1924085,24-May-2021,https://doi.org/10.1080/20476965.2021.1924085,5911.0,18.0,The hospital outpatient non-attendance imposes a substantial financial burden on hospitals and roots in multiple diverse reasons. This research aims to build an advanced predictive model for predicting non-attendance regarding the whole spectrum of probable contributing factors to non-attendance that could be collated from heterogeneous sources including electronic patients records and external non-hospital data. We proposed a new non-attendance prediction model based on deep neural networks and machine learning models. The proposed approach works upon sparse stacked denoising autoencoders (SDAEs) to learn the underlying manifold of data and thereby compacting information and providing a better representation that can be utilised afterwards by other learning models as well. The proposed approach is evaluated over real hospital data and compared with several well-known and scalable machine learning models. The evaluation results reveal the proposed approach with softmax layer and logistic regression outperforms other methods in practice.,SemanticScholar,FOUND
The framework design of smart factory in discrete manufacturing industry based on cyber-physical system,"Gaige Chen, Bo Feng, Yihui Li, Dekun Liu, Pei Wang",International Journal of Computer Integrated Manufacturing,33.0,1,p79 - p101,2020,10.1080/0951192x.2019.1699254,18-Dec-2019,https://doi.org/10.1080/0951192x.2019.1699254,2964.0,146.0,"A cyber-physical system (CPS) is a new trend in smart manufacturing-related research, where the physical system acts as a data access role with sensors and communication systems to collect real-world information and communicate to computation modules (i.e. cyber layer), which further analyse and notify the findings to the corresponding physical systems through multiple feedback loops. This paper develops a conceptual framework for a new paradigm called smart factory based on CPS by applying virtual-real mapping and fusion, digital twin, big data-driven, virtualisation, and edge-to-cloud service technology to the manufacturing system. The definitions, characteristics, architectures and previous case studies on smart factory based on CPS are explained in detail. In the paradigm, the digital twin merges the physical system modelling and cyberspace simulation to provide an intelligence solution simulation analysis ability. This generates a variety of digital designs of production processes, quality, cost, efficiency and environmental impact analysis about smart factory business mode in the preproduction phase based on big data which can be analysed, and provide authoritative solutions for actual physical space. The proposed system is applied and validated in a real case study from the circuit breaker production industry.",SemanticScholar,FOUND
Construction of sentimental knowledge graph of Chinese government policy comments,"Yingluo Dai, Xiaolin Li, Zhiyi Li",Knowledge Management Research & Practice,20.0,1,p73 - p90,2022,10.1080/14778238.2021.1971056,03-Dec-2021,https://doi.org/10.1080/14778238.2021.1971056,944.0,11.0,"Social Media Networks have developed into an important channel and platform for the collection and dissemination of policy information. Various policy comments on them have fully demonstrated the basic characteristics of big data. This paper introduces knowledge graphs into the sentiment analysis, analyses and sorts out the policy comments of China's mainstream social media platforms from 2016 to 2019, build a sentiment analysis dictionary, and then use the policy comments evaluation system to form sentiment knowledge graphs of policy comments that includes seven sentiments and five themes. The process of the sentiment knowledge graph constructed in this paper helps to more accurately understand the changes of online public opinion, and provides a theoretical basis for local governments to adjust the implementation of various policies. Apart from being the prototype of the automated sentiment knowledge graph system for policy comments, it can also be applied to other related hot topics.",SemanticScholar,FOUND
Beneficence and the Expert Bureaucracy,Sara R Jordan,Public Integrity,16.0,4,p375 - p394,2014,10.2753/pin1099-9922160404,07-Dec-2014,https://doi.org/10.2753/pin1099-9922160404,494.0,10.0,,,NOT_FOUND
Cyber management and value creation: an organisational learning-based approach,"Jestine Philip, Manjula S Salimath",Knowledge Management Research & Practice,18.0,4,p474 - p487,2020,10.1080/14778238.2020.1730719,25-Feb-2020,https://doi.org/10.1080/14778238.2020.1730719,548.0,8.0,"This paper highlights the relevance, utilisation, and leveragability of cyberspace for organisations from resource and learning perspectives. While cyberspace offers tantalising possibilities to create and share resources, conduct business, and solve issues transcending physical boundaries, it also creates conditions of high market uncertainty and technological turbulence. Prior management research on cyberspace has primarily focused on distinct organisational practices (for cybersecurity or emerging technologies like big data/machine learning), however theoretical understanding is lacking. We address this gap by using an Organisational Learning-based approach to present a comprehensive framework for the management of firm-specific cyber resources – a model that combines both protection and leveraging aspects to create and appropriate value. Our paper provides a definition and model of cyber management, and we call on future scholars to explore further theoretical and practical implications of organisations in a cyber-context.",SemanticScholar,FOUND
Public Health Emergency Management and Multi-Source Data Technology in China,"Zhidong Cao, Yi Liu, Qiuju Ma, Xinzhi Wang, Hui Zhang",Intelligent Automation & Soft Computing,,Latest Articles,p1 - p8,5187,10.1080/10798587.2016.1267246,23-Jan-2017,https://doi.org/10.1080/10798587.2016.1267246,56.0,11.0,,,NOT_FOUND
Generative adversarial networks for data augmentation and transfer in credit card fraud detection,"Stephen Adams, Peter Beling, Tyler Cody, Alex Langevin",Journal of the Operational Research Society,73.0,1,p153 - p180,2022,10.1080/01605682.2021.1880296,01-Mar-2021,https://doi.org/10.1080/01605682.2021.1880296,1059.0,44.0,"Augmenting a dataset with synthetic samples is a common processing step in machine learning with imbalanced classes to improve model performance. Another potential benefit of synthetic data is the ability to share information between cooperating parties while maintaining customer privacy. Often overlooked, however, is how the distribution of the data affects the potential gains from synthetic data augmentation. We present a case study in credit card fraud detection using Generative Adversarial Networks to generate synthetic samples, with explicit consideration given to customer distributions. We investigate two different cooperating party scenarios yielding four distinct customer distributions by credit quality. Our findings indicate that institutions skewed towards higher credit quality customers are more likely to benefit from augmentation with GANs. Relative gains from synthetic data transfer, in the absence of feature set heterogeneity, also appear to asymmetrically favour banks operating on the lower end of the credit spectrum, which we hypothesise is due to differences in spending behaviours.",SemanticScholar,FOUND
"The role of smart technology, managerial initiatives and human factors on sustainable manufacturing: a case study of Indonesian oil and gas workers","Fita Amalia, Ilyas Masudin, Teguh Oktiarso, Dian Palupi Restuputri",Ergonomics,67.0,12,p1884 - p1908,2024,10.1080/00140139.2024.2360095,06-Jun-2024,https://doi.org/10.1080/00140139.2024.2360095,307.0,11.0,"This study aims to analyse and determine the effect of Big Data, the Internet of Things (IoT), and physical-cyber system variables on human factors in refinery industry operators and the influence of human factors and managerial initiatives on sustainable manufacturing. The method used in this study is a quantitative method using partial least square-structural equation modelling (PLS-SEM). The respondents in this study were workers of Indonesia’s upstream oil and gas sector. The results of this study indicate that Big Data, IoT, and Physical Cyber Systems (PCS) have a positive and significant effect on the human factor. In addition, there is a significant relationship between human factors and sustainable manufacturing. Furthermore, it is also found that there is a relationship between managerial initiatives and sustainable manufacturing. However, the managerial initiative cannot moderate the human factor and sustainable manufacturing. PRACTITIONER SUMMARY This research explores the profound influence of Industry 4.0 technologies, encompassing big data, IoT, and physical-cyber systems (PCS), on the human aspects of Indonesia’s oil and gas sector. The outcomes of this study offer valuable perspectives on how Industry 4.0 technologies can revolutionise the Indonesian oil and gas industry while underscoring the significance of factoring in human elements and sustainable practices within this dynamic landscape.",SemanticScholar,FOUND
A systematic mapping study of process mining,"Marcelo Fantinato, Patrick C K Hung, Carlos Ramón López Paz, Ana Rocío Cárdenas Maita, Lucas Corrêa Martins, Sarajane Marques Peres, Laura Rafferty",Enterprise Information Systems,12.0,5,p505 - p549,2018,10.1080/17517575.2017.1402371,20-Nov-2017,https://doi.org/10.1080/17517575.2017.1402371,3219.0,41.0,"This study systematically assesses the process mining scenario from 2005 to 2014. The analysis of 705 papers evidenced ‘discovery’ (71%) as the main type of process mining addressed and ‘categorical prediction’ (25%) as the main mining task solved. The most applied traditional technique is the ‘graph structure-based’ ones (38%). Specifically concerning computational intelligence and machine learning techniques, we concluded that little relevance has been given to them. The most applied are ‘evolutionary computation’ (9%) and ‘decision tree’ (6%), respectively. Process mining challenges, such as balancing among robustness, simplicity, accuracy and generalization, could benefit from a larger use of such techniques.",SemanticScholar,FOUND
Gaussian relevance vector MapReduce-based annealed Glowworm optimization for big medical data scheduling,"Amir H Gandomi, Thomas Hanne, Suresh Kallam, Rizwan Patan, Manikandan Ramachandran",Journal of the Operational Research Society,73.0,10,p2204 - p2215,2022,10.1080/01605682.2021.1960908,23-Aug-2021,https://doi.org/10.1080/01605682.2021.1960908,995.0,4.0,"Various big-data analytics tools and techniques have been developed for handling massive amounts of data in the healthcare sector. However, scheduling is a significant problem to be solved in smart healthcare applications to provide better quality healthcare services and improve the efficiency of related processes when considering large medical files. For this purpose, a new hybrid model called Gaussian Relevance Vector MapReduce-based Annealed Glowworm Optimization Scheduling (GRVM-AGS) was designed to improve the balancing of large medical data files between different physicians with higher scheduling efficiency and minimal time. First, a GRVM model was developed for the predictive analysis of input medical data. This model reduces the storage complexity of large medical data analysis by means of eliminating unwanted patient information and predicts the disease class with help of a Gaussian kernel function. Afterwards, GRVM performs AGS to schedule the efficient workloads among multiple datacenters based on the luciferin value in the smart healthcare environment with reduced scheduling time. Through computational experiments, we demonstrate that GRVM-AGS increases the scheduling efficiency and reduces the scheduling time of large medical data analysis compared to state-of-the-art approaches.",SemanticScholar,FOUND
Intelligent decision support for maintenance: an overview and future trends,"C Emmanouilidis, R Roy, A Tiwari, T Tomiyama, C J Turner",International Journal of Computer Integrated Manufacturing,32.0,10,p936 - p959,2019,10.1080/0951192x.2019.1667033,03-Oct-2019,https://doi.org/10.1080/0951192x.2019.1667033,1937.0,66.0,"The changing nature of manufacturing, in recent years, is evident in industry’s willingness to adopt network-connected intelligent machines in their factory development plans. A number of joint corporate/government initiatives also describe and encourage the adoption of Artificial Intelligence (AI) in the operation and management of production lines. Machine learning will have a significant role to play in the delivery of automated and intelligently supported maintenance decision-making systems. While e-maintenance practice provides aframework for internet-connected operation of maintenance practice the advent of IoT has changed the scale of internetworking and new architectures and tools are needed. While advances in sensors and sensor fusion techniques have been significant in recent years, the possibilities brought by IoT create new challenges in the scale of data and its analysis. The development of audit trail style practice for the collection of data and the provision of acomprehensive framework for its processing, analysis and use should be avaluable contribution in addressing the new data analytics challenges for maintenance created by internet connected devices. This paper proposes that further research should be conducted into audit trail collection of maintenance data, allowing future systems to enable ‘Human in the loop’ interactions.",SemanticScholar,FOUND
Warranty operation enhancement through social media knowledge: a deep-learning methods,"Arash Omarzadeh, Zahra Sarmast Hasan Kiadeh, Sina Shokoohyar, Sajjad Shokouhyar",INFOR: Information Systems and Operational Research,62.0,2,p273 - p311,2024,10.1080/03155986.2024.2303907,22-Apr-2024,https://doi.org/10.1080/03155986.2024.2303907,350.0,2.0,"People use social media as free channels to share their sentiments and experiences during all stages of consuming a product or service. Likewise, corporations depend on social media as feedback sources that influence the positioning of their products/services in the market. This paper aims to recognise the frequent product flaws and warranty issues through social network mining. We have performed ontology-based methods, text mining, and sentiment analysis using deep learning methods on social media data to investigate product failures, symptoms, and the correlation between warranty programs and customer behaviour. Correspondingly, a multi-sources mining approach has been incorporated into social media mining to cover all the occasions. Furthermore, we promoted a decision support system to learn practically through customer feedback. Finally, to validate the accuracy and reliability of the results, we used the claimed data of the laptop industry to compare our derivatives and machine learning validation metrics to ensure accuracy.",SemanticScholar,FOUND
A smart driller pilot system for future automatic drilling,"Xingwei Chen, Liang Jin, Chong Lin, Wei Liu, Haodong Qian, Bin Tan, Fan Zhang, Zhifa Zhang",Petroleum Science and Technology,42.0,25,p3981 - p4004,2024,10.1080/10916466.2023.2271520,18-Oct-2023,https://doi.org/10.1080/10916466.2023.2271520,165.0,0.0,"Drilling operation relies on observing various devices, such as weight indicator, drilling equipment parameters, and logging display screen. This leads to high work intensity and difficulty in ensuring wellbore engineering safety and drilling speed, especially in complex well sections. To address these problems, this paper presents a smart driller pilot system for future automatic drilling. The paper introduces the working principle, calculation model, hardware composition, functional architecture, and field application of the system. The system can optimize parameters, provide drilling risk tips, engineering early warnings, expert instructions, and other functions in text, graphic, and voice modes. It aims to improve the driller’s precise operation and reduce the drilling accident and complexity rate. Field tests of 65 wells show that the system can increase drilling speed by 2% and decrease the drilling complexity rate by 3%.",SemanticScholar,FOUND
Early warning model based on support vector machine ensemble algorithm,"Zi-Yu Chen, Peng-Fei Cheng, Sang-Sang He, Wen-Hui Hou, Hui Liu, Jian-Qiang Wang",Journal of the Operational Research Society,76.0,3,p411 - p425,2025,10.1080/01605682.2024.2360111,03-Jun-2024,https://doi.org/10.1080/01605682.2024.2360111,292.0,5.0,"Support Vector Machine (SVM) is a powerful machine learning technique often applied in various early warning scenarios. When using SVM for binary classification, its output results can be converted into a probability distribution based on sample categories. Through the analysis of the results, it is found that when the probability of a sample belonging to a positive class is equivalent to the probability of a sample belonging to a negative class, there is a high possibility of misclassification of the sample. To address this issue, this study proposes a new SVM ensemble model construction method. We generate SVM sub-classifiers to extract error prone set, and utilise three different combination rules to construct ensemble model based on the output probability of the samples. The accuracy of the whole data set is improved for the classification accuracy of the easily misclassified data are improved. This research evaluated the model based on Wind turbine SCADA data and UCI benchmark datasets. According to the research results, the accuracy rate of SCADA data is as high as 97.52%, and the accuracy rate of German credit data is 77.50%. Meanwhile, the comparison with other methods also validates the effectiveness of the proposed method.",SemanticScholar,FOUND
Data analytics in quality 4.0: literature review and future research directions,"Dimitris Apostolou, Alexandros Bousdekis, Katerina Lepenioti, Gregoris Mentzas",International Journal of Computer Integrated Manufacturing,36.0,5,p678 - p701,2023,10.1080/0951192x.2022.2128219,28-Sep-2022,https://doi.org/10.1080/0951192x.2022.2128219,12632.0,63.0,"The quality level in manufacturing processes increasingly concerns manufacturing firms, as they respond to pressures such as increasing complexity and variety of products, more complex value chains and shortened time-to-market. Quality management is becoming increasingly challenging as model variety, and highly complex products harbour the danger of distributing defective products in the market. Data analytics has started gathering the interest of quality researchers and practitioners, who investigate approaches, algorithms, and methods for supporting the manufacturing quality procedures in the context of Industry 4.0. This trend is facilitated by the wide expansion of sensory technology and the accelerated adoption of information systems by the manufacturing firms. Since quality and process control has been identified as one of the major challenges with a high potential of big data analytics, in this paper we investigated the manufacturing quality research field from a data analytics perspective. Specifically, we examined the existing literature, we provided clarity to the Quality 4.0 research field, we synthesized the literature review outcomes, and we identified the research gaps and challenges. On top of them, we proposed directions for future research.",SemanticScholar,FOUND
"Artificial Intelligence in Drug Design: Algorithms, Applications, Challenges and Ethics",Alya A Arabi,Future Drug Discovery,3.0,2,,2021,10.4155/fdd-2020-0028,29-Apr-2021,https://doi.org/10.4155/fdd-2020-0028,18374.0,63.0,"The discovery paradigm of drugs is rapidly growing due to advances in machine learning (ML) and artificial intelligence (AI). This review covers myriad faces of AI and ML in drug design. There is a plethora of AI algorithms, the most common of which are summarized in this review. In addition, AI is fraught with challenges that are highlighted along with plausible solutions to them. Examples are provided to illustrate the use of AI and ML in drug discovery and in predicting drug properties such as binding affinities and interactions, solubility, toxicology, blood–brain barrier permeability and chemical properties. The review also includes examples depicting the implementation of AI and ML in tackling intractable diseases such as COVID-19, cancer and Alzheimer’s disease. Ethical considerations and future perspectives of AI are also covered in this review.",SemanticScholar,FOUND
Business Analytics-Based Enterprise Information Systems,"Sally Firmin, Kenneth Strang, Zhaohao Sun",Journal of Computer Information Systems,57.0,2,p169 - p178,2017,10.1080/08874417.2016.1183977,11-Aug-2016,https://doi.org/10.1080/08874417.2016.1183977,2615.0,55.0,,,NOT_FOUND
Explainable AI for evaluating hospitalization outcomes based on electronic health records for chronic disease patients,"Ofir Ben-Assuli, Gaya Geva, Roni Ramon-Gonen",Health Systems,,,p1 - p15,5187,10.1080/20476965.2026.2728627,08-Sep-2026,https://doi.org/10.1080/20476965.2026.2728627,0.0,0.0,,,NOT_FOUND
The origins of business analytics and implications for the information systems field,Nik Rushdi Hassan,Journal of Business Analytics,2.0,2,p118 - p133,2019,10.1080/2573234x.2019.1693912,22-Nov-2019,https://doi.org/10.1080/2573234x.2019.1693912,1656.0,6.0,"Like many other disciplines, the information systems (IS) community has embraced big data analytics and data science. However, in the rush to exploit the popularity of this latest trend, the areas of big data analytics and data science that are most relevant to the IS field are not made clear. While many consider data analytics as an evolution of decision support systems (DSS), that is, as a technology that needs to be managed or enhanced, this essay traces the complex origins and philosophy of analytics instead back to Luhn’s text analytics in the late 1950s, Naur’s Computing as a Human Activity and his datalogy, Tukey’s Future of Data Analysis of the 1960s, and Codd’s relational database schema in the 1970s, well before big data analytics and data science became industry buzzwords. Many of what is now considered mainstream thinking in big data analytics and data science can be traced back to these visionaries. This essay examines the implications of the complex origins of data analytics and data science for the IS field, specifically on how those different discourses impact future research and practice.",SemanticScholar,FOUND
Mining of affective responses and affective intentions of products from unstructured text,"Z Li, Layne Liu, Z G Tian, Eric Tsui, W M Wang",Journal of Engineering Design,29.0,7,p404 - p429,2018,10.1080/09544828.2018.1448054,12-Mar-2018,https://doi.org/10.1080/09544828.2018.1448054,683.0,44.0,,,NOT_FOUND
Knowledge Organization Systems: A Network for AI with Helping Interdisciplinary Vocabulary Engineering,"Joan Boone, Sam Grabus, Jane Greenberg, Michal Monselise, Xintong Zhao",Cataloging & Classification Quarterly,59.0,8,p720 - p739,2021,10.1080/01639374.2021.1995918,10-Nov-2021,https://doi.org/10.1080/01639374.2021.1995918,1361.0,11.0,"Knowledge Organization Systems (KOS) as networks of knowledge have the potential to inform AI operations. This paper explores natural language processing and machine learning in the context of KOS and Helping Interdisciplinary Vocabulary Engineering (HIVE) technology. The paper presents three use cases: HIVE and Historical Knowledge Networks, HIVE for Materials Science (HIVE-4-MAT), and Using HIVE to Enhance and Explore Medical Ontologies. The background section reviews AI foundations, while the use cases provide a frame of reference for discussing current progress and implications of connecting KOS to AI in digital resource collections.",SemanticScholar,FOUND
Heterogeneous distributed clustering by the fuzzy membership and hierarchical structure,Jih-Jeng Huang,Journal of Industrial and Production Engineering,35.0,3,p189 - p198,2018,10.1080/21681015.2018.1451401,20-Mar-2018,https://doi.org/10.1080/21681015.2018.1451401,95.0,4.0,,,NOT_FOUND
Condition monitoring of an industrial book-cutting machine using a novel mixture of vibration and physics-based features,"Salvatore Caronia, Alessandro Paolo Daga, Ilaria Ronchi, Luca Viale",International Journal of Computer Integrated Manufacturing,39.0,9,p1223 - p1242,2026,10.1080/0951192x.2025.2544540,21-Aug-2025,https://doi.org/10.1080/0951192x.2025.2544540,73.0,0.0,"This study presents an enhanced approach to machinery diagnostics and prognostics, using artificial intelligence and machine learning to improve vibration monitoring systems for industrial equipment maintenance. Targeting a complex automatic book-cutting machine, the proposed diagnostic system integrates a mixture of diverse feature types, combining accelerometric data with physics-based features to provide a more comprehensive and accurate monitoring solution. A dataset, developed through a full factorial design of experiments, covers a range of operational states, while data processing generates an optimal feature set for maintenance decision-making. This hybrid approach, exploiting the novel combination of features, offers superior identification of machine states of health compared to traditional vibration monitoring, generating benefits such as reduced downtime and costs, as well as enhanced product quality. In the specific application analyzed, the proposed method improved classification accuracy by approximately 7% compared to traditional vibration monitoring techniques. By integrating these advancements, achieved through sensor fusion and multi-channel data, into a Supervisory Control And Data Acquisition (SCADA) system, this research aligns with the goals of Industry 4.0, supporting digital and cyber-physical manufacturing systems with an intelligent, data-driven condition-based maintenance strategy suitable for modern automated environments.",SemanticScholar,FOUND
Real estate rental market: a 10-year bibliometric-based review,"Jichang Dong, Zhou He, Yixi Liu, Peilong Wang",Economic Research-Ekonomska Istraživanja,34.0,1,p1752 - p1788,2021,10.1080/1331677x.2020.1848605,14-Dec-2020,https://doi.org/10.1080/1331677x.2020.1848605,6185.0,9.0,"The real estate rental market (RERM) is considered to have an important role in the entire real estate market. It refers to a property composed of land and its buildings, including the natural resources that can be rented or leased. Previous researches show that most developed countries have experienced the historical process of passively renting, actively buying, and actively renting. Moreover, academic interest in the impact of different sectors of the RERM has been reviewed increasingly over the past decade. However, previous studies provide limited insights into a comprehensive review of the RERM. Based on a 10-year database of 790 articles collected from the Web of Science, a comprehensive literature review is presented to discover the knowledge structure of RERM using CiteSpace software. First, this study recognizes the cluster of the articles, and discusses six major clusters in detail. Next, this study has identified four research trends that emerged during the past decade. To reveal the differences between the studies in the United States (US), China and the United Kingdom (UK), this study compares their publication scales and co-word networks. Finally, this study suggests six meaningful future research directions.",SemanticScholar,FOUND
Linking data science to lean production: a model to support lean practices,"Violetta Giada Cannas, Maria Pia Ciano, Rossella Pozzi",International Journal of Production Research,60.0,22,p6866 - p6887,2022,10.1080/00207543.2021.1946192,06-Jul-2021,https://doi.org/10.1080/00207543.2021.1946192,1727.0,24.0,"The literature discusses data science (DS) as a very promising set of techniques and tools to support lean production (LP) practices. DS could aid manufacturing companies in transforming massive real-time data into meaningful knowledge, increasing process transparency and product quality information and supporting improvement activities through data-driven decision-making. However, no attempt has been made in the literature to formalise the links between DS and LP practices. Thus, this study aims to overcome this gap by clarifying the DS techniques and tools that can support LP practices and how to apply them. This study employs a quantitative bibliometric method – specifically, a keyword co-occurrence network analysis – on a set of papers extracted from Scopus. The results obtained allowed the researchers to identify a set of DS techniques and tools that can support LP practices and to develop a model to guide their implementation based on the typical improvement implementation stages of the plan-do-check-act cycle. The model shows how to use DS techniques and tools in LP for: identifying areas for improvement and subsequent implementation (plan); enabling a better knowledge and process management (do); identifying/predicting potential problems and employing statistical process control (check); providing remedial actions and effectively applying process improvement (act).",SemanticScholar,FOUND
Perspectives on the future of manufacturing within the Industry 4.0 era,"Yogesh K Dwivedi, Laurie Hughes, Vishnupriya Raghavan, Nripendra P Rana, Michael D Williams",Production Planning & Control,33.0,2-3,p138 - p158,2022,10.1080/09537287.2020.1810762,30-Aug-2020,https://doi.org/10.1080/09537287.2020.1810762,3812.0,156.0,"The technological choices facing the manufacturing industry are vast and complex as the industry contemplates the increasing levels of digitization and automation in readiness for the modern competitive age. These changes broadly categorized as Industry 4.0, offer significant transformation challenges and opportunities, impacting a multitude of operational aspects of manufacturing organizations. As manufacturers seek to deliver increased levels of productivity and adaptation by innovating many aspects of their business and operational processes, significant challenges and barriers remain. The roadmap towards Industry 4.0 is complex and multifaceted, as manufacturers seek to transition towards new and emerging technologies, whilst retaining operational effectiveness and a sustainability focus. This study approaches many of these significant themes by presenting a critical evaluation of the core topics impacting the next generation of manufacturers, challenges and key barriers to implementation. These factors are further evaluated via the presentation of a new Industry 4.0 framework and alignment of I4.0 themes with the UN Sustainability Goals.",SemanticScholar,FOUND
DataWarrior: an evaluation of the open-source drug discovery tool,"Edgar López-López, José L Medina-Franco, J Jesús Naveja",Expert Opinion on Drug Discovery,14.0,4,p335 - p341,2019,10.1080/17460441.2019.1581170,26-Feb-2019,https://doi.org/10.1080/17460441.2019.1581170,874.0,139.0,"Introduction: DataWarrior is open and interactive software for data analysis and visualization that integrates well-established and novel chemoinformatics algorithms in a single environment. Since its public release in 2014, DataWarrior has been used by research groups in universities, government, and industry. Areas covered: Herein, the authors discuss, in a critical manner, the tools and distinct technical features of DataWarrior and analyze the areas of opportunity. Authors also present the most common applications as well as emerging uses in research areas beyond drug discovery with an emphasis on multidisciplinary projects. Expert opinion: In the era of big data and data-driven science, DataWarrior stands out as a technology that combines prediction of physicochemical properties of pharmaceutical interest, cheminformatics calculations, multivariate data analysis, and interactive visualization with dynamic plots. The well-established chemoinformatics tools implemented in DataWarrior, as well as the innovative algorithms, make the technology useful and attractive as revealed by the increasing number of documented applications.",SemanticScholar,FOUND
Dynamic resource configuration approach for production-logistics synchronization systems based on predictive opti-state control strategy,"Zhicong Hong, George Q Huang, Mingxing Li, Ting Qu, Linping Yu, Yongheng Zhang, Zhongfei Zhang",International Journal of Computer Integrated Manufacturing,,,p1 - p20,5187,10.1080/0951192x.2026.2642262,10-Mar-2026,https://doi.org/10.1080/0951192x.2026.2642262,142.0,0.0,,,NOT_FOUND
"AI, the internet of legal things, and lawyers",Kenneth Tung,Journal of Management Analytics,6.0,4,p390 - p403,2019,10.1080/23270012.2019.1671242,14-Nov-2019,https://doi.org/10.1080/23270012.2019.1671242,1319.0,32.0,"A great deal of has been written about the challenges of a legal profession that resists change and sub-optimizes clients’ benefits, and even more ink has been spilled on the opportunities and thre...",SemanticScholar,FOUND
An integrated CRN-SVR approach for the quality consistency improvement in a diesel engine assembly process,"Qun-Long Chen, Jin-Hua Hu, Wei Qin, Xiao-Xiao Shen, Yan-Ning Sun, Hong-Wei Xu, Zi-Long Zhuang",International Journal of Computer Integrated Manufacturing,,,p1 - p16,5187,10.1080/0951192x.2023.2204469,20-Apr-2023,https://doi.org/10.1080/0951192x.2023.2204469,377.0,14.0,"As the last production link, the diesel engine assembly process (DEAP) significantly impacts the quality consistency of diesel engine products. Therefore, the quality consistency improvement of DEAP has become an urgent problem for academia and industry. The challenge is how to mine the causal relationship in DEAP and establish a reliable quality prediction model. This paper attempts to describe DEAP using a causal relationship network (CRN) and to provide an effective data-based scheme for improving quality consistency by integrating CRN with support vector regression (SVR). First, a two-step CRN learning method is proposed for describing the DEAP. In the first step, the association relationship network is developed by a hybrid direct association detection method of the maximal information coefficient and network deconvolution, which can accurately measure the data relations. In the second step, the information geometric causal inference is employed to determine the direction of the edges in the association relationship network, thus forming the CRN of DEAP. Then, an integrated CRN-SVR approach is proposed to realize the predictive modeling of the critical quality indicators in DEAP, which integrated SVR into CRN. At the same time, it also provides a feasible idea for the interpretability of existing machine learning techniques. Finally, the proposed approach is tested and verified in a real-world DEAP and the obtained RMSE is only 0.033. The results of this study provide theoretical support and technical guarantee for quality consistency improvement in DEAP.",SemanticScholar,FOUND
The chequered past and risky future of digital forensics,Eoghan Casey,Australian Journal of Forensic Sciences,51.0,6,p649 - p664,2019,10.1080/00450618.2018.1554090,02-Feb-2019,https://doi.org/10.1080/00450618.2018.1554090,3109.0,73.0,"There is weak integration of digital forensics and forensic science, despite over a decade of effort to break down the borders between them. As more criminal investigations involve digital traces in increasing amounts and complexity, the quality of digital forensic results is decreasing and comprehension of cybercrime is diminishing. The consequences of errors and omissions in digital forensics include imprisoning innocent people, leaving dangerous criminals free to perpetrate additional crimes, and continuing victimization of the organizations and people targeted by offences. To mitigate these risks it is necessary to harmonize digital forensics and forensic science, and to strengthen knowledge management throughout decentralized forensic ecosystems. To drive the needed harmonization and knowledge management, there are two essential roles: the investigative advisor with operational experience, and the forensic advisor with scientific background. These advisors can negotiate the borders between police, digital forensic specialists, criminal intelligence analysts and attorneys to cultivate a criminal justice system that treats digital traces effectively, has visibility across criminal activities, and addresses crime and security more strategically.",SemanticScholar,FOUND
AI-enabled Enterprise Information Systems for Manufacturing,"Hervé Panetto, Georg Weichhart, Milan Zdravković",Enterprise Information Systems,16.0,4,p668 - p720,2022,10.1080/17517575.2021.1941275,14-Jul-2021,https://doi.org/10.1080/17517575.2021.1941275,3552.0,111.0,"This paper considers Enterprise Information Systems functional architecture and carries out review of AI applications integrated in Customer Relationship Management, Supply Chain Management, Inventory and logistics, Production Planning and Scheduling, Finance and accounting, Product Lifecycle Management and Human Resources, with special attention to the manufacturing enterprises. Enhanced capabilities are identified and proposed as AI services. AI-enablement implements improved decision-making or automation by using Machine Learning models or logic-based systems. It is a process of the enterprise transformation leading to the convergence of the four major disruptive technologies, namely Industrial Internet of Things, Agent-based Distributed Systems, Cloud Computing and Artificial Intelligence.",SemanticScholar,FOUND
Digital academic entrepreneurship: knowledge and public value from an Italian case study,"Vittorio Dell'Atti, Grazia Dicuonzo, Matteo Palmaccio, Giuseppe Russo",Knowledge Management Research & Practice,21.0,5,p943 - p956,2023,10.1080/14778238.2023.2174909,07-Feb-2023,https://doi.org/10.1080/14778238.2023.2174909,475.0,5.0,"The paper investigates the impact of digital technologies in the academic entrepreneurship by enhancing the creation of public value and engaging with stakeholders in all the stages of the entrepreneurial process. We analyse the university of Bari as a pilot case to show emerging digital technologies in the academic environment. The research question is answered through a single case study approach based on Yin’s prescriptions.The analysis consists in a single case study and includes semi-structured interviews with student representatives, the Rector, the General Director, the IT coordinator and the academic delegate for innovation. The paper is novel because describes the impact of digital technologies, as forms of knowledge, on the entrepreneurial process of a public academic institution with the creation of public value. We show how digital technologies enhance the creation of public value for the stakeholders of the University of Bari. The results of this research are relevant for academic institutions seeking to implement digitalisation processes in their ecosystem.",SemanticScholar,FOUND
21st century toolkit for optimizing population health through precision nutrition,"Daniela Barile, Bonnie Dixon, J Bruce German, Bethany Henrick, Danielle Lemay, William Martin, Aifric O'Sullivan, Sara Elizabeth Schaefer, Jennifer Smilowitz, Angela Zivkovic",Critical Reviews in Food Science and Nutrition,58.0,17,p3004 - p3015,2018,10.1080/10408398.2017.1348335,22-Aug-2017,https://doi.org/10.1080/10408398.2017.1348335,1588.0,32.0,"Scientific, technological, and economic progress over the last 100 years all but eradicated problems of widespread food shortage and nutrient deficiency in developed nations. But now society is faced with a new set of nutrition problems related to energy imbalance and metabolic disease, which require new kinds of solutions. Recent developments in the area of new analytical tools enable us to systematically study large quantities of detailed and multidimensional metabolic and health data, providing the opportunity to address current nutrition problems through an approach called Precision Nutrition. This approach integrates different kinds of “big data” to expand our understanding of the complexity and diversity of human metabolism in response to diet. With these tools, we can more fully elucidate each individual's unique phenotype, or the current state of health, as determined by the interactions among biology, environment, and behavior. The tools of precision nutrition include genomics, metabolomics, microbiomics, phenotyping, high-throughput analytical chemistry techniques, longitudinal tracking with body sensors, informatics, data science, and sophisticated educational and behavioral interventions. These tools are enabling the development of more personalized and predictive dietary guidance and interventions that have the potential to transform how the public makes food choices and greatly improve population health.",SemanticScholar,FOUND
Exploring the complementary effects of business analytics capabilities and π-shaped skills on innovation outcomes,"A Mohammed Abubakar, Volkan Işik, Patrick Mikalef, Ofir Turel, Ahmet Türkmen",European Journal of Information Systems,34.0,1,p146 - p163,2025,10.1080/0960085x.2024.2304030,29-Jan-2024,https://doi.org/10.1080/0960085x.2024.2304030,1608.0,21.0,"While it is clear that business analytics (BA), on average, adds value to firms, it is less clear why some firms perform better than others in leveraging their data assets. To a large degree, prior research has attributed such differences to the human factor. Nevertheless, there is still limited knowledge concerning what impact competencies of key personnel have on generating value from BA initiatives, and to what extent such outcomes complement a firm’s investment in BA. To examine these questions, this study explores the complementary relationship between BA capabilities and π-shaped skills. It posits that the concurrent presence of both indirectly influences innovation outcomes by fostering a data-driven culture. We build on a sample of 185 individuals with supervisory positions in Turkey to unpack this process. The findings revealed that BA capabilities and π-shaped skills influence a firm’s data-driven culture, which in turn impacts the firms’ marketing innovation, and subsequently its innovative performance. That is, data-driven culture and firms’ marketing innovation are relevant underlying serial mechanisms by which BA capabilities and π-shaped skills influence innovative performance.",SemanticScholar,FOUND
A meta-analytic study on the organisational learning-performance relationships via country cultural and economic contexts,"Aino Kianto, Gang Liu, Eric Tsui",Knowledge Management Research & Practice,22.0,1,p17 - p31,2024,10.1080/14778238.2022.2147459,21-Nov-2022,https://doi.org/10.1080/14778238.2022.2147459,446.0,6.0,"This study aims to further examine organisational learning–organisational performance relationships, with particular emphasis on the moderating effects of contextual elements, such as national culture and economy, on these relationships. Following a seven-step meta-analysis approach, the aggregated findings from 45 previous studies were analysed. The research findings reveal that organisational learning is positively associated with the financial, non-financial and overall performance of organisations. National culture and economy are critical moderators that affect organisational learning–organisational performance relationships. Organisational learning–non-financial performance relationship is stronger in societies that are characterised by large power distance and collectivism. This is one of the first meta-analytic studies to allow significant theoretical generalisability by clarifying ambiguous relationships between organisational learning and its outcomes as well as revealing the moderating impacts of contextual factors (national culture and economy) on the organisational learning–organisational performance relationships.",SemanticScholar,FOUND
"Natural language processing in drug discovery: bridging the gap
                    between text and therapeutics with artificial intelligence","Melissa Harrison, Sebastian Lobentanzer, Amina Mardiyyah Rufai, Santosh Tirunagari, Aravind Venkatesan, Christine Ann Withers, Barbara Zdrazil",Expert Opinion on Drug Discovery,20.0,6,p765 - p783,2025,10.1080/17460441.2025.2490835,30-Apr-2025,https://doi.org/10.1080/17460441.2025.2490835,4712.0,21.0,"Introduction The field of Natural Language Processing (NLP) within the life sciences has exploded in its capacity to aid the extraction and analysis of data from scientific texts in recent years through the advancement of Artificial Intelligence (AI). Drug discovery pipelines have been innovated and accelerated by the uptake of AI/Machine Learning (ML) techniques. Areas covered The authors provide background on Named Entity Recognition (NER) in text – from tagging terms in text using ontologies to entity identification via ML models. They also explore the use of Knowledge Graphs (KGs) in biological data ingestion, manipulation, and extraction, leading into the modern age of Large Language Models (LLMs) and their ability to maneuver complex and abundant data. The authors also cover the main strengths and weaknesses of the many methods available when undertaking NLP tasks in drug discovery. Literature was derived from searches utilizing Europe PMC, ResearchRabbit and SciSpace. Expert opinion The mass of scientific data that is now produced each year is both a huge positive for potential innovation in drug discovery and a new hurdle for researchers to overcome. Notably, methods should be selected to fit a use case and the data available, as each method performs optimally under different conditions.",SemanticScholar,FOUND
Early detection of vessel delays using combined historical and real-time information,"Heeyoung Kim, Sungil Kim, Yongro Park",Journal of the Operational Research Society,68.0,2,p182 - p191,2017,10.1057/s41274-016-0104-4,21-Dec-2017,https://doi.org/10.1057/s41274-016-0104-4,605.0,46.0,,,NOT_FOUND
The fitness and survival of the OR profession in the age of artificial intelligence,Richard Ormerod,Journal of the Operational Research Society,72.0,1,p4 - p22,2021,10.1080/01605682.2019.1650619,17-Feb-2020,https://doi.org/10.1080/01605682.2019.1650619,636.0,8.0,"How will AI affect OR practice? In OR we aspire to be logical, and therefore our behaviours should be relatively easy to replicate in logic, the basis of computer systems. We also pride ourselves on our attention to context, our project management skills, and our pragmatic approach. To think about the issues, we can turn to our experience of practicing OR and to the insights of mathematics, philosophy, sociology, and economics. Mathematicians and philosophers have widened the scope of logic to cover many aspects of decision-making; sociologists have conducted research into the social context and consequences of new technologies and economists have analysed their rates of penetration. Some OR jobs will be destroyed and others will be created giving rise to new, more varied career paths. The paper concludes that the centre of gravity of OR practice will move from analysis to those aspects difficult to computerise, the ‘residuals’. When AI does finally displace OR practitioners, it may come in the form of ‘AI strong enough for OR’, strong enough to satisfy potential OR clients in terms of efficacy and cost. The OR community needs to get involved more deeply in AI; it has the relevant expertise to do so.",SemanticScholar,FOUND
Delphi Assessment of Home-Based Digital Healthcare for Aging Patients: A Biopsychosocial Perspective,"Miguel Ángel Gandarillas, Nandu Goswami, Adolfo Muñoz-Carrero, Ricardo Sánchez-De-Madariaga",Clinical Interventions in Aging,20.0,,p1455 - p1470,2025,10.2147/cia.s525246,01-Sep-2025,https://doi.org/10.2147/cia.s525246,566.0,1.0,"Purpose The development of home-based clinical interventions and healthcare supported by digital tools has rapidly advanced in recent years, promising improvements in preventive and personalized treatment, especially for aging chronic patients. However, many systems are launched without feedback from healthcare experts, essential for understanding their strengths, limitations, and areas for improvement. This study had two objectives: first, to gather expert opinions on the qualities and limitations of current home-centred healthcare trends for aging patients; second, as a case study, to obtain feedback on a novel system, Time-Integrated Healthcare (TI-Health), integrating these trends. TI-Health uses real-time data to combine bio-psycho-social information through big data and machine learning, enabling health status prediction, diagnosis, prevention, and treatment. Participants and Methods A Delphi group of 60 experts from 9 countries, all with experience using digital health systems, was surveyed. A questionnaire was administered to the group focused on the limitations and qualities of current home-based digital healthcare trends. In addition, the Delphi group provided feedback on the TI-Health system. Results A majority of experts believed that personalized healthcare delivered in the patient’s home will shape the future of healthcare services. The Delphi group identified key qualities of these trends: improved service integration, enhanced patient comfort, cost reduction, and a deeper understanding of the patient’s context. They also highlighted challenges, such as barriers to inter-agency collaboration and data sharing, resistance to change among healthcare professionals, and the need for strong leadership to drive the adoption of new systems. Based on the insights from the Delphi group, this work presents a refined conceptualization of the TI-Health system. Conclusion Designing home-based clinical systems such as TI-Health should prioritize effective inter-agency coordination, ensuring data protection and fostering collaborative leadership throughout the implementation process. These factors are crucial to the successful adoption and utilization of new home-based digital health solutions.",SemanticScholar,FOUND
A new xG model for football analytics,"Maurizio Carpita, Mattia Cefis",Journal of the Operational Research Society,76.0,1,p1 - p13,2025,10.1080/01605682.2024.2323669,28-Feb-2024,https://doi.org/10.1080/01605682.2024.2323669,1084.0,14.0,"The aim of this exploratory study is to refine and improve, in terms of prediction performance, the expected goal (xG) model, one of the emerging tools in the field of football analytics. With this final goal, we merged data from different sources: tracking data, match event data and some players’ performance composite indicators. Using an original sample of match data relying on the 2019/2020 season of the Italian Serie A, composed of 660 shots, one outcome (i.e. the GOAL) and 22 regressors, a supervised machine learning approach (logistic regression model with imbalanced training sample adjustment) was applied to different scenarios for sample balanced techniques. Results are interesting in terms of sensitivity and F1 metrics, compared with a benchmark (Understat). Other results concerning the classic imbalance framework significantly outperform the benchmark in terms of the AUC metric. In addition, some performance composite indicators and one original tracking variable are significant for the classification model, contributing to increasing the goal prediction probability compared with the benchmark.",SemanticScholar,FOUND
The role of artificial intelligence in shaping the future of Agile fashion industry,"Shahriar Akter, Md Morsaline Billah, Dieu Hack-Polay, Mujahid Mohiuddin Babu, Mahfuzur Rahman",Production Planning & Control,35.0,15,p2084 - p2098,2024,10.1080/09537287.2022.2060858,26-Apr-2022,https://doi.org/10.1080/09537287.2022.2060858,7468.0,93.0,"Artificial intelligence (AI) has become an integral part of every industry. With the emergence of big data, the industries, and more especially textile and apparel (T&A) industry, are on the brink of relationships with consumers, suppliers, and competitors. They need to handle different scenarios with a multitude of complex correlations and dependencies between them and uncertainties arising from human interaction. It has become imperative for them to manage huge amounts of data for the optimization of decision-making processes. In such circumstances, AI techniques have shown promise in every segment of the T&A value chain, from product discovery to robotic manufacturing. The potential wide-ranging applications of AI in T&A industry have found their ways into design support systems to T&A recommendation systems, intelligent tracking systems, quality control, T&A forecasting, predictive analytics in supply chain management or social networks and T&A e-commerce. The research recourses to the qualitative method in the form of systematic literature review and in-depth interviews from senior management people and industry experts. Findings identify the dimensions of AI to develop dynamic capability along with its potential impact and probable challenges. As such, the findings contribute to relevant literature and offer useful insights for academia and practitioners.",SemanticScholar,FOUND
Flexibility management and decision making in cyber-physical systems utilizing digital lean principles with Brain-inspired computing pattern recognition in Industry 4.0,"Success L Babhare, Aditya D Dhepe, Prayag S Jadhav, Vaibhav Devidas Shevale, Praful P Ulhe, Yash S Warghane",International Journal of Computer Integrated Manufacturing,37.0,6,p708 - p725,2024,10.1080/0951192x.2023.2257633,11-Sep-2023,https://doi.org/10.1080/0951192x.2023.2257633,793.0,22.0,"Industry 4.0 and its accompanying Cyber-Physical Manufacturing Systems in digitized have recently made new approaches to optimising production operations in manufacturing. The objective of this article is to evaluate how digital lean principles can support Industry 4.0 in pursuit of reducing non-value-added tasks from production processes, flexibility management and decision-making process with machine learning techniques. This research study comes under three levels, such as data level, information level, and knowledge level. Initially, the data from the CNC machine are collected via a Wireless Sensor Network (WSN). The collected data are stored in the cloud platform where the unwanted wastes of 7 Muda are removed by using the Value Stream Mapping (VSM 4.0) tool. It is critical in the big data world to have a systematic method for gathering, managing, and analysing data to gain valuable insights from it. Predictive maintenance provides a detailed examination of the detection, location and diagnosis of faults in related types of machinery. Accordingly, Big Data Analytics empowers the lean principle technique of Total Productive Maintenance (TPM) is suggested for avoiding potential failures to predict maintenance by allowing KPIs to be calculated in real-time. This approach requires high-performance procedures and adaptable manufacturing systems in the current digitalized lean. The information is then processed in the knowledge layer, utilizing the algorithm, rule and lean knowledge bases. The flexibility of manufacturing firms is determined by the adaptability of their shop floor processes. To meet these requirements the article developed pull control techniques of capacity slack CONWIP (CSC) control in digital lean production systems to guide the CPS deployment to offer flexible production systems. Reliable software systems are hoped to facilitate data analysis and autonomous decision-making. Finally, in the decision-making process, the article proposed the Brain-Inspired Computing of Structural and Syntactic (BIC-SS) pattern recognition method. The performance analysis of these findings is simulated in MATLAB software. Simulation can be done with the identification of ideal Kanban parameters like cycle time, lead time, delivery frequency and lot size. Furthermore, lean manufacturing improves company quality and productivity by decreasing waste and production costs, as well as adapting well to the many innovative systems that encourage the culture of change and quality inside organizations.",SemanticScholar,FOUND
Knowledge backgrounds and additive manufacturing: moderating effects on part identification approaches and supply chain outcomes,"Jeppe Foshammer, Iñigo Flores Ituarte, Peder Veng Søberg",International Journal of Production Research,64.0,10,p3766 - p3786,2026,10.1080/00207543.2025.2584722,27-Nov-2025,https://doi.org/10.1080/00207543.2025.2584722,913.0,2.0,"This study investigates how knowledge backgrounds influence part identification in additive manufacturing (AM) decision-making. We examine the interplay between design- and supply chain-oriented expertise in shaping whether firms pursue AM-based redesign or 1:1 substitution. Using a multiple-case study approach, we conducted workshops in two defence-related organisations and one workshop beyond the defence sector, analysing how diverse knowledge backgrounds impact decision outcomes. The findings suggest that while diverse expertise fosters creative potential, effective facilitation is necessary to manage conflicting priorities. We introduce a structured decision framework to support AM part identification by balancing design feasibility and supply chain constraints. This study contributes to knowledge management (KM) in AM by demonstrating how absorptive capacity influences decision-making in AM adoption, with implications for organisations integrating AM into their supply chains.",SemanticScholar,FOUND
Resilient Framework for Managing a Pandemic in a Smart City,"Wala Abdalla, Gabriel Martinez Volquez, Vikram Patil, Suresh Renukappa, Redouane Sarrakh, Subashini Suresh, Tonny Veenith",Engineering Management Journal,37.0,5,p557 - p570,2025,10.1080/10429247.2025.2538369,11-Aug-2025,https://doi.org/10.1080/10429247.2025.2538369,1165.0,3.0,"Smart cities represent a substantial opportunity for city leaders and decision-makers to effectively manage the unprecedented challenges that the COVID-19 pandemic has presented, with the lessons learnt helping to prepare for any future outbreaks. This study is based on transition theory. It explores the three stages of transition, “before,” “during,” and “after” as a continuous loop as people move into the transition, through the transition, and out of the transition. This study explores how strategies and technologies have facilitated and enabled knowledge management during the COVID-19 pandemic, enhancing city resilience during the three periods (“before,” “during,” and “after”) of transition in smart city. The methodological approach for this study was a qualitative design. First, a systematic literature review was undertaken, followed by two focus groups with smart city leaders and key stakeholders. The findings were then validated via focused semi-structured interviews. The study proposed a “resilience framework for managing COVID-19 pandemic in smart cities.” The findings indicate that smart technologies have enabled the creation of a knowledge base of best and worst practices, lessons learned documents, patient case stories, smart technology use cases, policy documents, and performance reports.",SemanticScholar,FOUND
Combined peak price tracking strategies for online portfolio selection based on the meta-algorithm,"Jiahao Li, Hong Lin, Xingyu Yang, Yong Zhang",Journal of the Operational Research Society,75.0,10,p2032 - p2051,2024,10.1080/01605682.2023.2295975,06-Mar-2024,https://doi.org/10.1080/01605682.2023.2295975,249.0,3.0,"Machine learning algorithms have been widely used to establish online portfolio selection strategies. Meta-algorithm, one of the machine learning algorithms, has the advantage of combining different base expert algorithm, which can greatly reduce the risk of choosing wrong experts, especially in the case of the base expert algorithm being very sensitive to the expert selection. In this paper, we investigate the online portfolio selection problem using Online Gradient Update (OGU) and Online Newton Update (ONU) meta-algorithms to combine expert advice for price prediction, in order to avoid the prediction bias caused by using a single expert that uses a fixed parameter. In addition, we theoretically analyze the price prediction algorithms’ regret bounds, which can guarantee that the prediction algorithms perform as well as the optimal combined prediction algorithm in hindsight. More importantly, we establish an online portfolio optimization model based on the price estimator, and obtain the portfolio update formula via Lagrange method. Finally, extensive numerical experiments are conducted to test the performance of the proposed strategies in several real-world stock markets. The empirical results show that our strategies are competitive and efficient in the diverse financial environment.",SemanticScholar,FOUND
Automating data collection methods in electronic health record systems: a Social Determinant of Health (SDOH) viewpoint,"Kelsey Berg, Chelsea Doktorchik, Hude Quan, Vineet Saini",Health Systems,12.0,4,p472 - p480,2023,10.1080/20476965.2022.2075796,19-May-2022,https://doi.org/10.1080/20476965.2022.2075796,5998.0,19.0,"Social Determinant of Health (SDOH) data are important targets for research and innovation in Health Information Systems (HIS). The ways we envision SDOH in “smart” information systems will play a considerable role in shaping future population health landscapes. Current methods for data collection can capture wide ranges of SDOH factors, in standardised and non-standardised formats, from both primary and secondary sources. Advances in automating data linkage and text classification show particular promise for enhancing SDOH in HIS. One challenge is that social communication processes embedded in data collection are directly related to the inequalities that HIS attempt to measure and redress. To advance equity, it is imperative thatcare-providers, researchers, technicians, and administrators attend to power dynamics in HIS standards and practices. We recommend: 1. Investing in interdisciplinary and intersectoral knowledge generation and translation. 2. Developing novel methods for data discovery, linkage and analysis through participatory research. 3. Channelling information into upstream evidence-informed policy.",SemanticScholar,FOUND
"Real-time data exploitation supported by model- and event-driven architecture to enhance situation awareness, application to crisis management","Anne-Marie Barthe-Delanoë, Frédérick Bénaben, Audrey Fertier, Aurélie Montarnal, Sébastien Truptil",Enterprise Information Systems,14.0,6,p769 - p796,2020,10.1080/17517575.2019.1691268,29-Nov-2019,https://doi.org/10.1080/17517575.2019.1691268,554.0,12.0,"An effective crisis response requires up-to-date information. The crisis cell must reach for new, external, data sources. However, new data lead to new issues: their volume, veracity, variety or velocity cannot be managed by humans only, especially under high stress and time pressure. This paper proposes (i) a framework to enhance situation awareness while managing the 5Vs of Big Data, (ii) general principles to be followed and (iii) a new architecture implementing the proposed framework. The latter merges event-driven and model-driven architectures. It has been tested on a realistic flood scenario set up by official French services.",SemanticScholar,FOUND
OMIR: Ontology-Based Multimedia Information Retrieval System for Web Usage Mining,"K Muneeswaran, R Uma",Cybernetics and Systems,48.0,4,p393 - p414,2017,10.1080/01969722.2017.1285163,13-Mar-2017,https://doi.org/10.1080/01969722.2017.1285163,186.0,4.0,,,NOT_FOUND
Building supply-chain resilience: an artificial intelligence-based technique and decision-making framework,"Amine Belhadi, Samuel Fosso Wamba, Sachin Kamble, Maciel M Queiroz",International Journal of Production Research,60.0,14,p4487 - p4507,2022,10.1080/00207543.2021.1950935,13-Jul-2021,https://doi.org/10.1080/00207543.2021.1950935,17732.0,321.0,"Artificial Intelligence (AI) offers a promising solution for building and promoting more resilient supply chains. However, the literature is highly dispersed regarding the application of AI in supply-chain management. The literature to date lacks a decision-making framework for identifying and applying powerful AI techniques to build supply-chain resilience (SCRes), curbing advances in research and practice on this interesting interface. In this paper, we propose an integrated Multi-criteria decision-making (MCDM) technique powered by AI-based algorithms such as Fuzzy systems, Wavelet Neural Networks (WNN) and Evaluation based on Distance from Average Solution (EDAS) to identify patterns in AI techniques for developing different SCRes strategies. The analysis was informed by data collected from 479 manufacturing companies to determine the most significant AI applications used for SCRes. The findings show that fuzzy logic programming, machine learning big data, and agent-based systems are the most promising techniques used to promote SCRes strategies. The study findings support decision-makers by providing an integrated decision-making framework to guide practitioners in AI deployment for building SCRes.",SemanticScholar,FOUND
Getting along with frenemies: enhancing multi-competitor coopetition governance through artificial intelligence and blockchain,Jennifer L Woolley,Industry and Innovation,30.0,9,p1156 - p1189,2023,10.1080/13662716.2023.2168519,19-Jan-2023,https://doi.org/10.1080/13662716.2023.2168519,1472.0,20.0,"Collaborating with one competitor is difficult but collaborating with several competitors is a monumental challenge. However, multi-competitor coopetition, or cooperation between multiple competitors, is increasing. This study examines how recent advancements in artificial intelligence (AI) and blockchain can support multi-competitor coopetition by enhancing governance. Examining two coopetitive R&D consortia in pharmaceuticals and medical imaging, we find that a nascent form of AI called federated learning can address key coopetition concerns such proprietary and confidential data protection, knowledge leakage, data sovereignty and silos thereby maintaining organisational boundaries and autonomy. The use of federated learning and blockchain increases transparency and accountability, which reduces information asymmetries and power differential inequities. Together, these technologies decentralise governance and authority, reducing the tension between collective value creation and individual value appropriation inherent in coopetition, particularly those with multiple competitors. Finally, this study illustrates how emerging technologies challenge traditional assumptions about organisational boundaries, distributed innovation, and coopetition.",SemanticScholar,FOUND
Digitalising the Systematic Literature Review process: the MySLR platform,"Salvatore Ammirato, Vincenzo Corvello, Alberto M Felicetti, Roberto Linzalone, Daniele Rogano",Knowledge Management Research & Practice,21.0,4,p777 - p794,2023,10.1080/14778238.2022.2041375,27-Feb-2022,https://doi.org/10.1080/14778238.2022.2041375,3456.0,57.0,"The main contribution of this paper is the development of a digital platform to support researchers in conducting systematic literature reviews (SLRs). The digital platform is able to overcome limitations of other available tools to support, in particular, reviews in the organisation and management field of study. The name of this platform is MySLR. After analysing characteristics of main approaches for SLRs, we highlighted limitations of methods and digital platforms currently used to support researchers in SLRs thus we defined an original methodology for digitalising the SLR phases. The methodology, that can overcome limitations of other methods, has been implemented in the MySLR digital platform. To validate the correctness of the methodology and test the robustness of MySLR, a SLR use case has been carried out in the field of human resource management in the context of Industry 4.0. Main results of this SLR have been reported as well.",SemanticScholar,FOUND
Computational Target Fishing: What Should Chemogenomics Researchers Expect for the Future of in silico Drug Design and Discovery?,"Lirong Wang, Xiang-Qun Xie",Future Medicinal Chemistry,6.0,3,p247 - p249,2014,10.4155/fmc.14.5,28-Feb-2014,https://doi.org/10.4155/fmc.14.5,3317.0,48.0,"“Advances in cell signaling, chemical genomics and proteomics have provided new potential drug targets, whereas computational target fishing technologies increase our ability to efficiently and effectively screen against these targets in high-throughput formats.”",SemanticScholar,FOUND
The importance of information technology to organizational results within the Baldrige award,"Xianghui Peng, Victor Prybutok, Yuchen Wang",Quality Management Journal,29.0,1,p3 - p17,2022,10.1080/10686967.2021.2006584,03-Jan-2022,https://doi.org/10.1080/10686967.2021.2006584,595.0,8.0,"Information technology (IT) is considered as a key to business success by academia and industry. Notably, IT has evolved to an organization-level role that is far beyond previous technology supports and information storage functions; rather, it serves as a core analytics tool, combined with machine learning and artificial intelligence, to facilitate quality management (QM) and communication among business units. The authors derived their research model through literature and the Baldrige framework, and tested the hypothesized research model through partial least squares – structural equation modeling using cross-sectional survey data. This study investigates how IT integrates with QM practices to affect organizational performance. The results show that IT makes a considerable difference to the function of QM by interacting with business operations and leadership, resulting in improved organizational performance. The implications of the results bring IT and other business functions together and shape an ecosystem of IT-enabled organizational frameworks in the Big Data era.",SemanticScholar,FOUND
Design and development of automobile assembly model using federated artificial intelligence with smart contract,"S C Lenny Koh, Arunmozhi Manimuthu, Yangyan Shi, V Raja Sreedharan, V G Venkatesh",International Journal of Production Research,60.0,1,p111 - p135,2022,10.1080/00207543.2021.1988750,26-Oct-2021,https://doi.org/10.1080/00207543.2021.1988750,11829.0,72.0,"With smart sensors and embedded drivers, today’s automotive industry has taken a giant leap in emerging technologies like Machine learning, Artificial intelligence, and the Internet of things and started to build data-driven decision-making strategies to compete in global smart manufacturing. This paper proposes a novel design framework that uses Federated learning-Artificial intelligence (FAI) for decision-making and Smart Contract (SC) policies for process execution and control in a completely automated smart automobile manufacturing industry. The proposed design introduces a novel element called Trust Threshold Limit (TTL) that helps moderate the excess usage of embedded equipment, tools, energy, and cost functions, limiting wastages in the manufacturing processes. This research highlights the use cases of AI in decentralised Blockchain with smart contracts, the company’s trading policies, and its advantages for effectively handling market risk assessments during socio-economic crisis. The developed model supported by real-time cases incorporated cost functions, delivery time and energy evaluations. Results spotlight the use of FAI in decision accuracy for the developed smart contract-based Automobile Assembly Model (AAM), thereby qualitatively limiting the threshold level of cost, energy and other control functions in procurement assembly and manufacturing. Customisation and graphical user interface with cloud integration are some challenges of this model.",SemanticScholar,FOUND
Skills Expectations in Cybersecurity: Semantic Network Analysis of Job Advertisements,"C Matt Graham, Yonggang Lu",Journal of Computer Information Systems,63.0,4,p937 - p949,2023,10.1080/08874417.2022.2115954,09-Sep-2022,https://doi.org/10.1080/08874417.2022.2115954,1465.0,17.0,"Cybersecurity jobs are in demand around the country in response to the rapidly growing number of cyberattacks on businesses and government entities. While there is some consensus on core technical skills needed to fill these positions, many hiring employers are not aware of or deemphasize the importance of soft skills in these positions. Using a semantic network analysis of job advertisements, this study sought to answer two research questions: what are the most critical soft skills cybersecurity employers seek? And how are the soft skills related to the hard skills based on industry expectations? This study reports the analysis of 17,929 cybersecurity job advertisements. Our results found that three categories of soft skills emerged: Knowledge management and systems, big data analytical skills, and teamwork and diversity are all highly sought after. In addition, our study findings reinforce a critical role information system is playing in cyber security.",SemanticScholar,FOUND
"A review on three decades of manufacturing maintenance research: past, present and future directions","Simone Arena, Emmanuel Francalanza, Roberto Sala",Production & Manufacturing Research,13.0,1,,2025,10.1080/21693277.2025.2469037,20-Feb-2025,https://doi.org/10.1080/21693277.2025.2469037,4142.0,2.0,"Maintenance engineering has taken up more and more a strategic function in recent decades due to technological advancements and its role in asset productivity. Over time, a plethora of methods have been proposed, shifting from reactive approaches to complex, data-driven strategies focused on failure prediction (e.g. through Machine learning) and knowledge management (e.g. based on ontologies and large language models). The advancements achieved by maintenance have also beneficially impacted production quality, sustainability, and safety. This work presents the results of a systematic literature review of papers published on the topic of maintenance in the past 30 years. In particular, natural language processing has been used to analyze abstract, extract topics and, through further analysis delineate past, current, and future trends in the field of maintenance engineering in manufacturing. This work contributes to define a vision on how maintenance in manufacturing will evolve in the next future.",SemanticScholar,FOUND
Unpacking data analytics: rhetorical analysis,"Kirsi-Mari Kallio, Lauri Lepistö, Sinikka Lepistö",Technology Analysis & Strategic Management,35.0,8,p993 - p1004,2023,10.1080/09537325.2021.1990876,19-Oct-2021,https://doi.org/10.1080/09537325.2021.1990876,5018.0,3.0,"This study delves into the idea of data analytics and investigates the rhetoric through which its qualities are rendered accessible to people. It poses the following research question: How is data analytics and its relationship to organisations made attractive through rhetorical strategies? The analysis is based on 16 articles on data analytics published in the Harvard Business Review (HBR) from 2006 to 2020. Due to the analysis, two rhetorical strategies were identified: creativity and delegation. The findings suggested that contradictions prevail in the idea of data analytics. The creativity strategy underscores the illumination of possibilities in the application of data analytics, whereas the delegation strategy increasingly emphasises the need for organisational change, including the redistribution of work. In this study, we suggest that while data analytics can bring about various benefits, it can also create new uncertainties in an organisation. The contradictory features of data analytics may easily go unrecognised by practitioners.",SemanticScholar,FOUND
Resource deployment system implications of migrating the firm into a digital value creation paradigm,Göran Roos,Knowledge Management Research & Practice,16.0,3,p281 - p291,2018,10.1080/14778238.2018.1489358,10-Jul-2018,https://doi.org/10.1080/14778238.2018.1489358,285.0,7.0,"This article uses the intellectual capital-based view of the firm, to draw conclusions about both the change in relative importance of resources and the change in relative influence of transformations in the firm’s resource transformation system when introducing digital technologies. The methodology is a synthesis of research conducted on the implications of digital technologies for the firm’s value creation, through a review of the literature, combined with two case studies. The findings are that when introducing digital technologies, firms will migrate towards a value network logic. There will also be an increasing value creating influence of transformations into and out of the organisational resource category, and there will be an increase in the number of possible revenue streams that can be created. A clear practical implication for managers from this increased complexity is the need to simulate potential new resource deployment systems to verify their effectiveness before implementing them.",SemanticScholar,FOUND
Enhancing Product Manufacturing through Smart Virtual Product Development (SVPD) for Industry 4.0,"Muhammad Bilal Ahmed, Farhat Majeed, Cesar Sanin, Edward Szczerbicki",Cybernetics and Systems,51.0,2,p246 - p257,2020,10.1080/01969722.2019.1705544,20-Jan-2020,https://doi.org/10.1080/01969722.2019.1705544,361.0,12.0,"This paper proposes the Smart Virtual Product Development (SVPD) system, which enhances the industrial product manufacturing processes. The proposed system comprises of three main modules: design knowledge management (DKM), manufacturing capability analysis and process planning (MCAPP), and product inspection planning (PIP). Smart virtual product development system collects, stores, and uses experiential knowledge from formal decisional events in the form of set of experience (SOE). This research explains the working mechanism of MCAPP module, and shows how manufacturing knowledge of similar products having some common features and functions is used to enrich the manufacturing process. First, the basic description and principles of the approach are introduced, then the prototype version of the system is developed and tested for manufacturing capability and process planning (MCAPP) module for the case study, which verifies the feasibility of the proposed approach. The presented system successfully supports smart manufacturing, and can play a vital role in Industry 4.0.",SemanticScholar,FOUND
Philosophical foundations for informing the future(S) through IS research,"Mike Chiasson, Elizabeth Davidson, Jenifer Winter",European Journal of Information Systems,27.0,3,p367 - p379,2018,10.1080/0960085x.2018.1435232,01-Mar-2018,https://doi.org/10.1080/0960085x.2018.1435232,1985.0,31.0,,,NOT_FOUND
DMAIC 4.0 in Action: introducing MSA 4.0 and Poka Yoke 4.0,"Jiju Antony, Tim Komkowski, Jonas Neustock, Tanawadee Pongboonchai-Empl, Michael Sony, Dietmar Stemann",International Journal of Computer Integrated Manufacturing,,,p1 - p21,5187,10.1080/0951192x.2025.2599558,10-Dec-2025,https://doi.org/10.1080/0951192x.2025.2599558,2049.0,4.0,,,NOT_FOUND
"Operational research for sustainability: a synthesis of methods, applications and challenges",Adolf Acquaye,Journal of the Operational Research Society,77.0,1,p8 - p42,2026,10.1080/01605682.2025.2523362,29-Jun-2025,https://doi.org/10.1080/01605682.2025.2523362,4315.0,10.0,"This critical review explores the evolving role of Operational Research (OR) in addressing sustainability challenges. It synthesizes key OR methods including optimization, simulation, game theory, multi-criteria decision analysis, and system dynamics, highlighting their utility in managing the complex, multidimensional aspects of sustainable development. Tracing OR’s transition from military and industrial applications to its modern use in environmental management, resource allocation, and policymaking, the article underscores its value in scenario analysis, decision-making, and evaluating trade-offs across economic, environmental, and social dimensions. Drawing on case studies and systematic reviews, the study examines how OR techniques are applied in real-world sustainability contexts. It also investigates emerging trends such as hybrid modeling, integration with big data, and participatory decision frameworks that promote equity and inclusiveness. A critical assessment is made of existing limitations, including data constraints, stakeholder diversity, and methodological complexity. Unlike prior reviews, this article offers a holistic, interdisciplinary approach and proposes a forward-looking research agenda. This agenda centers on four thematic pillars: Methodological Enhancements, Holistic Integration, Stakeholder and Policy Engagement, and Broadening OR Applications. Each pillar is supported by Key Themes that shape objective-setting and the formulation of future research questions, aiming to expand OR’s contributions to sustainable development.",SemanticScholar,FOUND
The impact of chemoinformatics on drug discovery in the pharmaceutical industry,"Abraham Madariaga-Mazon, Gerald Maggiora, Karina Martinez-Mayorga, José L Medina-Franco",Expert Opinion on Drug Discovery,15.0,3,p293 - p306,2020,10.1080/17460441.2020.1696307,22-Jan-2020,https://doi.org/10.1080/17460441.2020.1696307,784.0,81.0,"Introduction: Even though there have been substantial advances in our understanding of biological systems, research in drug discovery is only just now beginning to utilize this type of information. The single-target paradigm, which exemplifies the reductionist approach, remains a mainstay of drug research today. A deeper view of the complexity involved in drug discovery is necessary to advance on this field. Areas covered: This perspective provides a summary of research areas where cheminformatics has played a key role in drug discovery, including of the available resources as well as a personal perspective of the challenges still faced in the field. Expert opinion: Although great strides have been made in the handling and analysis of biological and pharmacological data, more must be done to link the data to biological pathways. This is crucial if one is to understand how drugs modify disease phenotypes, although this will involve a shift from the single drug/single target paradigm that remains a mainstay of drug research. Moreover, such a shift would require an increased awareness of the role of physiology in the mechanism of drug action, which will require the introduction of new mathematical, computer, and biological methods for chemoinformaticians to be trained in.",SemanticScholar,FOUND
Theorising Algorithmic Justice,"Dubravka Cecez-Kecmanovic, Olivera Marjanovic, Richard Vidgen",European Journal of Information Systems,31.0,3,p269 - p287,2022,10.1080/0960085x.2021.1934130,21-Jun-2021,https://doi.org/10.1080/0960085x.2021.1934130,5216.0,50.0,"The mounting evidence of unintended harmful social consequences of automated algorithmic decision-making (AADM), powered by AI and big data, in transformative services (e.g., welfare services), is startling. The algorithmic harm experienced by individuals, communities and society-at-large involves new injustice claims and disputes that go beyond issues of social justice. Drawing from the theory of “abnormal justice” in this paper we articulate a new theory of algorithmic justice that addresses the questions: WHAT is the matter of algorithmic justice? WHO counts as a subject of algorithmic justice? HOW are algorithmic justices performed? and How to address and resolve disputes about the WHAT, WHO and HOW of algorithmic justice? We illustrate the theory of algorithmic justice by drawing from a case of AADM in social welfare services, widely adopted by governments around the world. Our research points to datafication, technological inscribing and the systemic nature of injustices as important IS-specific aspects of algorithmic justice. Our main practical contribution comes from the articulation of algorithmic justice as a framework that (1) makes visible the injustices related to the “what”, “who”, and “how” of AADM in transformative services, and (2) provides further insights into how we might address and resolve these algorithmic injustices.",SemanticScholar,FOUND
Establishing environment sustentation strategies for urban and rural/town tourism based on a hybrid MCDM approach,Chia-Li Lin,Current Issues in Tourism,23.0,19,p2360 - p2395,2020,10.1080/13683500.2019.1642308,20-Jul-2019,https://doi.org/10.1080/13683500.2019.1642308,1049.0,59.0,"The initial views of community empowerment were considered residents as the subject for construction in the city and town. Because the development of city and town also increased tourism, in recent years residents have been encouraged to remodel with new styles and features. This study tries to explore the driving forces for the development of urban and rural/town tourism. The findings will allow stakeholders (residents, tourists, sojourners, and government) to reexamine the future for the development of urban and rural tourism and to rediscover new value-driving forces by the urban and rural/town tourism development. This study defines an evaluation system of urban and rural tourism by four aspects: cultural preservation, environment sustentation, economic development, and social consciousness. This study adopts the integrated MCDM approach to evaluate the SDI (Sustainable Development Index) for urban and rural/town tourism based on the five tourist towns in northern Taiwan. The research findings will help authorities understand the competitive advantages of tourism in each location and draw up development strategies for urban and rural/town tourism based on the common value of stakeholders. This study also proposes new viewpoints and tourist highlights to help stakeholders identify the next generation for tourism in urban and rural areas.",SemanticScholar,FOUND
How do micro-psychological and macro-socioeconomic factors influence construction safety knowledge sharing? Insights from a mixed-AI approach,"Rebecca Kechen Dong, Rita Yi Man Li, Ruihui Pu, Liyun Zeng",Labour and Industry,35.0,1,p15 - p40,2025,10.1080/10301763.2025.2466252,26-Feb-2025,https://doi.org/10.1080/10301763.2025.2466252,1649.0,5.0,"Construction safety knowledge-sharing is beneficial for construction accident reduction. This study explores the relationship between micro-psychological and macro-socioeconomic factors influencing engineering workers’ motivations to share construction safety knowledge via surveys and microblogs. The quantitative results found that better-perceived organisational support in sound economic regions and longer services significantly raised workers’ willingness to share construction safety information. The qualitative results of 3701 microblogs and 8200 comments echoed the survey’s findings that workers in wealthier regions actively share more construction safety knowledge. Besides, governments were key opinion leaders in engineering and construction knowledge sharing. These findings differed from those of overseas social media, where most key opinion leaders were individuals or private companies, and knowledge-sharing motivations came from individuals. This paper extended the knowledge-sharing theory by uncovering the interactions between economic and psychological factors that motivate knowledge-sharing in engineering and construction safety. It is the first to study microblog engineering and construction safety knowledge-sharing. Second, it contributes to the methodological foci by employing the white box H2O Driverless AI model. Third, it offers managerial implications to construction practitioners. This study provides a novel approach to analysing social media data; however, it is limited by the location of the study and social media types.",SemanticScholar,FOUND
Analysing repeated hospital readmissions using data mining techniques,"Ofir Ben-Assuli, Rema Padman",Health Systems,7.0,3,p166 - p180,2018,10.1080/20476965.2018.1510040,09-Nov-2018,https://doi.org/10.1080/20476965.2018.1510040,277.0,9.0,"Few studies have examined how to identify future readmission of patients with a large number of repeat emergency department (ED) visits. We explore 30-day readmission risk prediction using Microsoft’s AZURE machine learning software and compare five classification methods: Logistic Regression, Boosted Decision Trees (BDTs), Support Vector Machine (SVM), Bayes Point Machine (BPM), and Two-Class Neural Network (TCNN). We predict the last readmission visit of frequent ED patients extracted from the electronic health records of their 8455 penultimate visits. The methods show differential improvement, with the BDT indicating marginally better AUC (area under the ROC curve) than logistic regression and BPM, followed by the TCNN and SVM. A comparison of BDT and Logistic Regression results for correct and incorrect classification highlights the similarities and differences in the significant predictors identified by each method. Future research may incorporate time-varying covariates to identify other longitudinal factors that can lead to readmission risk reduction.",SemanticScholar,FOUND
Refined dimensional accuracy in FDM components via ensemble weight-optimized surrogates and hybrid NSGA-II-TOPSIS optimization,"Amir Hosein Adhami, Mohammad Baraheni, Farid Gholipour, Ali Mahdavi Tabatabaee, Mohammad Reza Shabgard, Behzad Hashemi Soudmand",International Journal of Computer Integrated Manufacturing,38.0,10,p1377 - p1398,2025,10.1080/0951192x.2024.2426145,14-Nov-2024,https://doi.org/10.1080/0951192x.2024.2426145,285.0,7.0,"In this paper, a novel approach was developed to predict the geometrical deviation and density of fused deposition modeling (FDM) parts and to optimize these outcomes by fine-tuning the relevant process variables. The prediction process utilized an ensemble approach, combining the optimized weighted sum of three individual surrogate models. These models correlate the input variables – nozzle temperature (NT), infill fraction (IF), and print speed (PS) – with the output responses of density, internal ovality (IO), and external ovality (EO). According to the results, the ensemble outperformed the individual surrogates, exhibiting enhanced predictive accuracy. Subsequently, non-dominated sorting genetic algorithm II (NSGA-II), a multi-objective optimization technique, was integrated with the technique for order of preference by similarity to ideal solution (TOPSIS), a multi-criteria decision-making method, to optimize the ensemble of surrogates (EoS) and generate a ranked set of Pareto-optimal solutions. The outcomes from the EoS, combined with the NSGA-II-TOPSIS hybrid optimization process, revealed that the most effective optimal control parameters were approximately 195°C for NT, 50% for IF, and a range of 55–66 mm/min for PS. This hybrid approach affirmed the reliability and robustness of the identified processing parameters for the production of top-quality FDM parts with desired dimensional accuracy and density.",SemanticScholar,FOUND
Utilizing knowledge graphs for explainable artificial intelligence in manufacturing,"Ramy Harik, Amit Sheth, Revathy Venkataramanan, Fadi el Kalach",International Journal of Computer Integrated Manufacturing,,,p1 - p14,5187,10.1080/0951192x.2026.2619782,20-Jan-2026,https://doi.org/10.1080/0951192x.2026.2619782,175.0,2.0,,,NOT_FOUND
Robust outcome weighted learning for optimal individualized treatment rules,"Sheng Fu, Qinying He, Yufeng Liu, Sanguo Zhang",Journal of Biopharmaceutical Statistics,29.0,4,p606 - p624,2019,10.1080/10543406.2019.1633657,16-Jul-2019,https://doi.org/10.1080/10543406.2019.1633657,378.0,7.0,"Personalized medicine has received increasing attentions among scientific communities in recent years. Because patients often have heterogenous responses to treatments, discovering individualized treatment rules (ITR) is an important component of precision medicine. To that end, one needs to develop a proper decision rule using patient-specific characteristics to maximize the expected clinical outcome, i.e. the optimal ITR. Recently, outcome weighted learning (OWL) has been proposed to estimate optimal ITR under a weighted classification framework. Since most of commonly used loss functions are unbounded, the resulting ITR may suffer similar effects of outliers as the corresponding classifiers. In this paper, we propose robust OWL (ROWL) to build more stable ITRs using a new family of bounded and non-convex loss functions. Moreover, we extend the proposed ROWL method to the multiple treatment setting under the angle-based classification structure. Our theoretical results show that ROWL is Fisher consistent, and can provide the estimation of rewards’ ratios for the resulting ITRs. We develop an efficient difference of convex functions algorithm (DCA) to solve the corresponding nonconvex optimization problem. Through analysis of simulated examples and a real medical dataset, we demonstrate that the proposed ROWL method yields more competitive performance in terms of the empirical value function and the misclassification error than several existing methods.",SemanticScholar,FOUND
"The more you buy, the more you pay? Commodity procurement under price uncertainty and market impact","Stefan Minner, Moritz Rettinger",Journal of the Operational Research Society,77.0,2,p555 - p581,2026,10.1080/01605682.2025.2491513,16-Apr-2025,https://doi.org/10.1080/01605682.2025.2491513,1958.0,1.0,"We examine a commodity procurement problem for a price-setting actor with significant market impact, where decisions influence the market price, resulting in an upward-sloping price curve. Most analytics do not yet address scenarios involving a price-setting buyer, eg, in markets lacking liquidity or when a decision-maker purchases a substantial share of a commodity’s volume. We study such procurement settings using an empirical study on three selected commodities, ie, natural gas, copper, and soybean. For each, we consider a real-world setting and apply market liquidity data to evaluate the market reaction based on the findings of finance literature. The prescriptive modified base-stock policy employed uses external feature data to derive inventory target levels in a data-driven manner. We find that simple smoothing approaches outperform a naïve hand-to-mouth policy, while the developed policy incorporating covariate feature data performs best. Moreover, we show that ignoring one’s market impact leads to significant losses. Our research extends the existing literature by analysing the optimal procurement policy under market impact, modelling market behaviour based on finance and econometrics literature, and employing a new machine-learning-based approach to optimize policy parameters.",SemanticScholar,FOUND
Utilization of acoustic signals with generative Gaussian and autoencoder modeling for condition-based maintenance of injection moulds,"I López-Espejo, D Michelsanti, P Popovski, G Ø Rønsch, Z - H Tan, Y Xie",International Journal of Computer Integrated Manufacturing,37.0,4,p438 - p453,2024,10.1080/0951192x.2022.2128218,05-Oct-2022,https://doi.org/10.1080/0951192x.2022.2128218,283.0,2.0,"Predictive and condition-based maintenance is given more and more attention to further optimize the utilization of manufacturing and production equipment. Utilizing acoustic signals for equipment monitoring and condition-based maintenance has been proven effective in many applications. Many manufacturing and production setups consist of multiple alike machines (e.g. within injection moulding) where it would be beneficial to use the same monitoring setup and configuration on all machines. Based on an industrial application within injection moulding (using five different injection moulds), a methodology is proposed utilizing acoustic signals from injection moulds combined with generative Gaussian or autoencoder modeling. To improve the generalization ability of generative modeling to moulds not seen at training time, a simple yet effective model adaptation is proposed, which only requires a few faultless moulding cycles at runtime/test time. The best results are obtained using the Gaussian model, where area under the curve values close to one are achieved when employing a model adapted to the specific mould at test time to detect abnormal situations like mechanical-defective moulds (loose latch lock) and the need for lubrication. The proposed framework is light in terms of computation and makes the setup implementation practically feasible in a real industrial context with multiple similar machines.",SemanticScholar,FOUND
Analysing repeated hospital readmissions using data mining techniques,"Ofir Ben-Assuli, Rema Padman",Health Systems,7.0,2,p120 - p134,2018,10.1080/20476965.2017.1390635,07-Nov-2017,https://doi.org/10.1080/20476965.2017.1390635,301.0,8.0,,,NOT_FOUND
How do platforms improve social capital within sharing economy-based service triads: an information processing perspective,"Fu Jia, Dun Li, Guoquan Liu, Tobias Schoenherr",Production Planning & Control,35.0,5,p507 - p524,2024,10.1080/09537287.2022.2101959,19-Jul-2022,https://doi.org/10.1080/09537287.2022.2101959,3232.0,24.0,"This study examines how platforms within sharing economy-based service triads (SESTs) can improve their social capital through information processing and knowledge management mechanisms, with the objective to provide better platform services to both service suppliers and end customers. Data were collected through multiple case studies, primarily relying on insight gathered from 32 semi-structured interviews with managers from four sharing economy platform companies in the Chinese ride-sharing (DiDi and Uber China) and logistics-sharing (Huo-che-bang and Yun-man-man) industries. Through our analysis we uncover uncertainties faced by sharing economy platforms in SETSs (including task complexity, over-competition, and task coordination), delineating their information processing requirements. Based on our findings we suggest that these requirements can be addressed by enhanced intra-organizational structures that would contribute to the SESTs’ information processing capacity. Accomplishing this fit between a platform’s information processing requirements and associated information processing capacity carries great promise to not only affect the platform’s knowledge management capability (PKMC) but also the social capital created within SESTs.",SemanticScholar,FOUND
Comparative effectiveness for oral anti-diabetic treatments among newly diagnosed type 2 diabetics: data-driven predictive analytics in healthcare,"Vasant Dhar, Jon Maguire",Health Systems,2.0,2,p73 - p92,2013,10.1057/hs.2012.20,19-Dec-2017,https://doi.org/10.1057/hs.2012.20,145.0,17.0,,,NOT_FOUND
CRISP-eSNeP: Towards a data-driven knowledge discovery process for electronic social networks,"Daniel Adomako Asamoah, Ramesh Sharda",Journal of Decision Systems,28.0,4,p286 - p308,2019,10.1080/12460125.2019.1696614,02-Dec-2019,https://doi.org/10.1080/12460125.2019.1696614,393.0,11.0,"Value in big data is created when insights are mined to support business processes. On social networks (SNs), big data, coupled with the operational mechanisms of such networks presents challenging, yet interesting perspectives to generate insights. A key limitation to big data research on SNs is the lack of a concise methodological model that drives conceptual and analytical questions. We add specificity to existing Knowledge Discovery and Data Mining (KDDM) frameworks by proposing a methodology for analyzing big data on electronic SNs. Particularly, we propose the Cross Industry Standard Process for Electronic Social Network Platforms (CRISP-eSNeP) not only as an extension to the CRISP-DM model, but also as an advancement of the knowledge on KDDM methods. Our method emphasizes the efficient management of large semi-structured and unstructured data that reflects a specific SN. We present the results of our process development using Gregor and Hevner’s design science research schema.",SemanticScholar,FOUND
Analysis of cutting-edge technologies for enterprise information system and management,"Varsha Arya, Akshat Gaurav, Brij Bhooshan Gupta, Prabin Kumar Panigrahi",Enterprise Information Systems,17.0,11,,2023,10.1080/17517575.2023.2197406,06-Apr-2023,https://doi.org/10.1080/17517575.2023.2197406,456.0,9.0,"In the digital age, businesses collect vast amounts of data, but often lack the knowledge and tools to fully utilize it. This paper analyzes current information management practices across different domains and highlights the need for global standards and cutting-edge technologies such as AI, ML, DL, and cloud/edge computing. By examining trends in published research, the study proposes new research lines and provides a comprehensive overview of the field’s development, definitions, and trends. The research contributes significantly to the subject of information management and offers a synthesized description of the field’s state.",SemanticScholar,FOUND
Industrial internet platform provider and end-user perceptions of platform openness impacts,"Hannu Kärkkäinen, Karan Menon, Thorsten Wuest",Industry and Innovation,27.0,4,p363 - p389,2020,10.1080/13662716.2019.1673150,01-Oct-2019,https://doi.org/10.1080/13662716.2019.1673150,1137.0,36.0,"This paper aims to analyse and understand the perceived impacts of platform openness from the perspective of the Industrial Internet (II) platform providers and end-users. A qualitative case study approach was used to analyse the impact of II platform openness on platform end-users’ businesses. Four major II platforms and two II platform end-users were interviewed as part of the case studies. From the end-user perspective, the perceived impacts of II platform openness were different from the II platform providers. This research will allow managers of end-user companies to make informed decisions while selecting platforms based on the level of openness. The novelty, as well as the aim of this paper, is to analyse and understand the perceptions of II platform providers and end-users when it comes to II-platform openness and related impacts. Long-term impacts, in particular, are difficult to envision before using II platforms or experimenting with various other platforms.",SemanticScholar,FOUND
Managing technological knowledge for supporting R&D activities: scientometrics-based approach,"Sungjoo Lee, Byungun Yoon",Knowledge Management Research & Practice,10.0,3,p237 - p251,2012,10.1057/kmrp.2012.18,19-Dec-2017,https://doi.org/10.1057/kmrp.2012.18,152.0,8.0,,,NOT_FOUND
Ten years of mapping the growth and trends research of artificial intelligence in the financial sector: a bibliometric analysis,Uus Ahmad Husaeni,Journal of Chinese Economic and Business Studies,,,p1 - p29,5187,10.1080/14765284.2026.2633662,24-Feb-2026,https://doi.org/10.1080/14765284.2026.2633662,171.0,1.0,,,NOT_FOUND
Turning Data into Value - Exploring the Role of Synergy in Leveraging Value among Data,"Thomas Hess, Johannes Weibl",Information Systems Management,37.0,3,p227 - p239,2020,10.1080/10580530.2020.1696585,29-Nov-2019,https://doi.org/10.1080/10580530.2020.1696585,822.0,14.0,"Organizations sit on a treasure trove of data. Combining data from a plurality of sources is challenging but comes with enormous potential. Although this phenomenon is crucial for generating value, its underlying synergistic effect is virtually absent in IS literature. Grounded in systems theory, we developed a conceptual framework of data synergy by means of reviewing literature and conducting 24 semi-structured interviews. We reveal various enabling conditions, facilitating super-additive informational and transactional value generation.",SemanticScholar,FOUND
Assessment of the effect of IT infrastructure on the relationship between knowledge sharing and technological innovation capability: survey in multinational companies,"Adalberto Ramos Cassia, Ivanir Costa, Geraldo Cardoso de Oliveira Neto",Technology Analysis & Strategic Management,36.0,5,p1016 - p1036,2024,10.1080/09537325.2022.2069005,26-Apr-2022,https://doi.org/10.1080/09537325.2022.2069005,472.0,9.0,"This article aims to analyse the contribution of Information Technology (IT) infrastructure responsiveness in the initiative of using knowledge sharing to enhance the technological innovation capability of industrial companies. The research uses a sample of 90 multinational companies, and structural equation modelling to assess the hypotheses. The results show that initiatives to encourage knowledge sharing positively impact the technological innovation capability. Additionally, the research presents empirical evidence that the responsiveness of the IT infrastructure can induce knowledge sharing as a factor in expanding the technological innovation capability. Understanding how knowledge sharing can enhance technological innovation capability can help organisational theorists predict behaviours based on this innovative capability. Additionally, this understanding may expose mechanisms that enhance the effects of this sharing. This research contributes to the insertion of new views on studies involving the effects that IT responsiveness can exert on the technological innovation capability of companies.",SemanticScholar,FOUND
Laplacian large margin distribution machine for semi-supervised classification,"Jian Luo, Ye Tian, Qianru Zhai, Jingyue Zhou",Journal of the Operational Research Society,73.0,8,p1889 - p1904,2022,10.1080/01605682.2021.1931497,29-Jun-2021,https://doi.org/10.1080/01605682.2021.1931497,131.0,1.0,"Semi-Supervised Learning (SSL) has attracted much attention in the field of machine learning and data mining. As an extension of Support Vector Machine (SVM), the Semi-Supervised Support Vector Machine (S3VM) was proposed for SSL. Recent studies have disclosed that optimising the margin distribution is more crucial than maximising the minimum margin in generating a better classification. However, the existing S3VM models still follow the idea of maximising the minimum margin. Therefore, this paper proposes a novel Laplacian Large margin Distribution Machine (LapLDM) for SSL to enhance the classification performance. This method can optimise the margin distribution by maximising the first-order (margin mean) and minimising the second-order (margin variance) statistics of margins, and exploit the geometry information of marginal distribution embedded in the unlabelled data through the Laplacian regularizer. Then this paper develops a Preconditioned Conjugate Gradient (PCG) algorithm to solve the nonlinear LapLDM model on those regular-scaled data sets and a Stochastic Gradient Descent with Variance Reduction (SVRG) algorithm to solve the linear LapLDM model on those large-scaled data sets. These algorithms can accelerate the implementing efficiencies of proposed models and make them available for those large-scaled problems. Finally, the numerical results on four artificial and fourteen public benchmark data sets demonstrate that the LapLDM is superior to some well-known S3VM models.",SemanticScholar,FOUND
Creating and managing knowledge towards managerial competence development in contemporary business environment,"Inga Lapiņa, Tatjana Nikitina",Knowledge Management Research & Practice,17.0,1,p96 - p107,2019,10.1080/14778238.2019.1569487,18-Feb-2019,https://doi.org/10.1080/14778238.2019.1569487,817.0,24.0,"The aim of the research is to analyse interrelation of contemporary business environment, knowledge creation and management and development of managers’ competencies. Furthermore, to clarify whether the managers who operate in the context of modern knowledge intensive organizations should apply a new set of abilities and skills to lead teams and organizations. The research was conducted in three stages: during the first stage, authors identified the skills acquired by managers in three different ways where experience-based competencies dominate over the rest. During the second stage of the research, authors applied Lapina et al. (2015) competences groups to identify how they resonate with competencies discussed by other researchers, as the result a set of managers’ competences in contemporary organizations was identified. During the third stage of the research authors examined and gained confirmation of the first phase results.",SemanticScholar,FOUND
Data-driven perspective for improving first-time attempts in last-mile deliveries: evidence from a chinese home appliance retailer,"Huaxin Qiu, Dujuan Wang, Sutong Wang, Qihang Xu, Yunqiang Yin, Yugang Yu",Journal of the Operational Research Society,,,p1 - p21,5187,10.1080/01605682.2026.2636606,06-Apr-2026,https://doi.org/10.1080/01605682.2026.2636606,97.0,0.0,,,NOT_FOUND
Building data driven culture for digital competitiveness in construction industry: a theoretical exploration,"Che Khairil Izam Che Ibrahim, Ahmad Tarmizi Haron, Muhammad Adib Hashim, Nur Amni Liyana Jaafar, Nurul Elma Kordi, Nnedinma Umeokafor",International Journal of Construction Management,25.0,3,p334 - p346,2025,10.1080/15623599.2024.2322237,06-Mar-2024,https://doi.org/10.1080/15623599.2024.2322237,718.0,11.0,"Despite studies related to big data in construction is growing, most of them have focused more on data application and less on the social element of the big data technology (e.g. data culture). This study aims to explore the key elements of data culture practices, towards providing a deeper insight into how they could drive digital competitiveness in the industry. A total of 136 papers related to big data in construction published in peer-reviewed journals were reviewed and analysed using the well-established systematic literature review (SLR) methodology. The findings indicate that four key drivers of data: data analytics, data literacy, data democratization and data leadership are critical for an organization’s competitiveness in a digital environment. A framework for data driven culture is proposed consisting of five elements: culture of production, culture of use, cultivation of data, datafication and data infrastructure. As cultural shifts are complicated endeavors, exploring the key elements on what it takes to drive the data culture in construction is necessary for the development of an effective digital ecosystem of the organization. This study extends the digital literature in the construction context by providing deeper insights into the conceptualization of data driven culture.",SemanticScholar,FOUND
Ontology-based automated knowledge identification of safety risks in Metro shield construction,"Xueqiang Jin, Ping Liu, Yongtao Shang",Journal of Asian Architecture and Building Engineering,25.0,2,p1295 - p1324,2026,10.1080/13467581.2025.2467241,17-Feb-2025,https://doi.org/10.1080/13467581.2025.2467241,2010.0,2.0,"Safety risk identification of metro tunnel construction is a knowledge-intensive process involving various stakeholders and communities. Currently, safety risk information related to decision making in metro tunnel construction is ill-structurally stored in various disordered formats, which hinders knowledge sharing and reuse. This study develops a domain ontology to formalize safety risk knowledge in metro tunnel construction to support safety risk identification. The method integrates ontology and rules inference technology, utilizing semantic inference hazards and corresponding measures to promote security management. An ontology development method with five steps is adopted. The domain ontology organizes safety risk knowledge into five unified classes (i.e. projects, construction activities, precursor information, risk events risk prevention measures). Defined classes, together with corresponding properties and relations, are coded using the Protégé platform. The domain ontology is evaluated theoretically and practically, using criteria-based and application-based evaluations respectively. Finally, a shield axial deviation example was selected to verify the theoretical and technical feasibility of developing the ontology model. The results show that the operation results of the ontology model are consistent with the thinking of safety managers. This approach creates a holistic knowledge base that integrates a wide range of domain knowledge. The model can facilitate real-time hazard identification and prevention at construction sites, providing important guidance and decision support to construction managers.",SemanticScholar,FOUND
Experience-Oriented Intelligence for Internet of Things,"Fei Li, Cesar Sanín, Edward Szczerbicki, Juan Wang, Zuli Wang, Haoxi Zhang",Cybernetics and Systems,48.0,3,p162 - p181,2017,10.1080/01969722.2016.1276771,02-Mar-2017,https://doi.org/10.1080/01969722.2016.1276771,344.0,7.0,,,NOT_FOUND
Building a cognitive analytics capability: a resource-based perspective,"Ambuj Anand, Proma Chowdhury, Siddharth Gaurav Majhi, Arindam Mukherjee",Journal of Decision Systems,35.0,1,,2026,10.1080/12460125.2025.2599919,18-Dec-2025,https://doi.org/10.1080/12460125.2025.2599919,183.0,1.0,,,NOT_FOUND
Smart recommendation for tourist hotels based on multidimensional information: a deep neural network model,"Wuyue An, Runjiu Hu, Genwang Liu, Yuan Wang, Huosong Xia, Justin Zuopeng Zhang",Enterprise Information Systems,17.0,4,,2023,10.1080/17517575.2021.1959651,02-Aug-2021,https://doi.org/10.1080/17517575.2021.1959651,534.0,23.0,"Most hotel recommendation systems currently rely on text-based information or meta-data. We develop a deep network recommendation model with three modalities – picture, review, and scoring .We propose a unifified deep neural network including an embedding layer, pooling layer, and fully connected layer. Comparing with other algorithms, we verify its efficacy in improving travel recommendations based on the hotel data crawled from Ctrip and the major evaluation indicators. Our study contributes to the literature by building a knowledge model for tourist hotels based on the analysis of user-generated data and providing practical guidance for hotel managers and users.",SemanticScholar,FOUND
Smart manufacturing systems: a futuristics roadmap towards application of industry 4.0 technologies,"Swapna Hr, Anuj Kumar, Geetika Madaan, Amrinder Singh",International Journal of Computer Integrated Manufacturing,36.0,3,p411 - p428,2023,10.1080/0951192x.2022.2090607,26-Jun-2022,https://doi.org/10.1080/0951192x.2022.2090607,1598.0,67.0,"The information and communication technology (ICT) field is rapidly advancing and has developed several disrupting technologies, including artificial intelligence, virtual reality, big data, cloud computing solutions, and the Internet of Things (IoT). This new automation is pervasive throughout production or manufacturing. It allows the integration of the next generation commuting system popularly called Cyber-Physical Systems (CPS) to join the physical and simulated worlds, marking the arrival of industry 4.0, commonly referred to as a fourth industrial revolution. The term ”Industry 4.0” refers to a wide range of technologies applied in the manufacturing industry, encompassing everything from product design to Supply Chain Management (SCM). To contribute to the execution of research in industry 4.0, the current study investigates the specific application of fourth industrial revolution technologies in smart manufacturing systems. First, a theoretical outline of various applications of Industry 4.0 is presented for smart manufacturing systems. Second, CPS-enabled smart (design, control, monitoring, and machining) is introduced through distinct illustrative scenarios. Third, based on these illustrative scenarios, new advancements and their potential applicability through Industry 4.0 in manufacturing industries are discussed. Finally, various challenges and prospects are recognized for Industry 4.0 and explored to assist manufacturing sectors in achieving further growth.",SemanticScholar,FOUND
How does intelligent manufacturing affects enterprise innovation? The mediating role of organisational learning,"Menghao Li, Xiaojing Liu, Lipeng Sun, Pishi Xiu, Jie Yang, Limeng Ying",Enterprise Information Systems,16.0,4,p630 - p667,2022,10.1080/17517575.2021.1939424,22-Jun-2021,https://doi.org/10.1080/17517575.2021.1939424,1229.0,42.0,"Yang et al. (2020) find that intelligent manufacturing has asignificant promoting effect on enterprise innovation, but the effect mechanism is still ablack box to be opened. To investigate the role of organisational learning in intelligent manufacturing and enterprise innovation, this study uses the public data of listed enterprises in China’s manufacturing industry to conduct research using continuous time difference-in-differences method. The results show that intelligent manufacturing can promote both innovation input and innovation output of enterprises. Further mechanism research finds that intelligent manufacturing promotes organisational learning by improving organisational learning environment, learner quality and organisational learning investment, and thus promotes enterprise innovation.",SemanticScholar,FOUND
Industry 4.0: survey from a system integration perspective,"Jose Aguilar, Ernesto Exposito, Manuel Sanchez",International Journal of Computer Integrated Manufacturing,33.0,10-11,p1017 - p1041,2020,10.1080/0951192x.2020.1775295,25-Jun-2020,https://doi.org/10.1080/0951192x.2020.1775295,2719.0,113.0,"In recent years, a revolution named Industry 4.0 has arisen. Industry 4.0 is presented as the integration of new advances in areas such as Cyber-Physical Systems, the Internet of Things and Everything (IoE), Cloud computing, the Internet of Services, Big Data Analysis, Smart Factories, Augmented Reality, among others. Industry 4.0 is not only a new industrial revolution, but also a crucial integration challenge that involves several actors from the IoE, which are people, data, services, and things. This paper proposes an approach to analyze the integration challenges in the context of Industry 4.0 using five integration levels, which are connection, communication, coordination, cooperation, and collaboration (5 C). In that sense, this paper presents a state of the art of recent studies in Industry 4.0 from an integration perspective, categorized according to the 5 C integration levels versus the four actors of IoE. Specifically, this paper considers several works intended to solve problems of autonomic integration in Industry 4.0 at the highest levels of the 5 C integration stack (coordination, cooperation, and collaboration). Also, this paper presents a case study from an integration perspective, which contemplates autonomy, self-organizing, among other aspects, in order to turn a traditional industry into a smart factory regarding the Industry 4.0 concept.",SemanticScholar,FOUND
Material feeding and scheduling method for smart discrete manufacturing workshops based on a temporal knowledge graph and dual neural networks,"Youling Chen, Ying Hu, Weimin Jing, Xinyi Lin, Jian Liu, Xinyu Niu, Yonghui Zhang",International Journal of Computer Integrated Manufacturing,39.0,9,p1382 - p1417,2026,10.1080/0951192x.2025.2544558,20-Aug-2025,https://doi.org/10.1080/0951192x.2025.2544558,87.0,3.0,"In highly customized production within Smart Discrete Manufacturing Workshops (SDMW), material feeding and scheduling are critical research areas, as they influence not only the seamless flow of the production line but also inventory and logistics costs. Production data in SDMW serve as a crucial foundation for supporting material feeding and scheduling decisions. However, this data is multi-source and heterogeneous, with complex semantic relationships, making direct application in production decision-making challenging. To address this, this paper proposes an efficient decision-making method for material feeding and scheduling based on knowledge extraction from SDMW data and machine learning algorithms. First, a Temporal Knowledge Graph (TKG) model is established to structure field data and extract relevant knowledge. Next, materials are categorized into three types based on their general utilization ratio, demand rate, and space occupancy ratio. Tailored material feeding strategies are then designed to generate feeding tasks. Additionally, an efficient logistics scheduling decision method is developed using a dual neural network framework, supported by a multi-dimensional knowledge matrix transfer mechanism. Finally, the decision quality of the dual neural networks is tested, and the feasibility of the proposed material feeding and scheduling method is verified through a case study in a turbocharger manufacturing workshop.",SemanticScholar,FOUND
Child Protection Informatics: A Scoping Review,"Ulla-Mari Kinnunen, Ville Kivivirta, Onni Westlund",Journal of Technology in Human Services,44.0,1,p19 - p55,2026,10.1080/15228835.2026.2647020,21-Apr-2026,https://doi.org/10.1080/15228835.2026.2647020,782.0,0.0,"Child protection informatics (CPI) is critical in our increasingly digitalized society and social services. This scoping review, following Joanna Briggs Institute (JBI) methodology, mapped CPI research from the last decade within institutional child protection systems. Seven databases were searched for peer-reviewed English articles, identifying 80 studies for analysis using a Health and Human Services Informatics (HHSI) paradigm. Research predominantly focused on the Use of Information and Communication Technology (ICT) (n = 34), encompassing diverse applications from e-services to AI-driven tools. Other HHSI research areas included Steering and Organizing of Information Management in Work Processes (n = 17), Knowledge Management and Informatics Competencies (n = 16), and Data Models and Structures (n = 13). The findings highlight the field’s active engagement with technological advancements, particularly in ICT. However, the review also identifies a need for deeper inquiry into foundational CPI principles and broader competency development to enhance the effective and ethical use of information and technology in safeguarding vulnerable children.",SemanticScholar,FOUND
Methodology combining industry 4.0 technologies and KPI's reliability for supply chain performance,"Driss Amegouz, Yves Ducq, Ahmed Lfakir, Anne Zouggar Amrani, Yousra el Kihel",International Journal of Computer Integrated Manufacturing,36.0,8,p1128 - p1152,2023,10.1080/0951192x.2022.2162605,13-Jan-2023,https://doi.org/10.1080/0951192x.2022.2162605,875.0,9.0,"In the context of internationalization, the supply chain (SC) becomes complex with a profusion of decisions to take. SC modeling and performances have been widely discussed by researchers. The emergence of new technologies impacts the running and key performance indicators (KPI) of SC. There are several models of SC but none of them are oriented towards SC operations management, given importance of Industry 4.0 technologies. This paper presents a research methodology using a reference model called GRAILOG to capture decisions and related KPI’s to control the SC. Then, the methodology PPTechIP is described and applied to accompany the company on the relevant digital transformation to improve performances. PPTechIP is based on a set of radars divided into different decision levels and SC functions based on the GRAILOG model. The calculated potential of progress helps in decision-making. This complete method was applied to PSA which is entering the Industry 4.0 era. The obtained results provide several interesting insights into PSA's control indicators. Big Data, augmented reality, collaborative robots and Cloud Computing are receiving a lot of attention from PSA and are considered as priorities for the control of its processes.",SemanticScholar,FOUND
BEKG: A built environment knowledge graph,"Penglin Du, Xingjin Lai, Yik Lun Lau, Yangqiu Song, Liyaning Tang, Zhengdong Wang, Xiaojun Yang, Haoyu Zhong, Heping Zhou, Keyi Zhou",Building Research & Information,52.0,1-2,p19 - p37,2024,10.1080/09613218.2023.2238851,31-Jul-2023,https://doi.org/10.1080/09613218.2023.2238851,3155.0,4.0,"In recent years, the digitalization of the built environment has progressed rapidly due to the development of modern design and construction technologies. However, the need for extensive professional knowledge in this field has not been met by practitioners and scholars. To address this problem, a study was conducted to build a knowledge graph in the built environment domain, which stores entities and their connections in a graph data model. To achieve it, this research collected more than 80,000 paper abstracts from the built environment domain. To ensure the accuracy of entities and relationships in the knowledge graph, two well-annotated datasets were created with 29 types of relationships, each containing 2000 and 1450 instances, respectively, for Named Entity Recognition (NER) and relationship extraction (RE) tasks. Two BERT-based models were trained on these datasets and achieved over 85% accuracy in both tasks. Using these models, over 200,000 high-quality relationships and entities were extracted from abstract data. This comprehensive knowledge graph will help practitioners and scholars better understand the built environment domain.",SemanticScholar,FOUND
"Augmenting human cognition to enhance strategic, operational, and tactical intelligence",James L Regens,Intelligence and National Security,34.0,5,p673 - p687,2019,10.1080/02684527.2019.1579410,18-Feb-2019,https://doi.org/10.1080/02684527.2019.1579410,3514.0,12.0,"The unprecedented increase in the volume and velocity of data collected by open source and classified platforms is simultaneously disrupting and transforming the intelligence enterprise. This article posits a technology-based approach for augmenting human cognition by leveraging high-performance computing and artificial intelligence applications to enhance the intelligence enterprise’s capability to identify, synthesize, and act on the key intelligence-relevant information elements embedded in those data. Adapting AI to the intelligence enterprise and national security decisions more broadly thus facilitates rapidly bringing to bear the essential human element of interpreting context and intent amid an otherwise insurmountable cascade of data.",SemanticScholar,FOUND
"Implementation of Quality 4.0, a systematic review of approaches, root causes, and challenges","Julie K Dunston, Tama Rani Sarker",Quality Engineering,37.0,2,p204 - p218,2025,10.1080/08982112.2024.2373360,03-Jul-2024,https://doi.org/10.1080/08982112.2024.2373360,1146.0,12.0,"Implementation of Quality 4.0 in Industry 4.0 has elevated traditional Quality control processes by adopting the latest technological developments. Approaches to implementing Quality 4.0 include infrastructure and technological developments (artificial intelligence, machine learning, Internet of Things), and the retraining of the members of the workforce. Bringing about changes in the conventional quality processes is challenging. The root causes of failure in implementation incorporate internal factors, external factors, methodology of the framework, employees’ skills, lack of cultural environment, and initial cost for advanced technology and infrastructure development. As the concept of Quality 4.0 is still new to many industries, there are many challenges in implementation which will be addressed in this article.",SemanticScholar,FOUND
New technologies for bridge inspection and monitoring: a perspective from European Union research and innovation projects,"Ilias Cheimariotis, Konstantinos Gkoumas, Fabio Marques Dos Santos, Marcin Stepniak",Structure and Infrastructure Engineering,20.0,7-8,p1120 - p1132,2024,10.1080/15732479.2024.2311898,12-Feb-2024,https://doi.org/10.1080/15732479.2024.2311898,5918.0,29.0,"Europe’s transportation infrastructure including bridges requires optimised maintenance plans and adequate monitoring throughout its life cycle to ensure safety and serviceability. The deployment of new technologies can help this goal, providing numerous advantages compared to existing and established inspection and monitoring methods. This deployment can be facilitated by adequate policies and focused research and innovation, taking also into account the European ambitions for safe, secure, and future-proof transportation infrastructure. Considering the above, the objective of this study is threefold. First, it provides an overview of recent policy initiatives in Europe that facilitate the adoption of new and emerging technologies in bridge inspection and monitoring, as well as maintenance in general. Second, it identifies and reviews R&I projects relevant to bridges, including the budgetary expenditure, from the Horizon 2020 European Research Framework Programme which was recently concluded. Finally, it systematically reviews technologies and solutions developed by the identified projects, assessing also their technology readiness. What emerges is substantial research, which includes solutions and technologies (e.g., use of air or ground drones, artificial intelligence, digital twins) that have the potential to reshape the bridge inspection and monitoring state of play in Europe and beyond.",SemanticScholar,FOUND
Leaning towards resilience: mapping and exploring the literature on lean management,Anil Yasin Ar,Production & Manufacturing Research,13.0,1,,2025,10.1080/21693277.2025.2512753,04-Jun-2025,https://doi.org/10.1080/21693277.2025.2512753,2063.0,6.0,"Unprecedented disruptions from COVID-19 compelled firms to alter daily operations, leading many to adopt lean management practices as a coping strategy. However, the literature lacks clarity on which practices most effectively enhance resilience. Addressing this gap, this paper systematically maps the domain using the PRISMA protocol, analyzing 68 manuscripts from Scopus and Web of Science (2020–2023). Findings reveal that lean management significantly strengthens data processing, value mapping, and resource allocation, collectively improving enterprise resilience. Specifically, practices such as big data optimization, scenario analysis, and AI-based automation emerged as essential tools during COVID-19. This study offers theoretical and practical insights, elucidating how lean management enhances resilience, contributes to enterprise resilience, and advances the field of lean management research.",SemanticScholar,FOUND
Learning how to do AI: managing organizational boundaries in an intergovernmental learning forum,"Heather Broomfield, Christopher Wilson",Public Management Review,25.0,10,p1938 - p1957,2023,10.1080/14719037.2022.2055119,10-Apr-2022,https://doi.org/10.1080/14719037.2022.2055119,3028.0,17.0,"This analysis applies boundary theory to public manager efforts to overcome AI capacity gaps through a public sector collaborative learning forum. Administrative and interview data identify the types of knowledge managers are able to access, the types of organizational differences that influence learning, and the strategies public managers use to overcome them. Analysis suggests that unstructured learning fora are better suited to the transfer of tacit procedural knowledge than declarative knowledge about AI, and emphasizes the importance of social trust and network structure to overcome knowledge gaps through peer learning.",SemanticScholar,FOUND
Artificial Intelligence Applications in the B2B Sales Funnel,"David Fehrenbach, Carolina Herrando, Benjamin Österle",Journal of Business-to-Business Marketing,33.0,1,p1 - p24,2026,10.1080/1051712x.2025.2481374,24-Mar-2025,https://doi.org/10.1080/1051712x.2025.2481374,2190.0,7.0,"Purpose Artificial intelligence (AI) applications can create value along the business-to-business (B2B) sales funnel. AI can support and even take over the tasks of managers and salespeople related to data-driven decisions. However, studies are lacking concerning the B2B sales problems that can be solved with AI and the AI types that can be applied to certain tasks. Moreover, the emergence of generative AI has disrupted this research area, offering new opportunities and challenges. This study therefore seeks to answer the question: What is the current state of knowledge of AI in B2B sales (regarding consensus definitions, theoretical grounding application, sales problems for which AI is used, and AI techniques and models applied at each stage of the B2B sales funnel)?. Methodology To explore this, we conduct a framework-based literature review of current AI applications for B2B sales problems. Originality The present research contributes to the literature by providing a comprehensive overview of AI conceptualization, recent research advances and available AI models for B2B sales challenges. Moreover, it identifies how AI applications can be implemented in each of the six stages of the sales funnel. Findings This study serves as a guide for B2B sales researchers and managers pointing that, currently, AI is mainly utilized for sales tasks related to qualifying the prospect (Stage 3) and serving the account (Stage 6). However, there is an untapped potential for Generative AI to support opening the relationship (Stage 2) and presenting the sales message (Stage 4), which present significant business opportunities where effective communication is vital.",SemanticScholar,FOUND
Does regional innovation policy really work for Industry 4.0? Evidence for industrial districts,"Jose Antonio Belso-Martínez, Sofia Estelles-Miguel, Jose-Luis Hervas-Oliver, Marta Peris-Ortiz",European Planning Studies,31.0,7,p1358 - p1376,2023,10.1080/09654313.2022.2135368,06-Nov-2022,https://doi.org/10.1080/09654313.2022.2135368,515.0,15.0,,,NOT_FOUND
Rethinking key issues for understanding the new challenges of disruption and digital transformation in companies and economies,"José Emilio Labra Gayo, Patricia Ordóñez de Pablos",Behaviour & Information Technology,38.0,9,p873 - p875,2019,10.1080/0144929x.2019.1641663,19-Aug-2019,https://doi.org/10.1080/0144929x.2019.1641663,4247.0,3.0,,,NOT_FOUND
Emerging disruptive technologies in tourism: an LLM-based identification framework,"Yang Guan, Luan Guo, Chenyuan Liang, Zhen Su, Xu Zhang",Current Issues in Tourism,,,p1 - p23,5187,10.1080/13683500.2025.2581155,01-Nov-2025,https://doi.org/10.1080/13683500.2025.2581155,408.0,1.0,,,NOT_FOUND
An ontology-based hybrid methodology for image synthesis and identification with convex objects,"Jian Denny Lin, Nanfei Sun, Michael Yu-Chi Wu",The Imaging Science Journal,66.0,8,p492 - p501,2018,10.1080/13682199.2018.1532670,31-Oct-2018,https://doi.org/10.1080/13682199.2018.1532670,52.0,1.0,,,NOT_FOUND
Imbalanced classification of manufacturing quality conditions using cost-sensitive decision tree ensembles,"Jae-Yoon Jung, Aekyung Kim, Bohyun Kim, Kyuhyup Oh",International Journal of Computer Integrated Manufacturing,31.0,8,p701 - p717,2018,10.1080/0951192x.2017.1407447,01-Dec-2017,https://doi.org/10.1080/0951192x.2017.1407447,1249.0,58.0,,,NOT_FOUND
Smart Innovation Engineering: Toward Intelligent Industries of the Future,"Cesar Sanin, Edward Szczerbicki, Mohammad Maqbool Waris",Cybernetics and Systems,49.0,5-6,p339 - p354,2018,10.1080/01969722.2017.1418708,22-Jan-2018,https://doi.org/10.1080/01969722.2017.1418708,378.0,8.0,,,NOT_FOUND
Legal decision support systems in Cuba: some background and notes for future projects,"Yarina Amoroso Fernández, Marieta Peña Abreu, Carlos Rafael Rodríguez Rodríguez, Denis Sergeevich Zuev","International Review of Law, Computers & Technology",35.0,3,p301 - p321,2021,10.1080/13600869.2021.1942401,17-Jun-2021,https://doi.org/10.1080/13600869.2021.1942401,192.0,2.0,"Legal Decision Support Systems in Cuba as yet show few results, but now a resurgence of this field is possible. This new opportunity is due to the worldwide boom in AI & Law research. In addition to the current efforts towards the digital transformation of society. This paper aims to review some antecedents, and discuss some proposals for the evolution of this domain in the country. We first identify the strengths and constraints of some previous contributions and outline the current state of this topic in Cuba. Then, we propose some ideas for future projects, considering the main international approaches and state of the art in Artificial Intelligence, Soft Computing, Big data, and Open Data. We argue the importance of creating different forms of legal knowledge representation, the development of specific algorithms based on the most appropriate techniques for each task, updating of jurists’ and computer specialists’ curricula, and the legislative process improvement. Besides, we advocate the feasibility of creating recommendations in natural language, and we exemplify their types and uses. Finally, the paper calls attention to the protection of personal data and the importance of jurists to participate in the development of systems and to understand how they operate.",SemanticScholar,FOUND
Transforming decision-making processes: a research agenda for understanding the impact of business analytics on organisations,"Atreyi Kankanhalli, Sunil Mithas, Rajeev Sharma",European Journal of Information Systems,23.0,4,p433 - p441,2014,10.1057/ejis.2014.17,19-Dec-2017,https://doi.org/10.1057/ejis.2014.17,43877.0,400.0,,,NOT_FOUND
Tech-Driven Transformation: Unravelling the Role of Artificial Intelligence in Shaping Strategic Decision-Making,"Anurag Chaturvedi, Meeta Dasgupta, Neetu Yadav",International Journal of Human–Computer Interaction,41.0,19,p12305 - p12324,2025,10.1080/10447318.2025.2456534,23-Feb-2025,https://doi.org/10.1080/10447318.2025.2456534,1472.0,17.0,"This study explores the evolving role of artificial intelligence in strategic decision-making through a review of 64 peer-reviewed articles, utilizing thematic cluster identification, content analysis, and bibliometric techniques. The review identifies three main themes: AI-human synergy in decision-making, adaptability, and AI’s involvement in strategy formulation, alongside its potential drawbacks. The findings highlight AI’s transformative impact on human judgment and decision-making, stressing human-AI collaboration’s importance in reducing cognitive biases like anchoring and overconfidence. The study emphasizes critical factors, including human cognition, trust, and managerial vulnerability, while recognizing the role of big data and analytics in enabling data-driven strategies. The intellectual progression of the field reveals a shift from technical AI explorations to integrated frameworks that focus on trust, transparency, and leadership for fostering collaboration. Critical gaps include aligning AI with organizational goals, sector-specific strategies, and ethical considerations. Future research should explore managerial challenges, collaboration models, and policy implications.",SemanticScholar,FOUND
Evolution of digital transformation in traditional enterprises: evidence from China,"Sajjad M Jasimuddin, Huosong Xia, Peiwen Ye, Justin Zuopeng Zhang",Technology Analysis & Strategic Management,36.0,9,p2014 - p2034,2024,10.1080/09537325.2022.2124909,16-Sep-2022,https://doi.org/10.1080/09537325.2022.2124909,1087.0,25.0,"The rapid development of digital technology and its ease of use has changed the competitive environment for traditional manufacturing. The study focuses on the central issues of the evolution of the digital transformation (DT) process. This paper proposes a theoretical framework of digital transformation in traditional manufacturing based on environment, people, organisation, and technology synergy. We chose a large textile company in China as a case to explore the process of DT practices in the traditional manufacturing industry. The results of the study showed that data accessibility has a positive impact on a strategic responsiveness during organisation’s DT, driven by data, information, knowledge and wisdom synergy. In the process of DT, the availability of information positively impacts the industry and the social well-being of an organisation. DT has a negative impact on individual willingness to share outlier knowledge and employee role perceptions. This study is both a complement to the deconstruction of the mechanism of DT in the manufacturing industry, and a new attempt to tap the laws of digital technology in the knowledge age.",SemanticScholar,FOUND
Data-driven digital transformation for sustainability: a systematic review of outcome-oriented practices and impacts,"Hillol Bala, Danupol Hoonsopon, Pimmanee Rattanawicha, Assadaporn Sapsomboon, Wattana Viriyasitavat",Journal of Management Analytics,,,p1 - p31,5187,10.1080/23270012.2026.2673006,31-Aug-2026,https://doi.org/10.1080/23270012.2026.2673006,15.0,0.0,,,NOT_FOUND
Seen Elsewhere,,Impact,2022.0,2,p4 - p5,2022,10.1080/2058802x.2022.2134668,17-Nov-2022,https://doi.org/10.1080/2058802x.2022.2134668,368.0,0.0,,,NOT_FOUND
Data science and productivity: A bibliometric review of data science applications and approaches in productivity evaluations,"Vincent Charles, Yu Shi, Joe Zhu",Journal of the Operational Research Society,72.0,5,p975 - p988,2020,10.1080/01605682.2020.1860661,19-Jan-2021,https://doi.org/10.1080/01605682.2020.1860661,1766.0,12.0,"This paper provides a comprehensive review of the applications of data science techniques and methodologies in productivity. The paper is structured as a combination of a bibliometric analysis and an empirical review. In the bibliometric analysis, the sources, authorship, and documents are reviewed and discussed. Visualisation aids, including summative tables and figures, are incorporated. In the empirical review, the corpus of 533 articles identified are reviewed based on the application areas of data science approaches and the primary methodology of the papers, and the selected most impactful and relevant papers in each methodological category are discussed in detail. The objective of this paper is to provide an overview of the current predominant trends and patterns in data science and productivity, explore how the interplay has been manifested, and provide an outlook on future research orientations.",SemanticScholar,FOUND
Guidelines to develop demonstration models on industry 4.0 for engineering training,"Serafín Alonso, Juan J Fuertes, Raúl González-Herbón, Guzmán González-Mateos, Antonio Morán, José R Rodríguez-Ossorio",International Journal of Computer Integrated Manufacturing,36.0,10,p1465 - p1481,2023,10.1080/0951192x.2023.2189308,17-Mar-2023,https://doi.org/10.1080/0951192x.2023.2189308,2620.0,8.0,"Industrial digitization is currently a great challenge which involves continuous advances in technologies such as automation, robotics, internet of things, cloud computing, big data, virtual and augmented reality or cybersecurity. Only those companies able to adapt and with qualified workers will be competitive. Therefore, it is necessary to design new environments to train students and workers in these enabling technologies. In this paper, a set of guidelines is proposed to develop a demonstration model on Industry 4.0. Following these guidelines, an existing manufacturing industrial system, based on an electro-pneumatic cell for classifying pieces, is updated to the Industry 4.0 paradigm. The result is an Industry 4.0 demonstration model where enabling technologies are added in an integrated way. In this manner, students do not only train in each technology, but also understand the interactions between them. In the academic year 2020/21, this demonstration model has been used by engineering students in a subject of a master’s degree. Impressions and comments from students about the structure and management of the environment, as well as the influence on their learning process are collected and discussed.",SemanticScholar,FOUND
"AI-Integrated Libraries: A Review of Recent Developments, Issues, and Strategic Initiatives","Adithya, Sheshadri K. N.",The International Information & Library Review,,,p1 - p14,5187,10.1080/10572317.2026.2710527,07-Aug-2026,https://doi.org/10.1080/10572317.2026.2710527,108.0,0.0,,,NOT_FOUND
A DEALG methodology for prediction of effective customers of internet financial loan products,"Bingqing Liu, Zifang Lu, Yu Yu, Weiwei Zhu",Journal of the Operational Research Society,72.0,5,p1033 - p1041,2021,10.1080/01605682.2019.1700188,27-Jan-2020,https://doi.org/10.1080/01605682.2019.1700188,639.0,5.0,"It is becoming more crucial nowadays for researchers to objectively utilize reasonable and effective methods to choose a key customer index and analyze a wealth of data, with the aim of setting up precision marketing of Internet financial products. This paper thus considers pre-process data via DEA and adds the DEA efficiency value into the logistic regression model, which can improve accuracy of the basic logistic regression model. This novel data analytics approach, termed DEALG, significantly enhances the customer response rate of Internet loan products according to its results. The goal is to effectively identify those customers who are more likely to show their interests on the loan products in order to achieve the goal of precision marketing, thus reducing supply-side costs. The results of the DEALG method are very promising, and in the real world it can be applied as an actual marketing method like sending text messages to potential clients. Finally, the results show that this method can generate high profits for the Internet financial industry.",SemanticScholar,FOUND
Seen Elsewhere,,Impact,2020.0,1,p4 - p6,2020,10.1080/2058802x.2020.1724710,03-May-2020,https://doi.org/10.1080/2058802x.2020.1724710,455.0,0.0,,,NOT_FOUND
Artificial intelligence as digital agency,Pär J Ågerfalk,European Journal of Information Systems,29.0,1,p1 - p8,2020,10.1080/0960085x.2020.1721947,17-Feb-2020,https://doi.org/10.1080/0960085x.2020.1721947,30124.0,170.0,"Over the last few years, the European Journal of Information Systems (EJIS) has gone through substantial changes (Agerfalk, 2018). What, then, could be more appropriate than to set 2020 off on the ...",SemanticScholar,FOUND
Universities Making an Impact,,Impact,2019.0,2,p24 - p24,2019,10.1080/2058802x.2019.1674539,07-Nov-2019,https://doi.org/10.1080/2058802x.2019.1674539,377.0,3.0,,,NOT_FOUND
"Information Seeking Behaviors, Attitudes, and Choices of Academic Mathematicians","Brian D Cameron, Debbie Chaves, Ian D Gordon, Rebecca Hutchinson",Science & Technology Libraries,39.0,3,p253 - p280,2020,10.1080/0194262x.2020.1758284,05-Jun-2020,https://doi.org/10.1080/0194262x.2020.1758284,12704.0,19.0,"Mathematicians in academic institutions utilize a variety of resources and strategies to seek, find, and use scholarly information and news. Using a sample of mathematicians, researchers surveyed 112 students and faculty at four Canadian university institutions to explore self-perceived success rates, resources consulted, databases used, use of social media, and citation management systems. Further, 12 follow-up interviews were completed with mathematicians to better interpret survey results, resulting information-seeking behaviors, choices, strategies, and feelings on keeping up to date with information needs. According to survey results, a minority of mathematicians (12.5 percent) acknowledged that they were successfully keeping up to date. However, a significant number of mathematicians (28.6 percent) indicated that they were unsuccessful and could do better in remaining current with information needs. Co-investigators, using qualitative analyses, identified four emergent themes related to remaining current: (1) The “slower pace of math” pervades all aspects of this discipline;” (2) There are “too many papers – and not enough time” to effectively search, evaluate, and read scholarly papers of interest; (3) Mathematicians collectively acknowledge that they are open to strategies and technologies where they “could do better” keeping up to date; and (4) Mathematicians have divided loyalties using databases when searching for information by means of “MathSciNet in a Google world.” Additional insights document how mathematicians are guided by mathematical peculiarities and discipline-specific practices. This study helps to shed light on opportunities for academic librarians to identify and meet mathematicians’ evolving information needs.",SemanticScholar,FOUND
Call for Papers,,Journal of the Operational Research Society,69.0,3,p485 - p486,2018,10.1080/01605682.2018.1429707,05-Feb-2018,https://doi.org/10.1080/01605682.2018.1429707,640.0,1.0,,,NOT_FOUND
Computational approaches and data analytics in financial services: A literature review,"Dimitris Andriosopoulos, Michalis Doumpos, Panos M Pardalos, Constantin Zopounidis",Journal of the Operational Research Society,70.0,10,p1581 - p1599,2019,10.1080/01605682.2019.1595193,28-May-2019,https://doi.org/10.1080/01605682.2019.1595193,4494.0,52.0,"The level of modeling sophistication in financial services has increased considerably over the years. Nowadays, the complexity of financial problems and the vast amount of data require an engineering approach based on analytical modeling tools for planning, decision making, reporting, and supervisory control. This article provides an overview of the main financial applications of computational and data analytics approaches, focusing on the coverage of the recent developments and trends. The overview covers different methodological tools and their uses in areas, such as portfolio management, credit analysis, banking, and insurance.",SemanticScholar,FOUND
Deciphering the Status of Library and Information Science Research in BRICS Nations: A Research Visualization Approach,"Rupak Chakravarty, Nidhi Gupta",Journal of Library Administration,62.0,3,p404 - p418,2022,10.1080/01930826.2022.2043695,08-Apr-2022,https://doi.org/10.1080/01930826.2022.2043695,421.0,8.0,"This paper aimed to evaluate the research trends in the discipline of library and information science (LIS) originating from the group of nations known as the BRICS (Brazil, Russia, India, China, and South Africa). The Web of Science core collection database (WoSCC) has been used to extract the published data during the period 1989–2020. Furthermore, VoSviewer and Bibliometrix R package software have been employed for bibliometric analysis of data and data visualization. Results from data analysis indicate that China has the highest number of publications. There is a positive upward trend in scientific publications and citation patterns. Scientometrics is the most influential journal with the highest number of publications. Wuhan University is the most productive institution. Fourie I (n = 233) attains the first rank as the most prolific author based on the highest number of research publications. The overall collaboration rate of LIS publications among BRICS countries is moderate. Deep learning, machine learning, sentiment analysis, altmetrics, and artificial intelligence are the leading topics in LIS research among BRICS nations. The study will be of interest or helpful for researchers and professionals in the LIS research field who are interested in learning more about research trends in LIS in the BRICS nations.",SemanticScholar,FOUND
Seen Elsewhere,,Impact,2.0,1,p4 - p6,2016,10.1080/2058802x.2016.11963987,29-Jan-2018,https://doi.org/10.1080/2058802x.2016.11963987,128.0,0.0,,,NOT_FOUND
Operational Research: methods and applications,"Emel Aktas, Sibel A Alumur, Claudia Archetti, Hayriye Ayhan, Maria Battarra, Julia A Bennell, Greet Vanden Berghe, Jean-Marie Bourjolly, John E Boylan, Michèle Breton, David Canca, Laurent Charlin, Bo Chen, Cihan Tugrul Cicek, Louis Anthony Jr Cox, Christine S M Currie, Erik Demeulemeester, Li Ding, Stephen M Disney, Matthias Ehrgott, Martin J Eppler, Güneş Erdoğan, Bernard Fortz, L Alberto Franco, Jens Frische, Salvatore Greco, Amanda J Gregory, Willy Herroelen, Mike Hewitt, Jan Holmström, John N Hooker, Raimo P Hämäläinen, Tuğçe Işık, Jill Johnes, Bahar Y Kara, Özlem Karsu, Katherine Kent, Martin Kunc, Yong-Hong Kuo, Charlotte Köhler, Gilbert Laporte, Adam N Letchford, Janny Leung, Dong Li, Haitao Li, Judit Lienert, Ivana Ljubić, Andrea Lodi, Sebastián Lozano, Virginie Lurkin, Silvano Martello, Ian G McHale, Gerald Midgley, John D W Morecroft, Akshay Mutha, Ceyda Oğuz, Fotios Petropoulos, Sanja Petrovic, Ulrich Pferschy, Harilaos N Psaraftis, Sam Rose, Lauri Saarinen, Said Salhi, Jing-Sheng Song, Dimitrios Sotiros, Kathryn E Stecke, Arne K Strauss, İstenç Tarhan, Clemens Thielen, Paolo Toth, Christos Vasilakis, Vikrant Vaze, Daniele Vigo, Kai Virtanen, Xun Wang, Rafał Weron, Leroy White, Mike Yearworth, E Alper Yıldırım, Georges Zaccour, Xuying Zhao, Tom van Woensel",Journal of the Operational Research Society,75.0,3,p423 - p617,2024,10.1080/01605682.2023.2253852,27-Dec-2023,https://doi.org/10.1080/01605682.2023.2253852,82125.0,109.0,"Throughout its history, Operational Research has evolved to include methods, models and algorithms that have been applied to a wide range of contexts. This encyclopedic article consists of two main sections: methods and applications. The first summarises the up-to-date knowledge and provides an overview of the state-of-the-art methods and key developments in the various subdomains of the field. The second offers a wide-ranging list of areas where Operational Research has been applied. The article is meant to be read in a nonlinear fashion and used as a point of reference by a diverse pool of readers: academics, researchers, students, and practitioners. The entries within the methods and applications sections are presented in alphabetical order. The authors dedicate this paper to the 2023 Turkey/Syria earthquake victims. We sincerely hope that advances in OR will play a role towards minimising the pain and suffering caused by this and future catastrophes.",SemanticScholar,FOUND
A VISION FOR DATA SCIENCE AT BRITISH AIRWAYS,"Stefan Jackson, John Tozer",Impact,2020.0,1,p15 - p19,2020,10.1080/2058802x.2020.1720206,03-May-2020,https://doi.org/10.1080/2058802x.2020.1720206,9809.0,2.0,,,NOT_FOUND
Seen Elsewhere,,Impact,2.0,2,p4 - p5,2016,10.1080/2058802x.2016.11964001,29-Jan-2018,https://doi.org/10.1080/2058802x.2016.11964001,130.0,0.0,,,NOT_FOUND
Analysing human-computer interaction behaviour in human resource management system based on artificial intelligence technology,"Yuegang Song, Ruibing Wu",Knowledge Management Research & Practice,,,p1 - p10,5187,10.1080/14778238.2021.1955630,27-Jul-2021,https://doi.org/10.1080/14778238.2021.1955630,1297.0,35.0,,,NOT_FOUND
The role of business analytics in supporting strategy processes: Opportunities and limitations,"Martin Kunc, Frances A O'Brien",Journal of the Operational Research Society,70.0,6,p974 - p985,2019,10.1080/01605682.2018.1475104,18-May-2018,https://doi.org/10.1080/01605682.2018.1475104,4720.0,42.0,,,NOT_FOUND
"Methodology for data-driven predictive maintenance models design, development and implementation on manufacturing guided by domain knowledge","Julian Ramirez de Okariz, Jon Rodriguez, Oscar Serradilla, Ekhi Zugasti, Urko Zurutuza",International Journal of Computer Integrated Manufacturing,35.0,12,p1310 - p1334,2022,10.1080/0951192x.2022.2043562,02-Mar-2022,https://doi.org/10.1080/0951192x.2022.2043562,709.0,19.0,"The 4th industrial revolution has connected machines and industrial plants, facilitating process monitoring and the implementation of predictive maintenance (PdM) systems that can save up to 60% of maintenance costs. Nowadays, most PdM research is carried out with expert systems and data-driven algorithms, but it is mainly focused on improving the results of reference simulation data sets. Hence, industrial requirements are not commonly addressed, and there is no guiding methodology for their implementation in real PdM use-cases. The objective of this work is to present a methodology for PdM application in industrial companies by combining data-driven techniques with domain knowledge. It defines sequentially ordered stages, steps and tasks to facilitate the design, development and implementation of PdM systems according to business and process characteristics. It also facilitates the collaboration among the required working profiles and defines deliverables. It is designed in a flexible and iterative way, combining standards, state-of-the-art methodologies and referent works of the field. Finally, the proposed methodology is validated on two use-cases: a bushing testbed and a press machine of the production line. These use-cases aim to facilitate, guide and speed up the implementation of the methodology on other PdM use-cases.",SemanticScholar,FOUND
A taste for travel: improving tourism forecasts via online restaurant reviews,"Evangelos Spiliotis, Konstantinos Vogklis",Journal of the Operational Research Society,,,p1 - p17,5187,10.1080/01605682.2025.2591712,25-Nov-2025,https://doi.org/10.1080/01605682.2025.2591712,115.0,0.0,,,NOT_FOUND
PriMa: a prescriptive maintenance model for cyber-physical production systems,"Fazel Ansari, Robert Glawar, Tanja Nemeth",International Journal of Computer Integrated Manufacturing,32.0,4-5,p482 - p503,2019,10.1080/0951192x.2019.1571236,20-Feb-2019,https://doi.org/10.1080/0951192x.2019.1571236,14034.0,184.0,"Cyber-physical production systems (CPPS), as an emerging Industry 4.0’s technology, trigger a paradigm shift from descriptive to prescriptive maintenance. In particular, maintenance management approaches nowadays are more and more transformed to (semi-) automated knowledge-based decision support systems. This paper is intended to examine existing approaches and challenges towards rethinking maintenance in the context of Industry 4.0 and thus contributes to the literature of production management and planning, by introducing a novel prescriptive maintenance model (PriMa). PriMa is comprising of four layers (i.e. data management, predictive data analytic toolbox, recommender and decision support dashboard as well as an overarching layer for semantic-based learning and reasoning). The integrated approach of PriMa enhances two functional capabilities, namely i) efficiently processing large amount of multi-modal and heterogeneous data collected from multidimensional data sources and ii) effectively generating decision support measures and recommendations for improving and optimising forthcoming maintenance plans correlated with production planning and control (PPC) systems. An industry-oriented proof-of-concept study has been conducted to explore the feasibility of applying PriMa in real production systems by implementing a decision support solution and achieving a significant reduction of downtime. Finally, future research directions in this area are outlined.",SemanticScholar,FOUND
An approach to firm's innovation from the explicit and tacit knowledge spiral,"M Ángeles López-Cabarcos, Suresh Srinivasan, Paula Vázquez-Rodríguez",Knowledge Management Research & Practice,22.0,4,p340 - p353,2024,10.1080/14778238.2023.2173679,31-Jan-2023,https://doi.org/10.1080/14778238.2023.2173679,730.0,18.0,"This study aims to analyse the mediating and moderating roles played by tacit and explicit knowledge in the relationship between organisational capabilities and product innovation. On a sample of industrial organisations, SEM and multigroup analysis have been applied. Our findings show that both explicit and tacit knowledge partially mediate the relationship between organisational capabilities and product innovation, being stronger the mediating role played by tacit knowledge. While high levels of tacit knowledge enhance the impact of organisational capabilities on explicit knowledge and product innovation, a moderate level of explicit knowledge maximises the impact on the relationships between organisational capabilities, tacit knowledge, and product innovation. The discussion of the results, the managerial implications, and future research lines are included at the end of the paper.",SemanticScholar,FOUND
A Survey of 15 Years of Data-Driven Persona Development,"Kathleen Guan, Bernard J Jansen, Soon-Gyo Jung, Joni Salminen",International Journal of Human–Computer Interaction,37.0,18,p1685 - p1708,2021,10.1080/10447318.2021.1908670,12-Apr-2021,https://doi.org/10.1080/10447318.2021.1908670,15372.0,72.0,"Data-driven persona development unifies methodologies for creating robust personas from the behaviors and demographics of user segments. Data-driven personas have gained popularity in human-computer interaction due to digital trends such as personified big data, online analytics, and the evolution of data science algorithms. Even with its increasing popularity, there is a lack of a systematic understanding of the research on the topic. To address this gap, we review 77 data-driven persona research articles from 2005–2020. The results indicate three periods: (1) Quantification (2005–2008), which consists of the first experiments with data-driven methods, (2) Diversification (2009–2014), which involves more pluralistic use of data and algorithms, and (3) Digitalization (2015–present), marked by the abundance of online user data and the rapid development of data science algorithms and software. Despite consistent work on data-driven personas, there remain many research gaps concerning (a) shared resources, (b) evaluation methods, (c) standardization, (d) consideration for inclusivity, and (e) risk of losing in-depth user insights. We encourage organizations to realistically assess their data-driven persona development readiness to gain value from data-driven personas.",SemanticScholar,FOUND
A new era for digital twins: progress and industry adoption,"Colin William Crawford, S K Khairul Hasan",Digital Twin,2.0,4,,2025,10.1080/27525783.2025.2555877,19-Sep-2025,https://doi.org/10.1080/27525783.2025.2555877,6243.0,24.0,,,NOT_FOUND
A new wave of innovation in Semantic web tools for drug discovery,"Jeremy Graham Frey, Samantha Kanza",Expert Opinion on Drug Discovery,14.0,5,p433 - p444,2019,10.1080/17460441.2019.1586880,19-Mar-2019,https://doi.org/10.1080/17460441.2019.1586880,6253.0,28.0,"Introduction: The use of semantic web technologies to aid drug discovery has gained momentum over recent years. Researchers in this domain have realized that semantic web technologies are key to dealing with the high levels of data for drug discovery. These technologies enable us to represent the data in a formal, structured, interoperable and comparable way, and to tease out undiscovered links between drug data (be it identifying new drug-targets or relevant compounds, or links between specific drugs and diseases). Areas covered: This review focuses on explaining how semantic web technologies are being used to aid advances in drug discovery. The main types of semantic web technologies are explained, outlining how they work and how they can be used in the drug discovery process, with a consideration of how the use of these technologies has progressed from their initial usage. Expert opinion: The increased availability of shared semantic resources (tools, data and importantly the communities) have enabled the application of semantic web technologies to facilitate semantic (context dependent) search across multiple data sources, which can be used by machine learning to produce better predictions by exploiting the semantic links in knowledge graphs and linked datasets.",SemanticScholar,FOUND
Predictive maintenance: assessment of potentials for residential heating systems,"Sahil-Jai Arora, Markus Rabe",International Journal of Computer Integrated Manufacturing,36.0,12,p1876 - p1900,2023,10.1080/0951192x.2023.2204471,23-Apr-2023,https://doi.org/10.1080/0951192x.2023.2204471,189.0,3.0,"Predictive Maintenance (PdM) solutions can predict and consequently minimize downtimes. Concerning high implementation cost of PdM solutions for manufacturing systems as well as for sold systems operating in the field, e.g. Building Energy Systems in residential heating (RH), it is unclear under which conditions potentials outweigh investment. In a previous scientific publication, the authors proposed a methodology to systematically assess potentials and benefits of to-be-developed PdM solutions in manufacturing processes. The utilization of the methodology for RH systems is promising, but requires a suitable adaptation to its individual context. Apart from quantifying the benefit compared to investment for PdM solutions, the context of RH is fundamentally different from manufacturing. As a major difference, the systems are not located in-house, but in the field at the customers’ site. This leads to increased challenges in terms of lacking customer and system feedback and data availability. Therefore, this paper addresses the optimization, transfer, and adaptation of the previously developed methodology to RH systems. Additionally, this paper includes baseline information regarding maintenance and RH and an exemplary application of the optimized and adapted methodology that supports the reliability department of BOSCH Thermotechnology for quantifying the potentials of PdM solutions in the field of RH.",SemanticScholar,FOUND
A knowledge-based model for context-aware smart service systems,"le Nguyen Hoai Nam, Thanh Thoa Pham Thi, Cuong Pham-Nguyen, Thang le Dinh",Journal of Information and Telecommunication,6.0,2,p141 - p162,2022,10.1080/24751839.2021.1962105,23-Aug-2021,https://doi.org/10.1080/24751839.2021.1962105,4141.0,10.0,"The advancement of the Internet of Things, big data, and mobile computing leads to the need for smart services that enable the context awareness and the adaptability to their changing contexts. Today, designing a smart service system is a complex task due to the lack of an adequate model support in awareness and pervasive environment. In this paper, we present the concept of a context-aware smart service system and propose a knowledge model for context-aware smart service systems. The proposed model organizes the domain and context-aware knowledge into knowledge components based on the three levels of services: Services, Service system, and Network of service systems. The knowledge model for context-aware smart service systems integrates all the information and knowledge related to smart services, knowledge components, and context awareness that can play a key role for any framework, infrastructure, or applications deploying smart services. In order to demonstrate the approach, two case studies about chatbot as context-aware smart services for customer support are presented.",SemanticScholar,FOUND
"Decision making mechanism in resource based theory: A literature review, synthesis, and future research","Utomo Sarjono Putro, Mochammad Ridwan Ristyawan, Manahan Siallagan",Cogent Business & Management,10.0,2,,2023,10.1080/23311975.2023.2247217,28-Aug-2023,https://doi.org/10.1080/23311975.2023.2247217,9228.0,12.0,"Many companies have encountered vagueness, uncertainty, complexity, and ambiguity in formulating strategies during the COVID-19 pandemic. Therefore, they urgently require a decision-making mechanism to determine the resources/capabilities to achieve a competitive advantage in external environmental change. This research aims to discover publications in RBT, particularly the decision-making mechanism. The review highlighted the novelty of the decision-making mechanism of dynamic capability in RBT that the researchers had never previously reviewed. This review research enabled a systematic literature review (SLR) method embedded with bibliometric and systematic mapping study (SMS) analysis. The results provided 27 final publications, highlighting three keywords (dynamic capabilities, decision making, and enterprise resource management) and Teece and colleagues’ paper as the center of reference. The publications revealed that the decision-making mechanism covered a complex context, big data analysis and multi-criteria decision-making, dynamic, updated characteristics mechanism, and subject fields. Moreover, the publications were generally conducted in common industries, and several decision-support tools were found in the RBT. In summary, publications still need to provide more information to present the decision-making mechanism in enterprise resource management. Therefore, the proposed theoretical framework and conceptual decision-making model should be developed to follow a dynamic environment.",SemanticScholar,FOUND
"The intersection of AI, HRM, and organizational learning: review of emerging trends and unanswered questions",Aneerban Roy,Knowledge Management Research & Practice,,,p1 - p20,5187,10.1080/14778238.2026.2648157,26-Mar-2026,https://doi.org/10.1080/14778238.2026.2648157,217.0,0.0,,,NOT_FOUND
Transformative AI in human resource management: enhancing workforce planning with topic modeling,"Vandana Madhavan, Rajiv Prasad, Raghu Raman, Murale Venugopal",Cogent Business & Management,11.0,1,,2024,10.1080/23311975.2024.2432550,26-Nov-2024,https://doi.org/10.1080/23311975.2024.2432550,38415.0,88.0,"This study explores the transformative role of artificial intelligence (AI) in human resource management (HRM), focusing on key functions such as recruitment, retention, and performance management. A comprehensive review was carried out PRISMA framework and BERTopic model on AI and HRM‑related keywords. The resulting publications were analyzed to extract meaningful topics. AI‑driven tools streamline candidate screening and interview analysis, significantly enhancing hiring efficiency and decision‑making accuracy. Concerns about algorithmic bias highlight the need for robust governance frameworks to ensure transparency and fairness in AI‑driven processes. The study emphasizes the importance of aligning AI adoption with Organizational Development principles to foster inclusivity and organizational justice. The integration of AI in performance management facilitates real‑time, objective performance assessments, although overreliance on such technologies can affect employee trust and engagement. Despite these advances, the study highlights ethical concerns surrounding data privacy and the potential for algorithmic bias. Addressing these challenges requires the implementation of comprehensive ethical frameworks to promote fairness and inclusivity in AI‑HRM applications. Strategically, AI transforms HR from a reactive function to a proactive, data‑driven partner aligned with long‑term organizational goals. Successful AI integration depends on governance mechanisms that uphold ethical standards, foster employee trust, and ensure transparency, enabling organizations to fully leverage AI’s potential in enhancing workforce management.",SemanticScholar,FOUND
A dimensional exploration and scale development study of algorithm aversion,"Xia Li, Lin Wang, Yang Zhao, Huiyu Zhu",Journal of the Operational Research Society,76.0,8,p1531 - p1552,2025,10.1080/01605682.2024.2419544,19-Nov-2024,https://doi.org/10.1080/01605682.2024.2419544,1956.0,3.0,"The increased use of AI in business has spurred an explosion in algorithm aversion research. The absence of scientific measurement instruments has caused the empirical research on the structural dimensions and measurement scales of algorithm aversion to stagnate, and the field is currently just in the exploratory stages of investigation. The results of experimental research and polls on algorithm aversion and appreciation may not be as broadly applicable as they may be because roughly two thirds of them used U.S. samples. Thus, extending from previous research, this work applies grounded theory to investigate the dimensionality of the structural dimensions of algorithm aversion using data from Chinese user interviews as well as the MicroBlog, Zhihu, and CSDN corpus. The scale was tested through the processes of questionnaire, exploratory factor analysis, and validation factor analysis to construct the scale of algorithmic aversion. The study finds five dimensions of algorithm aversion: Algorithm power gameplay, Algorithm user lock-in, Algorithm cognitive bias, Algorithm recommendation preference, and Recommendation algorithm adoption. The scale has a good level of validity and reliability and comprises 22 items. The findings of this study will support theoretical underpinnings for AI marketing and practical research on algorithm aversion in recommendation systems.",SemanticScholar,FOUND
Artificial intelligence in logistics and supply chain operations: state-of-the-art and research avenues towards AI-empowered Physical Internet,"George Q Huang, Ming K Lim, Shenle Pan, Shengan Yu, Mengdi Zhang, Zhiheng Zhao",International Journal of Logistics Research and Applications,,,p1 - p29,5187,10.1080/13675567.2026.2685107,17-Jun-2026,https://doi.org/10.1080/13675567.2026.2685107,167.0,0.0,,,NOT_FOUND
SEEN ELSEWHERE,,Impact,2018.0,2,p4 - p5,2018,10.1080/2058802x.2018.1526450,20-Dec-2018,https://doi.org/10.1080/2058802x.2018.1526450,367.0,0.0,,,NOT_FOUND
Transformation of China's business model in the new economic reality,Pengfei Li,Asian Journal of Technology Innovation,,,p1 - p18,5187,10.1080/19761597.2026.2716082,10-Aug-2026,https://doi.org/10.1080/19761597.2026.2716082,18.0,0.0,,,NOT_FOUND
Cognitive digital twin in manufacturing process: integrating the knowledge graph for enhanced human-centric Industry 5.0,"Yong Han, Dongsheng Jiang, Chang Su, Xin Tang, Tao Wang",International Journal of Production Research,64.0,12,p4980 - p5001,2026,10.1080/00207543.2024.2435583,03-Dec-2024,https://doi.org/10.1080/00207543.2024.2435583,1013.0,25.0,"Industry 5.0 emphasises human-centric intelligent manufacturing, posing challenges in integrating human expertise with advanced machine capabilities. To address these challenges, a novel three-layer cognitive digital twin model based on knowledge graphs is proposed, designed to integrate workers’ knowledge and experience into intelligent manufacturing processes. This model comprises three layers: an ontology layer that constructs a foundational process knowledge ontology library; a knowledge layer that maps real-time data to dynamically update digital models; and a cognitive layer that utilises machine learning, knowledge reasoning, and knowledge mining for advanced analysis, state understanding, and model evolution. The model promotes user interaction through intuitive interfaces and a Q&A system, leveraging techniques such as knowledge reasoning and querying to support decision-making and enhance worker engagement. Validated through a system implemented for aero-engine blade production, this cognitive digital twin model leverages human expertise and machine capabilities to enhance process control, quality management, and overall efficiency. The proposed approach demonstrates significant potential for advancing personalised human-machine interaction in manufacturing, truly embodying the value of a human-centric approach and paving the way for future developments in the field.",SemanticScholar,FOUND
Journal of Computer Information Systems: Intellectual and Conceptual Structure,"Salma S Abed, Yogesh K Dwivedi, Alex Koohang, Nripendra P Rana, Anuj Sharma",Journal of Computer Information Systems,63.0,1,p37 - p67,2023,10.1080/08874417.2021.2021114,20-Jan-2022,https://doi.org/10.1080/08874417.2021.2021114,1063.0,9.0,"This study examines the intellectual and conceptual structure of the Journal of Computer Information Systems (JCIS) from 1995 to 2021. The evolution of the key topics and the performance of different actors like the key publications, authors, institutions, countries, etc., are reported using a hybrid methodology based upon scientometrics and topic modeling. The latent topics are discovered using structural topic models, and the temporal deviation in the topic prevalences from 1995 to 2021 is visualized. Further, this study reports the most prominent articles, themes, and collaboration patterns using co-citation network analysis, assessment of keywords co-occurrences, and exploration of coauthorship patterns. Finally, the disciplinary influences and knowledge exchange across disciplines are reported. The most significant findings from the study reveal that themes such as “Information Security and Privacy,” “Social Commerce and Social Networking Sites,” “Social Media, Web Search and User Satisfaction,” “Big Data Analytics and Cloud Computing, and “ICT for Economic Development and Empowerment” may become the hotspot for future research. The social exchange of knowledge reveals intra-disciplinarity, where JCIS gets most of the knowledge from the information systems domain itself. However, closest associations with the general business domain, computer science, marketing, organization science, and psychology for knowledge inflows make JCIS a net knowledge receiver.",SemanticScholar,FOUND
Skipping class: improving human-driven data exploration and querying through instances,"Jeffrey Parsons, Arash Saghafi, Yair Wand",European Journal of Information Systems,31.0,4,p463 - p491,2022,10.1080/0960085x.2020.1869507,29-Jan-2021,https://doi.org/10.1080/0960085x.2020.1869507,3948.0,4.0,"With the growing focus on business analytics and data-driven decision-making, there is a greater need for humans to interact effectively with data. We propose that presenting data to human users in terms of instances and attributes provides a more flexible and usable structure for querying, exploring, and analysing data. Compared to a traditional representation, an instance-based representation does not impose any predefined classification schema over the data when it is presented to users. This paper examines the potential utility of instance-based data through two laboratory experiments – the first focusing on exploration of data for pattern discovery (open-ended tasks) and the second on retrieval of information (closed-ended tasks). In both cases, participants were able to achieve better results in tasks using instance-based data than using class-based representations. Given the growing need for self-service analytics, as well as using information for purposes not anticipated when it was collected, we show that instance-based representations can be an effective way to satisfy the emerging needs of information users.",SemanticScholar,FOUND
Pretty Persuasion: The Advantages of Data Visualisation,Robert Grant,Impact,2019.0,2,p19 - p23,2019,10.1080/2058802x.2019.1633814,07-Nov-2019,https://doi.org/10.1080/2058802x.2019.1633814,1144.0,0.0,,,NOT_FOUND
Environmental sustainability performance of US airlines: implications of financial performance and technical efficiency,"Emel Aktas, Fahimeh Chomachaei, Sepideh Kaffash",Journal of the Operational Research Society,77.0,1,p64 - p84,2026,10.1080/01605682.2024.2429567,21-Nov-2024,https://doi.org/10.1080/01605682.2024.2429567,5610.0,13.0,"Air transportation significantly contributes to global CO2 emissions. The US Aviation Climate Action Plan introduced in November 2021 aims to decarbonize the aviation sector by 2050. Aligned with this initiative, our study applies Data Envelopment Analysis and fixed-effect panel regression to empirically explore how financial performance and technical efficiency impact Environmental Sustainability Performance (ESP) in the airline industry. We curated panel data of nine US passenger airlines from 2010 to 2019 to examine three key areas: the impact of financial performance on environmental sustainability performance, the influence of efficiency on environmental sustainability performance, and the relationship between flight stage length and environmental sustainability performance. Our findings indicate that improved Financial Performance, higher technical efficiency, and longer stage lengths positively contribute to enhanced environmental sustainability performance. Our study provides valuable insights for managers and policymakers, emphasizing the pivotal role of financial stability in achieving environmental goals within the airline industry. It underscores the intricate connection between economic viability and sustainability, offering guidance for policymakers seeking to balance financial success with environmental goals.",SemanticScholar,FOUND
Reimagining quality management systems with AI: Beyond inspection to enterprise-wide implementation,"Kuldeep Agarwal, Pawan Bhandari, John Ruprecht, Ryan Walerius",Quality Management Journal,,,p1 - p20,5187,10.1080/10686967.2025.2611724,26-Jan-2026,https://doi.org/10.1080/10686967.2025.2611724,282.0,3.0,,,NOT_FOUND
The role of data analytics within operational risk management: A systematic review from the financial services and energy sectors,"Christopher Bilson, Nikki Cornwell, Adrian Gepp, Steven Stern, Bruce J Vanstone",Journal of the Operational Research Society,74.0,1,p374 - p402,2023,10.1080/01605682.2022.2041373,27-Feb-2022,https://doi.org/10.1080/01605682.2022.2041373,20250.0,41.0,"Operational risks are increasingly prevalent and complex to manage in organisations, culminating in substantial financial and non-financial costs. Given the inefficiencies and biases of traditional manual, static and qualitative risk management practices, research has progressed to using data analytics to objectively and dynamically manage risks. However, the variety of operational risks, techniques and objectives researched is not well mapped across industries. This paper thoroughly reviews the emerging research area applying data analytics to operational risk management (ORM) within financial services (FS) and energy and natural resources (ENR). A systematic literature search resulted in 2,538 publications, from which detailed bibliometric and content analyses are performed on 191 studies of relevance. The literature is classified using a novel multi-layered framework, informing critical analyses of the analytics techniques and data employed. Five core themes emerge, relevant to practitioners, researchers, educators and students across any sector: risk identification, causal factors, risk quantification, risk prediction and risk decision-making. Generally, ENR studies focus on identifying causal factors and predicting specific incidents, whereas FS applications are more mature surrounding risk quantification. To conclude, the comprehensive review reveals areas where further research is needed to advance ORM within and beyond FS and ENR, in pursuit of improved decision-making.",SemanticScholar,FOUND
Antecedents and performance outcomes of employees' data analytics skills: an adaptation structuration theory-based empirical investigation,"Aseel Ajamieh, Jose Benitez, Zhen Shao, Jing Zhang, Hanqing Zheng",European Journal of Information Systems,32.0,6,p921 - p940,2023,10.1080/0960085x.2022.2078235,24-May-2022,https://doi.org/10.1080/0960085x.2022.2078235,3156.0,30.0,,,NOT_FOUND
Smart cities for people with disabilities: a systematic literature review and future research directions,"Nima Kordzadeh, Eleanor T Loiacono, Shimi Zhou",European Journal of Information Systems,33.0,6,p845 - p862,2024,10.1080/0960085x.2023.2297974,27-Dec-2023,https://doi.org/10.1080/0960085x.2023.2297974,2216.0,31.0,"Smart cities are promising communities that leverage intelligent technologies to connect citizens through internet devices, thereby improving their quality of life. This is especially crucial for citizens with disabilities, who face significant challenges in urban living. This paper reviews, summarises, and synthesises the current literature on smart cities for people with disabilities. The analysis is grounded in a sociotechnical framework and the Quadruple Helix Model, with a focus on effective collaborations among various stakeholders to provide sustainable and inclusive smart cities. In examining 83 peer-reviewed articles, our literature analysis reveals that, despite the growing number of studies on smart cities, very few have explored the challenges and opportunities for people with disabilities from a socio-technical and collaborative perspective. Accordingly, we call for interdisciplinary research to understand how smart technologies should be developed, implemented, and used to address the special needs of people with disabilities and to build inclusive and technologically advanced smart cities. This study contributes to both research and practice by highlighting the underexamined area of inclusive smart cities. It provides a conceptual framework that can serve as a guideline to address and enhance the understanding of the critical role of smart cities in fostering social inclusion.",SemanticScholar,FOUND
An Ontology-based Knowledge Mining Model for Effective Exploitation of Agro Information,"S Margret Anouncia, E Murali",IETE Journal of Research,69.0,11,p7856 - p7873,2023,10.1080/03772063.2022.2058629,10-Apr-2022,https://doi.org/10.1080/03772063.2022.2058629,230.0,6.0,"The quality of agriculture depends on the quality of the yield, which is usually obtained through the well-being of the crop. The quality of any crop depends on the minerals in the soil, the type of soil, the location, and the seasons. The crop yield depends on soil fertility, availability of water, climate, and disease prevention. Although this information is prevailing in plenty among the expert farmers, the means of abducting the information to the future generation has not been much promoted. Hence, the knowledge disseminated regarding agriculture becomes scarce, affecting the entire agricultural process. Given these facts, a single source, strong knowledge management system is proposed to be designed. The system aims to embrace the different kinds of knowledge associated with agriculture and attempt to obtain a single source of agro information that is very much usable and reusable to the users. To ensure the maximum level of reusability, the knowledge of the domain needs to be modeled and represented in a way that is scalable and flexible. One of the knowledge representation techniques that emphasizes on reusability and scalability is ontology. Thus, this paper attempts to design an ontology-based agro knowledge management system. A rule base is constructed to improve the expressiveness of the knowledge. An incremental mining approach is adopted to extract the knowledge from multiple ontology. To understand better to aid decision-making, a visualization task is carried out. A multi ontology-based knowledge mining model is attempted in this research to provide better insight regarding agro knowledge.",SemanticScholar,FOUND
Soft and hard TQM practices: future research agenda for industry 4.0,"Kashif Ali, Satirenjit Kaur Johl",Total Quality Management & Business Excellence,33.0,13-14,p1625 - p1655,2022,10.1080/14783363.2021.1985448,23-Oct-2021,https://doi.org/10.1080/14783363.2021.1985448,3125.0,80.0,"The primary objective of this study is to examine the present literature of Total Quality Management (TQM) and its connection with industry 4.0. The author tried to understand what subject and problems might be deemed more relevant, referring to the so-called Quality 4.0, which is absent from the literature to open avenues for further research. To achieve the primary objective, the author reviewed the literature on TQM from the objective (soft) and subjective (hard) perspectives, followed by identifying the critical success factors and future research avenues for researchers. A total of 87 empirical studies from 1987–2019 were studied. The descriptive and thematic analysis identified the soft and hard total quality management practices. A quality tool, ‘Pareto Analysis’, was applied to soft and hard TQM practices. The comprehensive review identified 23 soft and 15 hard TQM practices in the manufacturing and services sectors. The findings revealed four soft dimensions for the effective implementation of Quality 4.0 in business: Top management commitment, customer focus, training and learning, and quality of big data and analysis. Furthermore, three hard dimensions revealed the effective implementation of Quality 4.0: process management, continuous improvement, and product/service design.",SemanticScholar,FOUND
How long can this party last? What the rise and fall of OR/MS can teach us about the future of business analytics,Robert F Otondo,European Journal of Information Systems,28.0,5,p473 - p495,2019,10.1080/0960085x.2019.1598609,25-Apr-2019,https://doi.org/10.1080/0960085x.2019.1598609,1204.0,7.0,"Business analytics (BA) is an important organisational activity and research discipline. However, history has shown that information systems (IS)-related disciplines with promising futures do not always flourish as expected. The troubled history of one such discipline (i.e., operations research/management science, or OR/MS) serves as a cautionary tale for the BA community because it warns of the dangers of an unquestioning faith in the power of mathematical modelling and analysis. This cautionary tale is especially alarming given the methodological similarities between BA and OR/MS, as well as the sizeable investments organisations have made in their BA capabilities. It is, therefore, appropriate and prudent to ask if a similar fate could befall BA and how such a fate can be avoided. Those questions are addressed in this article by extracting “lessons learned” from the OR/MS literature and applying them to BA. The lessons highlight opportunities and challenges to BA which are then framed within a widely cited research agenda. Theoretical propositions are forwarded to encourage research that can help promote the future of BA – both as an organisational practice and research stream – through a wider, broad-based, and balanced critical discourse among scholars and practitioners.",SemanticScholar,FOUND
A Precision Medicine Initiative for Alzheimer's disease: the road ahead to biomarker-guided integrative disease modeling,"K Broich, J-C Corvol, B Dubois, S Durrleman, V Escott-Price, H Hampel, S Lista, S E O'Bryant, K Rojkova, E Younesi",Climacteric,20.0,2,p107 - p118,2017,10.1080/13697137.2017.1287866,09-Feb-2017,https://doi.org/10.1080/13697137.2017.1287866,1936.0,135.0,,,NOT_FOUND
Understanding dark side of artificial intelligence (AI) integrated business analytics: assessing firm's operational inefficiency and competitiveness,"Shahriar Akter, Sheshadri Chatterjee, Yogesh K Dwivedi, Nripendra P Rana",European Journal of Information Systems,31.0,3,p364 - p387,2022,10.1080/0960085x.2021.1955628,01-Aug-2021,https://doi.org/10.1080/0960085x.2021.1955628,67073.0,346.0,"The data-centric revolution generally celebrates the proliferation of business analytics and AI in exploiting firm’s potential and success. However, there is a lack of research on how the unintended consequences of AI integrated business analytics (AI-BA) influence a firm’s overall competitive advantage. In this backdrop, this study aims to identify how factors, such as AI-BA opacity, suboptimal business decisions and perceived risk are responsible for a firm’s operational inefficiency and competitive disadvantage. Drawing on the resource-based view, dynamic capability view, and contingency theory, the proposed research model captures the components and effects of an AI-BA opacity on a firm’s risk environment and negative performance. The data were gathered from 355 operational, mid-level and senior managers from various service sectors across all different size organisations in India. The results indicated that lack of governance, poor data quality, and inefficient training of key employees led to an AI-BA opacity. It then triggers suboptimal business decisions and higher perceived risk resulting in operational inefficiency. The findings show that operational inefficiency significantly contributes to negative sales growth and employees’ dissatisfaction, which result in a competitive disadvantage for a firm. The findings also highlight the significant moderating effect of contingency plan in the nomological chain.",SemanticScholar,FOUND
Information systems in the age of pandemics: COVID-19 and beyond,"Kieran Conboy, Michael D Myers, Pär J Ågerfalk",European Journal of Information Systems,29.0,3,p203 - p207,2020,10.1080/0960085x.2020.1771968,14-Jun-2020,https://doi.org/10.1080/0960085x.2020.1771968,62236.0,123.0,"This issue of the European Journal of Information Systems (EJIS) is a special issue on Business Process Management and Digital Innovation. Guest editors Jan Mendling, Brian Pentland, and Jan Recker...",SemanticScholar,FOUND
Digital twin enhanced agile design of ship pipeline systems,"Kang Cui, Xiaofen Shan, Xin Wang, Zhinan Zhang",Digital Twin,1.0,4,,2024,10.12688/digitaltwin.17918.2,06-Jan-2025,https://doi.org/10.12688/digitaltwin.17918.2,511.0,2.0,,,NOT_FOUND
A systematic literature review of Auditing Practices research landscape and future research propositions using bibliometric analysis,"Amar Johri, Raj Kumar Singh",Cogent Business & Management,11.0,1,,2024,10.1080/23311975.2024.2344743,26-Apr-2024,https://doi.org/10.1080/23311975.2024.2344743,9634.0,17.0,"This investigation aims to conduct a bibliometric analysis to amalgamate the publication patterns of auditing practices. As a result, this research scrutinizes the historical, contemporary, and forthcoming studies on auditing practices. The content is sourced from the Scopus database, and following the application of specific selection criteria, a total of 516 documents are chosen for bibliometric scrutiny. Citation analysis is employed to identify the most influential publications and contributors. In order to determine the most productive authors and sources, an analysis of productivity is undertaken. The bibliometric analysis used to discover five principal thematic clusters in auditing practice research. The themes that are extensively referenced include the legitimacy of audits, their function, archival auditing, the proliferation of audits, audit technologies, and the analysis of big data. By means of co-citation analysis, the works that are most frequently referenced are identified, while co-occurrence analysis is employed to identify the current themes that are trending in research on auditing practices. The present trends and clusters of themes encompass sustainability assurance, the role of auditors in financial crises, blockchain technology, professional skepticism, and the detection of fraudulent activities. The future directions for research are presented in the academic papers.",SemanticScholar,FOUND
Information as a difference: toward a subjective theory of information,"Earl H Jr McKinney, Charles J II Yoos",European Journal of Information Systems,28.0,4,p355 - p369,2019,10.1080/0960085x.2019.1581441,14-Mar-2019,https://doi.org/10.1080/0960085x.2019.1581441,1423.0,14.0,"We propose a difference theory of information that extends Gregory Bateson’s definition that information is any difference that makes a difference. Information arises from conception of difference, criteria, and meta criteria. Individuals perceive differences and conceive information from those differences. A first difference is a perceived difference that leads to a second difference – a changing mind. The difference theory provides a theoretical foundation for distinguishing the terms data and information. Additionally, it describes how individuals inform in uncertainty by applying and sometimes recursively applying criteria levels. We apply the difference theory to IS practice and research contexts.",SemanticScholar,FOUND
Sustainability Design Principles for a Wildlife Management Analytics System: An Action Design Research,"Mingwei Li, Shan L Pan, L G Pee, M S Sandeep",European Journal of Information Systems,30.0,4,p452 - p473,2021,10.1080/0960085x.2020.1811786,06-Sep-2020,https://doi.org/10.1080/0960085x.2020.1811786,3341.0,30.0,"Wildlife management is becoming increasingly critical to improving the sustainability of biodiversity and the welfare of human beings. This paper uses affordance as a lens to explore the design of information systems that can assist in managing wildlife in protected areas. Through an action design research (ADR) study with a forest department, we develop and test design principles for a class of wildlife management analytics system (WMAS). We identify the initial design principles, including elements of the action potential, materiality, and boundary condition, and iteratively refine them based on an instantiation of WMAS through two iterations of design and implementation cycles. Through our work, we contribute to design knowledge by abstracting the artefacts, design principles in particular, and the ADR approach by generalising two new activities and corresponding principles when designing analytical models. Our findings can also be used to address a class of similar problems and systems in practice.",SemanticScholar,FOUND
"Simplicity, robustness and speed in time series forecasting: LEAF-learning by exponentially adaptive forecasting, a novel univariate predictive analytics benchmark","Foteini Kyriazi, Dimitrios Thomakos",Journal of the Operational Research Society,77.0,4,p951 - p962,2026,10.1080/01605682.2025.2510530,24-Jun-2025,https://doi.org/10.1080/01605682.2025.2510530,132.0,1.0,"In this article, we present a novel forecast benchmark for time series, which we call learning exponential adaptive forecasting or LEAF. We examine its theoretical properties and showcase that this new forecasting method can be explored within the context of a model that begins from simple foundations, expands to incorporate the essential features of the mean of the time series and the naïve forecast, and overlays these with sequential error learning. Our empirical exercise demonstrates the efficacy of the proposed method, which delivers superior forecasting performance across different frequencies, time periods, and parameter combinations. Both the original and enhanced forms of the method consistently outperform the standard benchmark models that mostly appear in the literature. We re-confirm the efficacy of the method also via a simulation analysis that indicates the same performance characteristics, now in a controlled environment. The foundational simplicity, and the simplicity of computations, as well as the substantially good performance we obtain, suggest the potential of this new method in real-world applications and as a powerful benchmark to evaluate other forecasting approaches.",SemanticScholar,FOUND
How blockchain technology can change medicine,"E Carlos Rodriguez-Merchan, Juan M Roman-Belmonte, Hortensia de la Corte-Rodriguez",Postgraduate Medicine,130.0,4,p420 - p427,2018,10.1080/00325481.2018.1472996,10-May-2018,https://doi.org/10.1080/00325481.2018.1472996,1905.0,110.0,,,NOT_FOUND
The use of Generative Artificial Intelligence (GenAI) in operations research: review and future research agenda,"Jiuh-Biing Sheu, Qin Zhou",Journal of the Operational Research Society,77.0,7,p1675 - p1695,2026,10.1080/01605682.2025.2561762,17-Sep-2025,https://doi.org/10.1080/01605682.2025.2561762,8740.0,17.0,"The emergence of Generative Artificial Intelligence (GenAI) represents a significant advancement in computational capabilities, offering transformative potential for the field of Operations Research (OR). This study explores the role of GenAI in OR by conducting a systematic literature review. Following a careful analysis of the collected works, the reviewed papers are classified into two main categories based on the nature of their contributions: (1) application papers and (2) review and position papers. The latter provide a conceptual overview of GenAI’s broader implications for OR, while the application papers are organized into a taxonomy encompassing three core dimensions: (1) GenAI for mathematical programming and optimization, (2) GenAI for stochastic systems, and (3) GenAI for simulation, strategic analysis, game theory, and risk management. Drawing insights from both conceptual and empirical studies, this review identifies cross-cutting themes and outlines a future research agenda to guide continued exploration at the intersection of GenAI and OR.",SemanticScholar,FOUND
Optimizing Information Flow in Manufacturing Operations Management Through Lean-Industry 4.0 Integration,"Danyuan Li, Li Zheng",Engineering Management Journal,38.0,4,p418 - p442,2026,10.1080/10429247.2025.2510224,22-Jul-2025,https://doi.org/10.1080/10429247.2025.2510224,269.0,5.0,"Integrating Lean and Industry 4.0 (I4.0) has been widely acknowledged as an effective approach to enhancing manufacturing operations. However, existing studies primarily focused on optimizing the material flow, leaving information flow—a critical aspect of modern manufacturing—unexplored. To fill this gap, this study presents a comprehensive framework that: 1) categorizes key forms of information flow waste in modern manufacturing and their impacts on material flow waste; 2) adapts Lean principles and practices for optimizing the information flow and identifies the main types of information flow waste they target; and 3) integrates these adapted Lean principles and practices with the I4.0 technologies for successful implementation. The framework is developed using a systematic bibliographic research approach, synthesizing 56 existing studies on Lean–I4.0 integration for information flow optimization. It allows manufacturing companies to more efficiently and effectively identify information flow issues and develop and implement targeted optimizations. The proposed framework is validated at an automotive parts manufacturer in China, where it identifies key inefficiencies in information flow and their impacts and provides targeted solutions by integrating Lean practices with I4.0 technologies.",SemanticScholar,FOUND
"An integrated model of supply chain quality management, Industry 3.5 and innovation to improve manufacturers' performance - a case study of Vietnam","Hiep Minh Ha, Hien Thu Pham, Trang Thi Thu Tran, Thanh van Nguyen",International Journal of Logistics Research and Applications,27.0,2,p261 - p283,2024,10.1080/13675567.2022.2059457,13-Apr-2022,https://doi.org/10.1080/13675567.2022.2059457,11142.0,31.0,"Small and medium enterprises (SMEs) play an inviolable role in social and economic growth in developing countries. Although SMEs are flexible in operation, they bear disadvantages such as accessing financial resources, recruiting talents, and limited managerial capacities. Digitalisation is, therefore, more challenging for these companies. Following an open-end approach for theory development, the paper generalises empirical evidence of a medium-sized manufacturer to a conceptual model and an implementation pathway to fast-track digital transformation. The company successfully adopted multiple SCQM systems and Industry 3.5 in a relatively short period. Knowledge management is the key to optimise knowledge flow and facilitate digital transformation. The paper contributes to the supply chain management literature by proposing an SCQM and Industry 3.5 integration model and proposes a pathway for such integration in developing markets. This approach has been proved to be an efficient way to fast-track integration and provide significant organisational benefits to the companies.",SemanticScholar,FOUND
Real Estate valuation and forecasting in non-homogeneous markets: A case study in Greece during the financial crisis,"Antonios K Alexandridis, Dimitrios Andritsos, Dimitrios Karlis, Dimitrios Papastamos",Journal of the Operational Research Society,70.0,10,p1769 - p1783,2019,10.1080/01605682.2018.1468864,19-Jun-2018,https://doi.org/10.1080/01605682.2018.1468864,904.0,14.0,"In this paper, we develop an automatic valuation model for property valuation using a large database of historical prices from Greece. The Greek property market is an inefficient, non-homogeneous market, still at its infancy and governed by lack of information. As a result modelling the Greek real estate market is a very interesting and challenging problem. The available data cover a wide range of properties across time and include the financial crisis period in Greece which led to tremendous changes in the dynamics of the real estate market. We formulate and compare linear and non-linear models based on regression, hedonic equations and artificial neural networks. The forecasting ability of each method is evaluated out-of-sample. Special care is given on measuring the success of the forecasts but also on identifying the property characteristics that lead to large forecasting errors. Finally, by examining the strengths and the performance of each method we apply a combined forecasting rule to improve forecasting accuracy. Our results indicate that the proposed methodology constitutes an accurate tool for property valuation in a non-homogeneous, newly developed market.",SemanticScholar,FOUND
Technology Roadmap Construction Based on Structural Theme Model and SAO Semantic Analysis,"Jiao Li, Baijun Liu, Longhui Pan, Hongmei Yuan",Engineering Management Journal,,,p1 - p15,5187,10.1080/10429247.2025.2542670,16-Sep-2025,https://doi.org/10.1080/10429247.2025.2542670,143.0,1.0,,,NOT_FOUND
Scopus scientific mapping production in industry 4.0 (2011-2018): a bibliometric analysis,"Rejane Frozza, Leonardo Bertolin Furstenau, Daniel Hoppe, Sandra Iepsen, Liane Mahlmann Kipper",International Journal of Production Research,58.0,6,p1605 - p1627,2020,10.1080/00207543.2019.1671625,09-Oct-2019,https://doi.org/10.1080/00207543.2019.1671625,4461.0,222.0,"Research in industry 4.0 is growing, driven by the innovations in production systems on a continuous basis. In this study, we identified the evolution of themes inherent in the industry 4.0 using a bibliometric software, namely SciMAT (Science Mapping Analysis Software Tool). The analyses included 1882 documents, 4231 keywords, and the relevant information was extracted based on frequency of co-occurrence of keywords. The clusters were plotted in two-dimensional strategic diagrams and analysed using the bibliometric indicators such as the number of publications, number of associated documents, and h-index. The results revealed that 2017 had the largest number of publications. Expert authors in the field and the periodicals that published the most were identified. The science mapping presented 31 clusters in which the most representative motor themes were CPS (Cyber-Physical System), IoT (Internet of Things), and Big Data. In addition, it was possible to identify fields with high investment of efforts by the scientific community such as the union between lean production and industry 4.0, production-centered CPS (CPPS), IoT (Industrial Internet of Things - IIoT), among others. The overlapping map showed an increase in the number of keywords from 338 to 1231 over the period of data. The map of scientific developments supported by an exhaustive research, it was possible to show the state of the art, the main challenges and perspectives for future research in the field of industry 4.0 such as Technology, Collaboration/Integration, Management and Implementation.",SemanticScholar,FOUND
Markov Walk and Walmart sales prediction,Giacomo Sbrana,Journal of the Operational Research Society,,,p1 - p12,5187,10.1080/01605682.2025.2569661,16-Oct-2025,https://doi.org/10.1080/01605682.2025.2569661,176.0,2.0,,,NOT_FOUND
Reflecting on digital technologies and knowledge assets in the public sector: exploring the dark side,Elisa Bonollo,Knowledge Management Research & Practice,24.0,2,p200 - p216,2026,10.1080/14778238.2025.2494772,30-May-2025,https://doi.org/10.1080/14778238.2025.2494772,322.0,4.0,"The adoption of digital technologies in the public sector has been accompanied by optimistic narratives, highlighting the potential benefits and advancements they can bring. However, it is also crucial to consider the adverse consequences of digitalisation. While some attention has been given to this topic, systematic investigations into these negative aspects remain relatively limited. In recent years, scholars have begun to shed light on various issues related to digitalisation, including inequality, management challenges, and legal considerations. This paper aims to provide an overview of the negative aspects of digitalisation in the public sector through a systematic literature review of 93 articles focusing on knowledge assets. The findings reveal that primary negative effects of digitalisation are often associated with factors affecting the accumulation of relational assets.",SemanticScholar,FOUND
An integrated optimization and analytics approach for planning mental healthcare services,"Kathy Kotiadis, Emily Musara, Sheema Noorain, Maria Paola Scaparra",Journal of the Operational Research Society,77.0,4,p1150 - p1177,2026,10.1080/01605682.2025.2519996,24-Jun-2025,https://doi.org/10.1080/01605682.2025.2519996,1723.0,1.0,"Mental health services worldwide, including in the UK, face significant constraints that necessitate effective resource planning for delivering high-quality care. The application of analytics in healthcare offers the potential to enhance efficiency and improve care quality. However, achieving this vision is particularly challenging in the context of mental healthcare. This paper focuses on the evaluation and redesign of a Primary Care Mental Health (PCMH) service located in Kent, UK. To address this problem, we propose an analytics-driven approach that integrates the three stages of descriptive, predictive, and prescriptive analytics with an optimization model. Through a comprehensive case study, we illustrate how this integrated approach serves as a valuable tool for experimentation within the PCMH service. We explicitly detail how data analysis and stakeholder engagement informed model development. The findings of our novel multi-skill multi-location model demonstrate the benefits of utilising optimised workforce planning to reduce unmet demand while ensuring equitable workload distribution among clinicians. We also discuss the adaptability of the analytics approach and the potential applicability of the optimization model in mental health and other care settings.",SemanticScholar,FOUND
Special issue on recent advances in design analytics,"Vimal Dhokia, George Q Huang, Zhi Li, Rainer Stark",International Journal of Computer Integrated Manufacturing,33.0,7,p643 - p644,2020,10.1080/0951192x.2020.1800097,04-Aug-2020,https://doi.org/10.1080/0951192x.2020.1800097,941.0,0.0,"Design Analytics is a paradigm to develop a successful product through analysing heterogeneous data from various sources like CAD/CAM, Knowledge Management Systems, Manufacturing Internet-ofThings, Social Network etc. The promise of product and design analytics has been wide-spread and more engineering designers are attempting to extract valuable knowledge from large-scale data. Considering this data has great benefits for Manufacture, Procurement, Environment, Serviceability, Reliability, Consumption etc., how to utilize modelling and analytics effectively and efficiently plays a great role in mining the potential knowledge. The enormous amount of data in different fields, which often has the characteristics of a heterogeneous structure and multimedia dimension, has the power to promote a new technology revolution. However, how to integrate this valuable data with the product design requires rigorous data processing, insightful data analysis and an environment stimulating innovative management. Today, growing attention is being drawn in the engineering community to the use of data-driven methods in decision-making to develop products. There are a variety of analytical techniques which contain predictive analytics, data mining, case-based reasoning, exploratory data analysis, business intelligence and machine learning techniques that could help firms to mine unstructured data. However, the constraints in the design domain lead to new requirements and challenges for both design methodologies and data analytics, where product developments are desirable from traditional mathematical models and emerging technologies to deal with the multidimensional demands and multi-dimensional data. The aim of this special issue is to provide a forum for researchers and practitioners to review the state-of -the-art methodologies and technologies, and to identify critical issues and challenges for future research in the broadest field of design analytics. Six papers are included in this special issue. The first paper Affective design using machine learning: a survey and its prospect of conjoining big data by Chan et al. presents a survey of machine learning technology for affective design. Product designers can exploit data value for more efficient design. The author provides a classification of machine learning technologies for traditional survey data and points out that research about big data for effective design are limited. The author also discusses the advantages and limitations of using machine learning for effective data, as well as the impact of small and big data for effective design. The paper is oriented to researchers who use machine learning for affective design and provides guidelines for data technology research in affective design. The second paper Extraction of affective responses from customer reviews: An opinion mining and machine learning approach by Li et al. proposes an opinion mining approach based on Kansei Engineering (KE) and machine learning to extract and measure users’ affective responses to products from online customer reviews. Five types of machine learning algorithms are applied, including Support Vector Machine (SVM), Support Vector Regression (SVR), Classification and Regression Tree (CART), MultiLayer Perceptron (MLP) and Ridge Regression (RR). An experiment has been conducted to illustrate the proposed approach. The results show that SVM+SVR is the best performer. It achieved a recall, precision and F1 score of more than 80% for the classification of the soft-hard attribute with the smallest mean square error. Based on the proposed method, designers and manufacturers can effectively know customers’ responses to products through inputting the review texts to facilitate the process of product design. The third paper An integrated decision-making method for selecting machine tool guideways considering remanufacturability by Ding et al. presents an integrated multi-criteria decision-making (MCDM) approach for guideway selection during product development, the approach combines an improved analytic hierarchy process(AHP) and connection INTERNATIONAL JOURNAL OF COMPUTER INTEGRATED MANUFACTURING 2020, VOL. 33, NO. 7, 643–644 https://doi.org/10.1080/0951192X.2020.1800097",SemanticScholar,FOUND
Stratified acceptance-probability-based adaptive simulated annealing for efficient optimization: applications in econometrics and graph analytics,"Hana Rabbouch, Foued Saâdaoui",Journal of the Operational Research Society,,,p1 - p27,5187,10.1080/01605682.2026.2714306,10-Aug-2026,https://doi.org/10.1080/01605682.2026.2714306,24.0,0.0,,,NOT_FOUND
Representing instances: the case for reengineering conceptual modelling grammars,"Roman Lukyanenko, Jeffrey Parsons, Binny M Samuel",European Journal of Information Systems,28.0,1,p68 - p90,2019,10.1080/0960085x.2018.1488567,03-Jul-2018,https://doi.org/10.1080/0960085x.2018.1488567,846.0,23.0,"While many conceptual modelling grammars have been developed since the 1970s, they share the general assumption of representation by abstraction; that is, representing generalised knowledge about the similarities among phenomena in a domain (classes) rather than about domain objects (instances). This assumption largely ignores the fundamental role that instances play in the constitution of reality and in human psychology. In this paper, we argue there is a need for a grammar that explicitly recognises the primary role of instances. We examine the limitations of traditional class-based approaches to conceptual modelling, especially for modern information environments. We then explore theoretical and practical motivations for instance-based modelling, and show how such an approach can address the limitations of traditional modelling approaches. We conclude by calling for the engineering of instance-based grammars as an important direction for conceptual modelling research to address the limitations of traditional approaches, and articulate five challenges to overcome in such efforts.",SemanticScholar,FOUND
Forecasting number of corner kicks taken in association football using compound Poisson distribution,"Ronald Tsz Hin Hung, Stan Yip, Ka Fai Cedric Yiu, Yinghong Zou",Journal of the Operational Research Society,75.0,11,p2127 - p2137,2024,10.1080/01605682.2024.2306170,02-Feb-2024,https://doi.org/10.1080/01605682.2024.2306170,329.0,3.0,"This article presents a holistic compound Poisson regression model framework to forecast number of corner kicks taken in association football. Corner kick taken events are often decisive in the match outcome and inherently arrive in batch with serial clustering pattern. Providing parameter estimates with intuitive interpretation, a class of compound Poisson regression including a Bayesian implementation of geometric-Poisson distribution are introduced. With a varying shape parameter, the corner counts serial correlation between matches is handled naturally within the Bayesian model. In this study, information elicited from cross-market betting odds was used to improve the model predictability. Margin application methods to adjust market inefficiency in raw odds are also discussed.",SemanticScholar,FOUND
The dark sides of people analytics: reviewing the perils for organisations and employees,"Oliver Christ, Lisa Marie Giermindl, Ulrich Leicht-Deobald, Abdullah Redzepi, Franz Strich",European Journal of Information Systems,31.0,3,p410 - p435,2022,10.1080/0960085x.2021.1927213,02-Jun-2021,https://doi.org/10.1080/0960085x.2021.1927213,75636.0,253.0,"Technological advances in the field of artificial intelligence (AI) are heralding a new era of analytics and data-driven decision-making. Organisations increasingly rely on people analytics to optimise human resource management practices in areas such as recruitment, performance evaluation, personnel development, health and retention management. Recent progress in the field of AI and ever-increasing volumes of digital data have raised expectations and contributed to a very positive image of people analytics. However, transferring and applying the efficiency-driven logic of analytics to manage humans carries numerous risks, challenges, and ethical implications. Based on a theorising review our paper analyses perils that can emerge from the use of people analytics. By disclosing the underlying assumptions of people analytics and offering a perspective on current and future technological advancements, we identify six perils and discuss their implications for organisations and employees. Then, we illustrate how these perils may aggravate with increasing analytical power of people analytics, and we suggest directions for future research. Our theorising review contributes to information system research at the intersection of analytics, artificial intelligence, and human-algorithmic management.",SemanticScholar,FOUND
Towards new frontiers of healthcare systems research using artificial intelligence and generative AI,"Samir Chatterjee, Ann Fruhling, Daniel Gartner, Kathy Kotiadis",Health Systems,13.0,4,p263 - p273,2024,10.1080/20476965.2024.2402128,20-Nov-2024,https://doi.org/10.1080/20476965.2024.2402128,5205.0,33.0,,,NOT_FOUND
The conceptual HABITS prototype for integrating behavioural theories with system dynamics and agent-based models to capture complex health behaviours,"Eunice Twumwaa Adwubi, Min Hui Ang, Craig Donnachie, Catriona Ewart, Vahid Hajiebrahimi Farashah, Kristine Heimdal, Susan Howick, Shafkat Ibrahimy, Itamar Megiddo, le Khanh Ngan Nguyen, Lynn Williams",Journal of the Operational Research Society,77.0,9,p2583 - p2605,2026,10.1080/01605682.2026.2702071,17-Jul-2026,https://doi.org/10.1080/01605682.2026.2702071,515.0,0.0,"Healthcare simulation models often rely on oversimplified assumptions about health behaviour, potentially undermining their predictive power and policy relevance. This paper systematically reviews how behavioural theories have been incorporated into healthcare simulation models and proposes HABITS (Health Behaviour Integrated Theory-based Simulation), a conceptual prototype combining advances in simulation modelling and behavioural science. Our research reveals that current approaches suffer from ad-hoc theory selection, overemphasis on behaviour change initiation over maintenance, and neglect of crucial areas, including health systems management, non-communicable-disease self-management, and provider behaviours. Most studies target motivation and opportunity drivers of health behaviour while overlooking capacity enhancement and broader social determinants. HABITS is designed to address these limitations by integrating the COM-B (Capability, Opportunity, Motivation-Behaviour) model with hybrid simulation approaches, providing structured guidance for incorporating behavioural determinants across system, social, and individual levels while capturing between-level feedback. This integration enables operationalisation of the Behaviour Change Wheel, allowing systematic development and evaluation of interventions and policies. This prototype aims to enhance design transparency, facilitate cross-study comparisons, and improve communication across disciplines and with stakeholders. Future research should explore theory-data integration and synergies between behavioural theories and emerging technologies such as Large Language Models to develop more robust, predictive models. PRACTITIONER SUMMARY When organisations use computer models to plan healthcare services or design public health interventions, they often make overly simple assumptions about how people behave. For example, models may assume that once someone adopts a healthy behaviour, such as taking medication regularly or increasing physical activity, they will simply continue doing so. In reality, human behaviour is far more complex, and these simplifications can lead to policies that look promising on paper but underperform in practice. This paper reviews how researchers have tried to incorporate knowledge from behavioural science into healthcare simulation models, and identifies significant gaps in current practice. In particular, existing models tend to focus narrowly on what motivates people to change behaviour in the first place, while ignoring the skills, resources, and social environments needed to sustain that change over time. To address this, we propose HABITS (Health Behaviour Integrated Theory-based Simulation), a practical framework that helps modellers build more realistic and comprehensive representations of health behaviour. HABITS draws on established behavioural science to guide decisions about which factors to include in a model, from individual psychology to social influences and healthcare system structures, and how these factors interact with one another. For practitioners and policy makers, the main value of HABITS is that it offers a clearer and more transparent way to design simulation models that better reflect real-world behaviour. This can improve communication between disciplines, support more credible policy analysis, and help identify interventions that are more likely to work in practice.",SemanticScholar,FOUND
Clustering abstracts from the literature on Quality Management (1980-2020),"Arturo Calvo-Mora, Rafael Periáñez-Cristobal, Manuel J Sánchez-Franco",Total Quality Management & Business Excellence,34.0,7-8,p959 - p989,2023,10.1080/14783363.2022.2139674,31-Oct-2022,https://doi.org/10.1080/14783363.2022.2139674,1014.0,23.0,"The research analyses the intellectual structure of research publications on Quality Movement (1980–2020), indexed in the Scopus database. It examines how themes have evolved, and it seeks to plan an editorial agenda. The research assumes a content-related method to reveal conceptual relationships in abstracts and conclude thematic trends, gaps, and weaknesses in the Quality Management domain and its implementation frameworks. In particular, the analysis is based on the BERTopic approach, i.e. it employs machine learning algorithms based on text summarisation and c-TF-IDF to create dense clusters using UMAP and hDBSCAN clustering. Although keywords are helpful in knowledge extraction, identifying hidden topics and their associations is a more robust approach to understanding the proper context of the analysed articles. As a result, the study identifies 48 topics and 13 metatopics for Quality Movement. In addition, the paper shows the temporal evolution of the topics, and identifies the topics and metatopics of growing interest in the emerging literature in QM.",SemanticScholar,FOUND
A systematic review and network meta-analysis of the risks of artificial intelligence in construction projects,Ibrahim Yahaya Wuni,International Journal of Construction Management,26.0,4,p639 - p659,2026,10.1080/15623599.2025.2531238,15-Jul-2025,https://doi.org/10.1080/15623599.2025.2531238,635.0,1.0,"Artificial intelligence (AI) technologies are deployed in construction projects to analyze a large corpus of data, identify patterns in the data, infer from the data, and provide relevant insights to inform decisions in construction projects. However, the scientific literature recognized multiple risks of AI in construction projects. Therefore, this study investigated the critical risk factors for implementing AI in construction projects. The findings revealed forty-nine (49) critical risk factors for AI in construction projects, which have data, technical, knowledge, management, financial, and legal dimensions. It is discovered that the risk factors are disproportionately discussed in theoretical studies and underrepresented in decision-making models/frameworks. It is also established that the existing studies failed to leverage the sociotechnical perspective to jointly optimize risk management for AI deployment in construction projects. Thus, the study provides better insights and establishes a fertile ground for future investigation into the critical risk factors for AI in construction projects.",SemanticScholar,FOUND
Impact of knowledge domain coupling and AI skills on green innovation performance of China's equipment manufacturing enterprises,"Minling Chen, Xue Rao, Jing Xue",Asia Pacific Business Review,,,p1 - p26,5187,10.1080/13602381.2025.2561159,06-Oct-2025,https://doi.org/10.1080/13602381.2025.2561159,346.0,1.0,,,NOT_FOUND
"Artificial intelligence boundary resources: a relational view on leveraging ""AI-as-a-Service""","Sebastian Firk, André Hanelt, Jana Oehmichen, Patryk Zapadka",European Journal of Information Systems,34.0,6,p937 - p960,2025,10.1080/0960085x.2025.2473952,10-Mar-2025,https://doi.org/10.1080/0960085x.2025.2473952,9005.0,7.0,"In response to the increasing relevance of artificial intelligence (AI) for competitive advantage, firms can utilize the capabilities of AI-savvy partners via boundary resources. Due to AI facets, such as autonomy, inscrutability, and learning, this strategy holds substantial promises for productivity and innovation, yet is not free of risks, given the strategic importance of AI and potential dependencies in this key area. As the antecedents and consequences of this strategy are unclear, we build a theoretical framework about these aspects based on the relational view of competitive advantage. We test our hypotheses on a longitudinal dataset and find that internal AI knowledge and the presence of a chief information officer in the top management team are associated with selecting AI boundary resources for process improvements. High external market pressure exerted by digital ventures and the AI sophistication of industry peers are positively associated with selecting AI boundary resources for product improvements. We further find that the use of AI boundary resources for process improvements is positively associated with operational efficiency and the use of AI boundary resources for product improvements with increasing sales. We derive implications for IS research on managing AI and boundary resources, as well as managerial practice.",SemanticScholar,FOUND
Knowledge-driven digital twin manufacturing cell towards intelligent manufacturing,"Kai Ding, Zhi Li, Chuang Wang, Chao Zhang, Guanghui Zhou",International Journal of Production Research,58.0,4,p1034 - p1051,2020,10.1080/00207543.2019.1607978,25-Apr-2019,https://doi.org/10.1080/00207543.2019.1607978,13727.0,376.0,"Rapid advances in new generation information technologies, such as big data analytics, internet of things (IoT), edge computing and artificial intelligence, have nowadays driven traditional manufacturing all the way to intelligent manufacturing. Intelligent manufacturing is characterised by autonomy and self-optimisation, which proposes new demands such as learning and cognitive capacities for manufacturing cell, known as the minimum implementation unit for intelligent manufacturing. Consequently, this paper proposes a general framework for knowledge-driven digital twin manufacturing cell (KDTMC) towards intelligent manufacturing, which could support autonomous manufacturing by an intelligent perceiving, simulating, understanding, predicting, optimising and controlling strategy. Three key enabling technologies including digital twin model, dynamic knowledge bases and knowledge-based intelligent skills for supporting the above strategy are analysed, which equip KDTMC with the capacities of self-thinking, self-decision-making, self-execution and self-improving. The implementing methods of KDTMC are also introduced by a thus constructed test bed. Three application examples about intelligent process planning, intelligent production scheduling and production process analysis and dynamic regulation demonstrate the feasibility of KDTMC, which provides a practical insight into the intelligent manufacturing paradigm.",SemanticScholar,FOUND
Preventing the digital scars of COVID-19,"Jingyao Lydia Li, Marco Marabelli, Emmanuelle Vaast",European Journal of Information Systems,30.0,2,p176 - p192,2021,10.1080/0960085x.2020.1863752,19-Jan-2021,https://doi.org/10.1080/0960085x.2020.1863752,6339.0,48.0,"In this commentary, we consider the ambivalent role of ubiquitous computing during the COVID pandemic and we point to the risk that some negative, IT-related practices associated with the pandemic will endure after it. We call these lasting effects the digital scars of COVID-19. The same IT that has positive impacts for some people might have negative impacts for others – often vulnerable populations, minorities and socio-economically disadvantaged groups. Some issues stem from the longstanding digital divide that characterises modern societies. Yet, the pandemic is exacerbating these inequalities. We are worried that some debatable uses of technology will persist after the pandemic is over. We therefore point to the prominent role of the IS community in enabling positive aspects of IT use during and after the pandemic, while mitigating negative aspects, especially in the long run. Our sociotechnical background enables us to see these dynamics in a processual and holistic way. To shed light on these issues, we analyse three key technologies widely used to deal with COVID (social software, AI/ML and robotics) and identify critical topics and associated research questions where IS scholarship should focus its attention to generate novel theorising and impactful practical insights.",SemanticScholar,FOUND
Evaluating the effectiveness of crowd wisdom and large language models for fantasy cricket team selection,Mohit Bhatnagar,Journal of the Operational Research Society,,,p1 - p22,5187,10.1080/01605682.2026.2636596,08-Mar-2026,https://doi.org/10.1080/01605682.2026.2636596,108.0,0.0,,,NOT_FOUND
Centralized or competitive pricing? Strategies for C2C sharing platforms under demand and quality information asymmetry,"Thomas W Archibald, Xiaoying Cheng, Yanhong Sun, Xin Yan",Journal of the Operational Research Society,77.0,4,p1029 - p1048,2026,10.1080/01605682.2025.2515153,11-Jun-2025,https://doi.org/10.1080/01605682.2025.2515153,389.0,1.0,"Consumer-to-consumer (C2C) sharing platforms provide online facilities enabling small independent suppliers to reach a much larger market than otherwise possible. Generally, the platform has more information about the demand than suppliers, while suppliers possess more private information about product quality. This study develops a theoretical model to investigate pricing strategies for C2C sharing platforms incorporating the effects of demand and quality information asymmetry. Three important questions are examined: (1) Who should set the prices for the products (the platform or the suppliers), namely centralized or competitive pricing? (2) If pricing authority is given to suppliers, should the platform share the demand information with suppliers? (3) How does pricing strategy interact with the platform’s service investment decision? Results reveal that optimal pricing strategies depend heavily on the suppliers’ product quality gap. The platform benefits from centralized pricing if the quality gap is relatively low, and decentralizing the pricing authority to suppliers otherwise. Under decentralized pricing, the platform chooses not to share demand information and decrease the service level if service investment cost is relatively high and the demand variability is relatively small. Furthermore, the results show that a high-quality supplier benefits more from centralized pricing than a low-quality supplier, which is counter-intuitive.",SemanticScholar,FOUND
Operational research in seven decades,Robert G Dyson,Journal of the Operational Research Society,75.0,12,p2298 - p2311,2024,10.1080/01605682.2024.2406238,07-Oct-2024,https://doi.org/10.1080/01605682.2024.2406238,2327.0,2.0,"This paper is an account and reflection on the author’s engagement with operational research (OR) starting in the 1960s with work in the glass industry coinciding with a PhD at Lancaster and a first encounter with the professional membership debate. The 1970s included a brief encounter with stochastic programming, soft OR which recurred throughout the decades, and the start of research into strategy support. The latter continued in the 80s and beyond and work on data envelopment analysis (DEA) began. In the 1990s, a strong DEA team was built at Warwick, and the author led the development of the OR Society’s fellowship scheme. In the 2000s a group met regularly at Warwick focussing on strategic development and leading to a book on strategy support and editing of the European Journal of Operational Research (EJOR) began. In the 2010s editing continued and work began on the contribution of the founders of OR to soft OR and practice. Editing wound down in the 2020s and the founders paper was published in the journal Operations Research.",SemanticScholar,FOUND
"Algorithmic bias: review, synthesis, and future research directions","Maryam Ghasemaghaei, Nima Kordzadeh",European Journal of Information Systems,31.0,3,p388 - p409,2022,10.1080/0960085x.2021.1927212,06-Jun-2021,https://doi.org/10.1080/0960085x.2021.1927212,37870.0,641.0,"As firms are moving towards data-driven decision making, they are facing an emerging problem, namely, algorithmic bias. Accordingly, algorithmic systems can yield socially-biased outcomes, thereby compounding inequalities in the workplace and in society. This paper reviews, summarises, and synthesises the current literature related to algorithmic bias and makes recommendations for future information systems research. Our literature analysis shows that most studies have conceptually discussed the ethical, legal, and design implications of algorithmic bias, whereas only a limited number have empirically examined them. Moreover, the mechanisms through which technology-driven biases translate into decisions and behaviours have been largely overlooked. Based on the reviewed papers and drawing on theories such as the stimulus-organism-response theory and organisational justice theory, we identify and explicate eight important theoretical concepts and develop a research model depicting the relations between those concepts. The model proposes that algorithmic bias can affect fairness perceptions and technology-related behaviours such as machine-generated recommendation acceptance, algorithm appreciation, and system adoption. The model also proposes that contextual dimensions (i.e., individual, task, technology, organisational, and environmental) can influence the perceptual and behavioural manifestations of algorithmic bias. These propositions highlight the significant gap in the literature and provide a roadmap for future studies.",SemanticScholar,FOUND
"Drowning in data, starving for access: unlocking the bottleneck in molecular medicine and cancer research","Jerry SH Lee, Kate Manley",Health Systems,15.0,1,p1 - p5,2026,10.1080/20476965.2025.2591052,26-Nov-2025,https://doi.org/10.1080/20476965.2025.2591052,602.0,1.0,,,NOT_FOUND
Navigating patent trends through the lens of system components completeness in trend of engineering system evolution,"Mei Choo Ang, Halimah Badioze Zaman, Mostafa Ghane, Saraswathy Shamini Gunasekaran, Kok Weng Ng, Shahryar Sorooshian",Journal of Engineering Design,37.0,4,p1465 - p1492,2026,10.1080/09544828.2025.2544108,14-Aug-2025,https://doi.org/10.1080/09544828.2025.2544108,1074.0,2.0,"This study addresses the challenge of automating the Trend of Engineering System Evolution (TESE) process within patent classification an area underexplored in the context of design research. Specifically, we focus on the Trend of Increasing Completeness of System Components, characterised by four key elements: Operating system, Transmission, Energy source, and Control system (OTEC). We propose a novel classification framework that leverages Natural Language Processing (NLP) techniques TF-IDF and Naive Bayes, within the CRISP-DM methodology to categorise patents based on OTEC components. Sewing machine patents serve as a case study, achieving a promising 83% classification accuracy through cross-validation. This AI-driven approach provides a scalable model for automating the recognition of evolutionary design trends embedded in patent literature. Our findings establish a foundation for future research at the intersection of engineering design evolution, computational classification, and design knowledge management, contributing to more adaptive and intelligent design support systems.",SemanticScholar,FOUND
Enhanced fuel consumption prediction using dimensionality reduction and ensemble learning,"Rajasekhar Balasubramanian, Shuyan Chen, Aamir Hussain, Yongfeng Ma, Qianqian Pang, Sajan Shaikh",Journal of the Operational Research Society,,,p1 - p17,5187,10.1080/01605682.2025.2569659,07-Oct-2025,https://doi.org/10.1080/01605682.2025.2569659,178.0,2.0,,,NOT_FOUND
Digital technologies to capture supply chain resilience: a multi-criteria approach in the Brazilian scenario,"Rosley Anholon, Albert Carrara, Kleber Francisco Esposto, Márcio Alexandre Portelinha, Lucas Gabriel Zanon",Production & Manufacturing Research,13.0,1,,2025,10.1080/21693277.2025.2576218,08-Nov-2025,https://doi.org/10.1080/21693277.2025.2576218,1049.0,3.0,"Budget constraints compel managers to prioritize digital investments that demonstrably improve supply chain resilience and mitigate vulnerabilities. This study classifies technologies based on the perceived influence over resilience capabilities reported by Supply Chain Decision Makers (SCDM) in context of an emerging economy, Brazil. Applying a quantitative design, a structured questionnaire was employed using linguistic terms. A combined method, utilizing CRITIC for weighting capabilities and Fuzzy TOPSIS Class for prioritizing technologies, developed a practical framework for digitalization investments. Results indicate that Recovery Efficiency, Redundancy, and Knowledge Management are the most important capabilities. Business Intelligence (BI) and Enterprise Resource Planning (ERP) are the most relevant digital technologies for mitigating risks and enabling faster recovery. The study academically contributes to scholars by presenting a practical framework with a methodology that can be applied to different research topics, thus providing a guide that helps SCDM prioritize investments in digital technologies, thereby enhancing Resilience.",SemanticScholar,FOUND
A novel generalised extreme value gradient boosting decision tree for the class imbalanced problem in credit scoring,"Raffaella Calabrese, Yizhe Dong, Junfeng Zhang",Journal of the Operational Research Society,76.0,8,p1513 - p1530,2025,10.1080/01605682.2024.2418882,01-Nov-2024,https://doi.org/10.1080/01605682.2024.2418882,2440.0,9.0,"The performance of credit scoring models can be compromised when dealing with imbalanced datasets, where the number of defaulted borrowers is significantly lower than that of non-defaulters. To address this challenge, we propose a gradient boosting decision tree with the generalised extreme value distribution model (GEV-GBDT). Our approach replaces the conventional symmetric logistic sigmoid function with the asymmetric cumulative distribution function of the GEV distribution as the activation function. We derive a novel loss function based on the maximum likelihood estimation of the GEV distribution within the boosting framework. This modification allows the model to focus more on the minority class by emphasising the tail of the response curve, and the shape parameter of the GEV distribution offers flexibility in controlling the model’s emphasis on minority samples. We examine the performance of this approach using four real-life loan datasets. The empirical results show that the GEV-GBDT model achieves superior classification performance compared to other commonly used imbalanced learning methods, including the synthetic minority oversampling technique and the cost-sensitive framework. Furthermore, we conduct performance tests on several datasets with varying imbalance ratios and find that GEV-GBDT performs better on extremely imbalanced datasets.",SemanticScholar,FOUND
From multi-attribute ranking to justified choice: a rule-based screening framework (MASINISA) for industrial robot selection,"Manel Belkhamssa, Jalel Euchi, Sana Hafdhi",Journal of the Operational Research Society,,,p1 - p21,5187,10.1080/01605682.2026.2629029,18-Feb-2026,https://doi.org/10.1080/01605682.2026.2629029,76.0,1.0,,,NOT_FOUND
Cloud Manufacturing as a new type of Product-Service System,"Alberto Charro, Dirk Schaefer",International Journal of Computer Integrated Manufacturing,31.0,10,p1018 - p1033,2018,10.1080/0951192x.2018.1493228,20-Jul-2018,https://doi.org/10.1080/0951192x.2018.1493228,1354.0,58.0,"Industry 4.0 (I4.0) technology developments in Cloud Manufacturing (CMfg) are challenging traditional business models, and adapting these is key to a sustainable competitive advantage. In parallel, pay-per-use strategies are being discussed as an enabler to future sustainable societies. The general benefits of CMfg services are clear, but to date the actual business implications from a service provider perspective have not been discussed. This article explores new business model opportunities based on the idea of providing CMfg as a completely new type of Product-Service Systems. Technology developments and business recommendations are defined, considering the proposed business model targets the manufacturing industry as a whole. Manufacturers make use of their spare capacity by purchasing time on networked equipment on a pay-per-use basis. This allows costs to be brought down, whilst creating new revenue streams. It also increases machine hosts’ competitiveness by reducing investment costs and enabling instant manufacturing scalability. CMfg is then classified into three levels of machine autonomy, arguing that as technology develops intermediaries may slowly integrate vertically and eventually replace manufacturers by completely autonomous equipment. The proposed business model presents both a first step and a baseline point of reference towards bridging the gap between advanced manufacturing technology and new business development in the context of I4.0 (Smart Manufacturing).",SemanticScholar,FOUND
Sociotechnical micro-foundations for digital transformation,"Bendik Bygstad, Jon Iden",European Journal of Information Systems,34.0,2,p367 - p382,2025,10.1080/0960085x.2024.2347950,05-May-2024,https://doi.org/10.1080/0960085x.2024.2347950,8478.0,23.0,"This paper introduces sociotechnical micro-foundations for digital transformation. The concept highlights how the macro-level capabilities that enable organisations to conduct digital transformation originate from competent individuals, digital resources, and their interactions. In developing the sociotechnical micro-foundation concept, we explored the sociotechnical interactions that facilitated the digital transformation of a Nordic hotel chain and how macro- and micro-level interactions are linked throughout the transformation process. Adopting a sociotechnical perspective helped us shed light on how the synergistic effect of individuals and digital resources interacting in digital transformation enables higher-level outcomes. By developing and theorising sociotechnical micro-foundations, we offer three contributions. First, we propose a concept at the micro level, the basic building block of digital transformation, that ensures the joint consideration of social and technical elements, as well as how to combine them. By showing the interaction between the macro and micro levels, we extend the current knowledge of how organisations develop macro-level capabilities for digital transformation. Second, we contribute to the micro-foundation literature, a body of knowledge that lacks a technical dimension, by demonstrating how interactions between individuals and digital resources are key to understanding what happens at the micro level. Third, we offer practical implications for managers.",SemanticScholar,FOUND
Different mechanisms for the same capability: understanding the platform ecosystem deployment capability,"Yevgen Bogodistov, Christian Marheine, Dimitri Petrik",European Journal of Information Systems,,,p1 - p24,5187,10.1080/0960085x.2026.2679463,25-May-2026,https://doi.org/10.1080/0960085x.2026.2679463,1070.0,0.0,,,NOT_FOUND
Design principles for artificial intelligence-augmented decision making: An action design research study,"Savindu Herath Pathirannehelage, Yash Raj Shrestha, Georg von Krogh",European Journal of Information Systems,34.0,2,p207 - p229,2025,10.1080/0960085x.2024.2330402,20-Mar-2024,https://doi.org/10.1080/0960085x.2024.2330402,25048.0,66.0,"Artificial intelligence (AI) applications have proliferated, garnering significant interest among information systems (IS) scholars. AI-powered analytics, promising effective and low-cost decision augmentation, has become a ubiquitous aspect of contemporary organisations. Unlike traditional decision support systems (DSS) designed to support decisionmakers with fixed decision rules and models that often generate stable outcomes and rely on human agentic primacy, AI systems learn, adapt, and act autonomously, demanding recognition of IS agency within AI-augmented decision making (AIADM) systems. Given this fundamental shift in DSS; its influence on autonomy, responsibility, and accountability in decision making within organisations; the increasing regulatory and ethical concerns about AI use; and the corresponding risks of stochastic outputs, the extrapolation of prescriptive design knowledge from conventional DSS to AIADM is problematic. Hence, novel design principles incorporating contextual idiosyncrasies and practice-based domain knowledge are needed to overcome unprecedented challenges when adopting AIADM. To this end, we conduct an action design research (ADR) study within an e-commerce company specialising in producing and selling clothing. We develop an AIADM system to support marketing, consumer engagement, and product design decisions. Our work contributes to theory and practice with a set of actionable design principles to guide AIADM system design and deployment.",SemanticScholar,FOUND
Key considerations when using health insurance claims data in advanced data analyses: an experience report,"Margrét Bjarndóttir, Renata Konrad, Ruben Proaño, Wenchang Zhang",Health Systems,9.0,4,p317 - p325,2020,10.1080/20476965.2019.1581433,01-Mar-2019,https://doi.org/10.1080/20476965.2019.1581433,728.0,74.0,"Health claims have become a popular source of data for healthcare analytics, with numerous applications ranging from disease burden estimation and policy evaluation to drug event detection and advanced predictive analytics. Independent of the application, a researcher utilising claims information will likely encounter challenges in using the data, which include dealing with several coding systems and coding irregularities. We highlight some of these challenges and approaches for successful analysis that may reduce implementation time and help in avoiding common pitfalls. We describe the experiences of a group of academic researchers in using an extensive seven-year repository of US medical and pharmaceutical claims data in a research study, and provide an overview of the challenges encountered with handling claims records for data analysis while sharing suggestions on how to address these challenges. To illustrate our experiences, we use the example of defining episodes of care for a bundled payment reimbursement system in the US context.",SemanticScholar,FOUND
Performance management systems: reviewing the rise of dynamics and digitalization,"Jannis Angelis, Jonatan Sahlin",Cogent Business & Management,6.0,1,,2019,10.1080/23311975.2019.1642293,29-Jul-2019,https://doi.org/10.1080/23311975.2019.1642293,17868.0,36.0,"Purpose Given the rise of big data and use of analytics, this study explores how the performance measurement systems research field has incorporated dynamic aspects and digitalization prevalent in rapidly changing and competitive environments. Design/methodology/approach: In the study we conduct a software supported and iterative systematic literature review of the performance management field together with a keyword network analysis. The meta-analysis provided a quantitative method that identified gaps and directions. Findings: The findings suggest there is a link between performance measurement systems and dynamics, but the link is weak, and the main research does not incorporate dynamic elements. There is an observable research community interest in managing information for informed decisions through digitalization. However, two broad research perspectives on performance management systems in highly dynamic and competitive environments were identified, one group exploring dynamic conditions, and the other digital technologies and optimization. Researchers positioning themselves in the dynamic subgroup are likely take an organizational or human capital perspective when exploring applications of performance management systems, while the other group mainly pursues research within artificial intelligence, automatization, and optimization. There is limited research with coverage of both groups, highlighting a notable gap in the existing research. Practical implications: The study presents several identified gaps within performance management systems and dynamic environments to be addressed with further empirical research. In addition, k-core analysis presented a conceptual context to position future research. Continued research will help managers develop performance measurement systems, based on real-time data, that move synchronously with the rapidly changing environment rather than maintaining inert systems that might adversely affect performance. Originality/value: This paper contributes to the understanding of performance measurement and management research in dynamic and digital environments.",SemanticScholar,FOUND
Digital transformation in family-owned Mittelstand firms: A dynamic capabilities perspective,"Nadine Kammerlander, Jonas Soluk",European Journal of Information Systems,30.0,6,p676 - p711,2021,10.1080/0960085x.2020.1857666,19-Jan-2021,https://doi.org/10.1080/0960085x.2020.1857666,14182.0,329.0,"Digital technologies are increasingly affecting industries worldwide in many ways. Although the adoption of digital technologies by firms has been studied extensively from a technical point of view, previous research lacks insight into the managerial aspects of digital transformation, which, given the transformation’s interdisciplinarity, might have substantial implications for information systems research. In particular, it is unclear how small and medium-sized family-controlled firms (known as family-owned Mittelstand firms) with resource constraints handle digital transformation. This paper addresses this gap by drawing on rich data from 127 semi-structured interviews in a multiple case study of 15 family-owned Mittelstand firms from Germany, Austria, and Switzerland. All of these firms are active in the manufacturing industry but vary in terms of their digital transformation progress. Based on within-case and cross-case pattern analysis, we propose that the digital transformation of Mittelstand firms is a process consisting of three stages, namely, process digitalisation, product and service digitalisation, and business model digitalisation, and we reveal triggers for each stage and the dynamic capabilities needed throughout this process. Moreover, we identify three combinations of enablers and barriers that support or hinder the development of dynamic capabilities and thus accelerate or impede the advancement of the digital transformation process.",SemanticScholar,FOUND
Strategic alignment of enterprise architecture management - how portfolios of control mechanisms track a decade of enterprise transformation at Commerzbank,"Stephan Aier, Jannis Beese, Kazem Haki, Martin Kraus, Raphael Schilling, Robert Winter",European Journal of Information Systems,32.0,1,p92 - p105,2023,10.1080/0960085x.2022.2085200,08-Jul-2022,https://doi.org/10.1080/0960085x.2022.2085200,7810.0,14.0,"Enterprise architecture management (EAM) is commonly employed by large organisations to coordinate local information system development efforts in line with organisation-wide strategic objectives while simultaneously avoiding redundancies and inconsistencies. Even though EAM tools and processes have become increasingly mature over the past decade, many organisations still struggle to generate impact from their EAM initiatives. To this end, we describe how enterprise architects at Commerzbank, a major international bank, employed a control mechanism portfolio perspective to more effectively anchor EAM within the organisation. This approach allows to purposefully combine a wide range of different formal and informal EAM control mechanisms, thereby going beyond the formal, top-down driven mechanisms predominantly discussed in EAM literature. Furthermore, such EAM control mechanism portfolios provide an effective means to purposefully realign EAM in reaction to major strategic shifts. The application of this perspective is demonstrated by tracing the evolution of EAM at Commerzbank for more than a decade (2008 to 2018) through a turbulent and challenging competitive environment, resulting in several major strategic realignments that required corresponding adjustments in EAM. We believe that such consciously designed and diversified EAM control mechanism portfolios also provide a useful means for other large organisations to more effectively conduct EAM.",SemanticScholar,FOUND
Tracing topic evolution in higher education: a text mining study on Italian universities,"Marco Abate, Filippo Chiarello, Francesca M Dovetto, Gualtiero Fantoni, Vito Giordano, Irene Spada",Studies in Higher Education,49.0,11,p1965 - p1983,2024,10.1080/03075079.2023.2284813,27-Nov-2023,https://doi.org/10.1080/03075079.2023.2284813,458.0,5.0,"In the last decade, the fast technological and social transformations have been placing new demands on Higher Education (HE) systems to update their educational offers. Grounded in the broader discourse on the impact of such transformation on HE, this article relies on Text Mining (TM). We consider as a case study the Italian HE system, providing an overview of the university education in the last 10 Academic Years. We automatically analyse 54,535 learning outcomes of degree programmes to identify the relevant topics with Named Entity Recognition, a technique of TM. For each topic, we measured its trend in time and coverage on a geographical basis and in the disciplinary fields. We detected 6062 different topics, among these the most growing are artificial intelligence, sustainability, rare diseases, and ethics. The findings reveal that topics related to hard sciences register higher occurrence than the ones concerning humanities and social sciences. Furthermore, we observed that universities are overcoming the boundaries of disciplinary fields, promoting knowledge contamination and vertical specialisation. The proposed approach can advance studies in HE literature for effective and efficient analysis. The findings can inform policies and practices in HE on evolving learning outcomes and educational offerings, even across different countries and disciplines.",SemanticScholar,FOUND
Ranking products through online reviews: A novel data-driven method based on interval type-2 fuzzy sets and sentiment analysis,"Witold Pedrycz, Jindong Qin, Xiao Wei, Mingzhi Zeng",Journal of the Operational Research Society,75.0,5,p860 - p873,2024,10.1080/01605682.2023.2215823,25-May-2023,https://doi.org/10.1080/01605682.2023.2215823,1139.0,37.0,"As an essential information resource, online reviews play an important role in consumers’ decision-making processes. To solve the product ranking problem through online reviews, two important issues are involved: sentiment analysis (SA) for online reviews and product ranking based on multi-criteria decision-making (MCDM) methods. However, merely a few studies have considered the impact of SA accuracy, which can significantly affect the final decision-making process. This paper proposes a novel data-driven method for ranking products through online reviews based on interval type-2 fuzzy sets (IT2FSs) and SA. In this method, after acquiring online reviews, the explicit and implicit attributes are extracted from the website itself and the latent Dirichlet allocation (LDA) model, respectively. Thereafter, a deep learning model is adopted to identify the five sentiment intensities of online reviews, based on which the SA results are represented as IT2FSs by considering the classification effect. After type-reduction for IT2FSs, the ranking order is obtained based on the exponential TODIM (ExpTODIM) method. Furthermore, a case study on ranking travel products from Trip.com Group through online reviews is provided to illustrate the effectiveness and applicability of the proposed method.",SemanticScholar,FOUND
Generalized mixed prediction chain model and its application in forecasting chronic complications,"Fengqin Dong, Zhongsheng Hua, Yuxuan You",Journal of the Operational Research Society,74.0,7,p1815 - p1835,2023,10.1080/01605682.2022.2118630,07-Sep-2022,https://doi.org/10.1080/01605682.2022.2118630,302.0,2.0,"The risk of severe complications poses a major threat to patients suffering from chronic diseases, and risk prediction models can assist with identifying patients’ risks of developing complications. Different from those static prediction models (logistic regression, decision trees, etc.) which use the patients’ cross-section data to predict whether they will suffer a complication, this research aims to provide a dynamic prediction method that comprehensively utilizes the patients’ longitudinal Electronic Health Records (EHR) to predict their complication progressions. The proposed generalized mixed prediction chain model (GMPC) takes the patient’s complication status as the response variable and takes the patient’s EHR data as the covariate. A mixed effect model is then employed to demonstrate the relationship between the response variable and the covariate. Additionally, to reduce the time delay between the historical EHR and the future complication status, GMPC constructs a prediction chain that uses the predicted value of the response variable at the previous time to support the prediction of the response variable at the next time. Internal cross-validation and external test verify the effectiveness of GMPC, and the results show that GMPC outperforms existing static prediction models and dynamic prediction models.",SemanticScholar,FOUND
Improving productivity in Hollywood with data science: Using emotional arcs of movies to drive product and service innovation in entertainment industries,"Alexander Kharlamov, Glenn Parry, Ganna Pogrebna, Marco del Vecchio",Journal of the Operational Research Society,72.0,5,p1110 - p1137,2021,10.1080/01605682.2019.1705194,02-Mar-2020,https://doi.org/10.1080/01605682.2019.1705194,46653.0,40.0,"Improving productivity in the entertainment industry is a very challenging task as it heavily depends on generating attractive content for the consumers. The consumer-centric design (putting the consumers at the centre of the content development and production) focuses on ways in which businesses can design customized services and products which accurately reflect consumer preferences. We propose a new framework which allows to use data science to optimize content-generation in entertainment and test this framework for the motion picture industry. We use the natural language processing methodology combined with econometric analysis to explore whether and to what extent emotions shape consumer preferences for media and entertainment content, which, in turn, affect revenue streams. By analyzing 6,174 movie scripts, we generate the emotional trajectory of each motion picture. We then combine the obtained mappings into clusters which represent groupings of consumer emotional journeys. These clusters are then plugged into an econometric model to predict overall success parameters of the movies including box office revenues, viewer satisfaction levels (captured by IMDb ratings), awards, as well as the number of viewers’ and critics’ reviews. We find that emotional arcs in movies can be partitioned into 6 basic shapes. The highest box offices are associated with the Man in a Hole shape which is characterized by an emotional fall followed by an emotional rise. This U-shaped emotional arc results in financially successful movies irrespective of genre and production budget. Implications of this analysis for generating on-demand content and improving productivity in entertainment industries are discussed.",SemanticScholar,FOUND
Reinforcement learning based optimal decision making towards product lifecycle sustainability,"Zhengang Guo, Yang Liu, Miying Yang",International Journal of Computer Integrated Manufacturing,35.0,10-11,p1269 - p1296,2022,10.1080/0951192x.2022.2025623,31-Jan-2022,https://doi.org/10.1080/0951192x.2022.2025623,5070.0,24.0,"Artificial intelligence (AI) has been widely used in robotics, automation, finance, healthcare, etc. However, using AI for decision-making in sustainable product lifecycle operations is still challenging. One major challenge relates to the scarcity and uncertainties of data across the product lifecycle. This paper aims to develop a method that can adopt the most suitable AI techniques to support decision-making for sustainable operations based on the available lifecycle data. It identifies the key lifecycle stages in which AI, especially reinforcement learning (RL), can support decision-making. Then, a generalised procedure of using RL for decision support is proposed based on available lifecycle data, such as operation and maintenance data. The method has been validated in a case study of an international vehicle manufacturer, combined with modelling and simulation. The case study demonstrates the effectiveness of the method and identifies that RL is the current most appropriate method for maintenance scheduling based on limited available lifecycle data. This paper contributes to knowledge by demonstrating an empirically grounded industrial case using RL to optimise decision-making for improved product lifecycle sustainability by effectively prolonging the product lifetime and reducing environmental impact.",SemanticScholar,FOUND
Relationship between quality management and organizational performance in the healthcare industry,"Xianghui Peng, Victor Prybutok, Xinyu Wei, Heng Xie",International Journal of Production Research,62.0,23,p8518 - p8536,2024,10.1080/00207543.2024.2344657,23-Apr-2024,https://doi.org/10.1080/00207543.2024.2344657,573.0,6.0,"This study investigates how Quality Management (QM) programmes, particularly the Baldrige excellence framework, provide an approach to enhance healthcare organisational performance. Two independent methods were used to examine the short-term and long-term effects of winning the Baldrige award and the specific influence of common QM practices on results. The first method assesses the Baldrige Award’s impact on hospital performance by examining patient survey data and shows that initial quality improvements are not sustained in the long term. The second method uses confirmatory semantic analysis (CSA), a text-mining method, to analyse 22 Baldrige award-winning applications to determine the relationship between QM practices and organisational results in healthcare settings. The results show that only three QM practices – measurement, analysis, and knowledge management (MAKM), leadership, and operations focus – significantly contribute to organisational performance. Furthermore, CSA findings highlight the dominant role of leadership in driving performance outcomes, with other factors in the framework showing nonsignificant mediation effects. By exploring both the overarching effectiveness of QM programmes across different time lengths and specific practices that contribute to performance, this research provides academic insights with practical application in the healthcare industry. Importantly, the findings highlight the nuanced relationship between QM initiatives and organisational excellence.",SemanticScholar,FOUND
"Cyber physical production system for smart manufacturing analytics and management: a systematic literature review, framework and roadmap","Christoph Herrmann, Rishi Kumar, Kuldip Singh Sangwan, Sebastian Thiede",International Journal of Computer Integrated Manufacturing,,,p1 - p31,5187,10.1080/0951192x.2025.2563261,26-Sep-2025,https://doi.org/10.1080/0951192x.2025.2563261,404.0,6.0,,,NOT_FOUND
Learning the thresholds in the ORESTE method from historical preference information,"Lisheng Jiang, Huchang Liao, Keyu Lu",Journal of the Operational Research Society,74.0,11,p2403 - p2417,2023,10.1080/01605682.2022.2150574,26-Nov-2022,https://doi.org/10.1080/01605682.2022.2150574,338.0,3.0,"The ORESTE (organísation, rangement et Synthèse de données relarionnelles, in French, meaning organization, storage and synthesis of relevant data in English) method is an effective multi-criteria decision-making method which takes into account the importance of both criteria and alternatives. Nevertheless, how to objectively determine the thresholds used in the ORESTE method is still an unsolved issue. In this regard, this study proposes a model that combines the threshold learning method based on historical data and the traditional MCDM (multi-criteria decision-making) method, to learn the thresholds used in the ORESTE method from the preference information provided by stakeholders. We implement a simulation analysis to verify the feasibility of this model and reflect the relation between the weights balancing the importance of alternatives and criteria and the thresholds, and the relation among different thresholds. Finally, an illustration concerning the selection of lung cancer screening methods is given to show the applicability of the threshold learning model. Sensitivity analysis, comparative analysis, and managerial insights are also provided.",SemanticScholar,FOUND
Reliability of ChatGPT-4o in analysing medical data: a test case study on patients at risk for limb amputation,"Ronen Loebstein, Roger McHaney, Bernice Oberman, Iris Reychav, Chen Speter, Liat Toderis",Health Systems,15.0,2,p125 - p139,2026,10.1080/20476965.2025.2580977,14-Nov-2025,https://doi.org/10.1080/20476965.2025.2580977,105.0,0.0,"Purpose This research investigates ChatGPT-4o reliability in analyzing medical data for diabetic patients at risk of limb loss. It evaluates whether a generative AI tool can serve as a viable alternative to traditional statistical methods for predictive medical analysis. The research question is: How does ChatGPT-4o perform in answering predictive questions about patient outcomes compared with a professional statistician using conventional tools? Methods Data were drawn from Sheba Medical Center’s diabetic foot clinic, focusing on mortality and amputation risk. ChatGPT-4o’s predictive responses were compared with those produced by a professional statistician. The study emphasized the importance of prompt design and required substantial human involvement in data cleaning to ensure accuracy. Results ChatGPT-4o produced accuracy comparable to traditional statistical methods when prompts were well-designed. Findings highlight the central role of prompt engineering in obtaining reliable outputs. Human intervention in preparing the dataset remained necessary, underscoring current limitations in fully automating the process. Conclusion The study demonstrates the potential of generative AI—specifically ChatGPT-4o—as a tool enabling clinicians to analyse medical data without advanced technical training. With proper instruction and careful prompt engineering, generative AI can help democratize access to predictive medical analysis as a user-friendly alternative to conventional methods.",SemanticScholar,FOUND
Mobile ICT outages and public safety: is there a digital divide in terms of safety?,"Patrick Felka, Oliver Hinz, Cristina Mihale-Wilson",European Journal of Information Systems,35.0,2,p260 - p279,2026,10.1080/0960085x.2025.2523984,07-Jul-2025,https://doi.org/10.1080/0960085x.2025.2523984,2527.0,2.0,"The digital divide remains one of the pressing challenges, as it persists in both developed and developing regions. Recent events that required a sudden and radical shift from offline to online have brought the digital divide issue sharply into focus. Prior research has investigated how differences in mobile ICT availability and use relate to individuals’ income opportunities or lack thereof. In this research, we take a new perspective on digital divides. We show that besides the commonly investigated digital divide in economic and opportunity-related terms, the unavailability of mobile ICT can give rise to a digital divide regarding public safety. In detail, we leverage publicly available spatial crime data and the random occurrence of mobile ICT outages to investigate the link between ICT use and safety for distinctly wealthy population sub-groups. Based on the results of a difference-in- differences analysis, we find that the effects of mobile ICT discontinuations are non- uniform across socioeconomic groups with socioeconomically disadvantaged areas suffering disproportionally higher increases in property crimes than their wealthier counterparts. Overall, our research supports the idea of mobile ICT infrastructure as a public utility by showing the importance of fail-safe mobile ICT infrastructures for all, but particularly for socioeconomically disadvantaged areas.",SemanticScholar,FOUND
Adaptive Leadership Strategies for Advancing Digital Transformation and Innovation in Academic Libraries in Kenya,"Henry Hongo, Lucy Kibe, Tom Kwanya",Journal of Library Administration,66.0,3,p301 - p325,2026,10.1080/01930826.2026.2652477,22-Apr-2026,https://doi.org/10.1080/01930826.2026.2652477,287.0,1.0,"This article discusses how adaptable leadership practices can help Kenyan academic libraries move forward with digital transformation and innovation. Kenyan academic libraries are under significant pressure to adapt and change their operations to meet the needs of the 21st century. This is because digital technologies like cloud computing, artificial intelligence, and big data analytics are advancing rapidly. Even though there could be benefits, there are problems that hinder digital transformation. Some of these are limited resources, inadequate digital infrastructure, staff who are reluctant to adapt, and insufficient digital literacy. Adaptive leadership, which emphasizes flexibility, shared vision, collaborative work, and continuous learning, is suggested as a way to deal with these problems. The study used a mixed-methods research approach, which involved collecting both quantitative and qualitative data using semi-structured questionnaires. The results of the study show that adaptive leadership qualities, which encourage innovation, include openness to change, emotional intelligence, empowering others, and systems thinking. The findings further show that adaptive leaders surmount resistance by establishing shared digital transformation visions, using strategic relationships to secure resources, and involving employees in decision-making. However, gaps remain in leadership agility and systematic change management capabilities. The study’s findings show that Kenyan academic libraries need to create specific leadership frameworks and programmes to build capacity in order to promote long-term digital transformation. Policymakers should prioritize infrastructure development, provide financial support, and foster inclusive leadership styles. In practice, library administrators should support cultures of continual learning, teamwork, and a balance between big ideas and practical action. This research contributes to the adaptation of adaptive leadership theory in resource-limited African contexts. It delivers practical insights to guide academic libraries in Kenya and similar settings through effective digital transformation.",SemanticScholar,FOUND
Transdisciplinary system of systems development in the trend to X4.0 for intelligent manufacturing,"Ronald C Beckett, John P T Mo",International Journal of Computer Integrated Manufacturing,35.0,1,p21 - p35,2022,10.1080/0951192x.2021.1992663,27-Oct-2021,https://doi.org/10.1080/0951192x.2021.1992663,573.0,7.0,"Since the announcement of Industry 4.0 in 2012, multiple variants of this industry paradigm have emerged and built on the common platform of Internet of Things. Engineering-driven industries such as aerospace and automotive and process-driven industries such as water treatment and food processing are influenced similarly trying to adapt to the so-called fourth generation (4.0) paradigm. In essence, the main outcomes of these X4.0 adaptations (where X can be any one of Quality, Water, Procurement, Gas or a combination of industries) are the facilitation of communications between socio-technical systems and the accumulation large amount of data. As the X4.0 paradigms are researched, defined, developed and applied, many real-world examples in a variety of industries have demonstrated a lack of system of systems design consideration. Participants are inhibited from working seamlessly and lag behind events triggered in the hostile real-world internet environment. This paper examines, from a high-level system of systems perspective, how transdisciplinary engineering can create a model of evolutionary X4.0 and how intelligent manufacturing can be developed towards X4.0 within the transdisciplinary modelling framework.",SemanticScholar,FOUND
Entropy method of constructing a combined model for improving loan default prediction: A case study in China,"Weidong Chen, Yiheng Li",Journal of the Operational Research Society,72.0,5,p1099 - p1109,2021,10.1080/01605682.2019.1702905,30-Dec-2019,https://doi.org/10.1080/01605682.2019.1702905,1748.0,27.0,"In recent years, credit scoring has become an efficient tool to assist financial institutions in identifying potential default borrowers, and the combined model is widely viewed as a useful vehicle. In this study, after pre-processing based on random forest, we propose a combined logistic regression algorithm and artificial neural network model to improve the predictive performance based on actual data from a rural commercial bank under the condition that loan quality directly affects the profitability of the bank. The combined model requires a step with an entropy method to determine the entropy weights of the logistic regression model and artificial neural network model. The experimental results reveal that the proposed combined model outperforms the two base models on four evaluation metrics: accuracy (ACC), area under the curve (AUC), Kolmogorov-Smirnov statistic (KS), and Brier score (BS). Moreover, the model is superior to a state-of-the-art ensemble model, stacking.",SemanticScholar,FOUND
Framework and modelling of inclusive manufacturing system,"Biswajit Mahanty, Sube Singh, Manoj Kumar Tiwari",International Journal of Computer Integrated Manufacturing,32.0,2,p105 - p123,2019,10.1080/0951192x.2018.1550678,25-Nov-2018,https://doi.org/10.1080/0951192x.2018.1550678,1476.0,49.0,"The world has seen tremendous changes in manufacturing, since its first industrial revolution to the current era of Industry 4.0. In the past few years, numerous advanced manufacturing models have been introduced by researchers and the same was implemented by companies. Similarly, in this domain, a new concept of inclusive manufacturing (IM) has been coined by Inclusive Manufacturing Forum for inclusive growth of manufacturing sector. In this work, a conceptual model of inclusive manufacturing system (IMS) is proposed along with a framework and flow chart. The IM is a composition of various policies and standards for resolving societal issues, environmental degradation and economic difficulties along with the integration of advanced manufacturing models and emerging technologies, like information and communication technologies, cyber-physical system, Internet of Things and Semantic Web. The vision of the proposed concept is to achieve the target of minimum time to market, high quality, low cost, better service, clean environment, flexible and precise information sharing. In this work, IMS has been conceptualised, along with visualisation of its practical implication by considering numerous emerging and supportive technologies, for achieving the goal of better collaboration among micro, small and medium enterprises.",SemanticScholar,FOUND
Artificial intelligence in advanced manufacturing,"Nebojsa Bacanin, Shengzong Zhou",International Journal of Computer Integrated Manufacturing,37.0,4,p383 - p384,2024,10.1080/0951192x.2024.2327226,28-Mar-2024,https://doi.org/10.1080/0951192x.2024.2327226,2761.0,6.0,,,NOT_FOUND
Special issue on data-driven modeling and analytics for optimization of complex manufacturing systems,"Xinyu Li, Wei Qin, Ting Qu, Yingfeng Zhang",International Journal of Computer Integrated Manufacturing,35.0,10-11,p1025 - p1027,2022,10.1080/0951192x.2022.2141948,11-Nov-2022,https://doi.org/10.1080/0951192x.2022.2141948,1355.0,2.0,"As the core issue for improving manufacturing system performance (such as product quality, production efficiency and cost, etc.), modeling, analysis and optimization of manufacturing systems have always been studied towards smart manufacturing. However, due to the large-scale and dynamic characteristics of complex manufacturing systems, the causal relationship between system performance and manufacturing process parameters is difficult to determine (Sun, Qin, and Zhuang 2022). Therefore, traditional models and algorithms are now facing some challenges such as the ‘Curse of Dimensionality’, high computational complexity and so on. With the rapid development of information technology, massive production data are captured. Practitioners and academics are paying more and more attention to the huge value hidden behind the data (Qin, Zha, and Zhang 2018). Data-driven technology can effectively help for revealing the inherent laws of complex manufacturing processes, transforming data into production and operation knowledge, optimizing production processes, improving product quality and production efficiency, as well as enhancing product lifecycle management level. Data-driven modeling and analysis has become one of the most promising methods for optimization of complex systems, and has made important breakthroughs in many research areas (Runge et al. 2019; Severson et al. 2019). In biology science, data-driven modeling and analysis has been used to quantitatively identify direct dependencies between genes, reconstruct gene regulatory network and causal relations (Zhao et al. 2016), and identify cell behaviours affecting the observed aggregation dynamics without full knowledge of the underlying biological mechanisms (Cotter et al. 2017). In medical science, data-driven modeling and analysis can not only systematically explore the molecular complexity of specific diseases, but also identify disease modules and pathways, as well as the molecular relationships between distinct phenotypes (Cheng, Kovács, and Barabási 2019). These successful cases provide a new way of thinking for the modeling, analysis and optimization of complex manufacturing systems in the industrial field. How to use the big data to establish an effective model describing the complex manufacturing system? How to analyze the data-driven model to reveal the law of system operation? How to dynamically regulate the data-driven model to optimize the system performance? Researchers have been developing new models, methods, solutions and tools for these problems (Zhuang et al. 2022). This special issue provides an opportunity for academia and practitioners to share state-of-the-art research and cases in the field of modeling, analysis and optimization in manufacturing systems. There are 13 papers accepted, covering new approaches for enhancing complex manufacturing systems by making full use of emerging technologies such as machine learning, complex network and intelligence algorithms. The first paper A hybrid machine learning method for procurement risk assessment of non-ferrous metals for manufacturing firms, by Jian Ni, Yan Hu and Ray Y. Zhong, proposes a data-driven approach using the state-of-art machine learning techniques to assess and forecast the procurement risks of non-ferrous metals associated with complex manufacturing systems. This research can serve as a useful reference for the effective assessment and control of procurement risk of nonferrous metals in industries, such as mechanical manufacturing, aerospace, electricity and household appliances. The next paper A data-driven robust optimization method for the assembly job-shop scheduling problem under uncertainty, by Peng Zheng, Peng Zhang, Junliang Wang, Jie Zhang, Changqi Yang and Yongqiao Jin, studies the production scheduling problem in an assembly manufacturing system with uncertain processing time and random machine breakdown. This problem is modelled as a bi-objective optimization problem with the aim to simultaneously minimize makespan and performance deviation of the schedule. Utilizing datadriven idea, this paper uses a boosting radial basis function network as a surrogate model to efficiently and effectively estimate the performance deviation. INTERNATIONAL JOURNAL OF COMPUTER INTEGRATED MANUFACTURING 2022, VOL. 35, NOS. 10–11, 1025–1027 https://doi.org/10.1080/0951192X.2022.2141948",SemanticScholar,FOUND
A multi-input parallel convolutional attention network for tool wear monitoring,"Zhengyan Bai, Dingkun Li, Qiang Liu, Jing Ma, Xudong Wei",International Journal of Computer Integrated Manufacturing,38.0,1,p23 - p39,2025,10.1080/0951192x.2023.2294440,20-Dec-2023,https://doi.org/10.1080/0951192x.2023.2294440,361.0,16.0,"Effective tool wear monitoring is of great importance for machining process. With existing deep learning-based methods, the end-to-end model is often combined with sensor data to predict the state of the tool wear. These methods lack an effective mechanism to identify and highlight the important tool wear information in different sensor monitoring data, which limits the monitoring accuracy of the model. Therefore, a new deep prediction framework, called a multi-input parallel convolutional attention network (MPCAN), is proposed in this paper and used for intelligent tool wear monitoring. A multi-input parallel convolutional (MPC) network structure is developed to extract multi-scale features from monitoring data of various sensors. Efficient channel attention (ECA) is used to assign different attention weights to the tool wear information. A bidirectional long short-term memory (Bi-LSTM) is used to obtain the time series features related to tool wear. Finally, the predicted tool wear value is output through the fully connected network. An experimental analysis has been undertaken to illustrate, the effectiveness and superiority of the proposed method in improving the accuracy of the tool wear.",SemanticScholar,FOUND
Prospective study on challenges faced in a perception system,"Soumya J Bhat, Santhosh K. V., Rolen L. R.",Cogent Engineering,11.0,1,,2024,10.1080/23311916.2024.2353498,28-May-2024,https://doi.org/10.1080/23311916.2024.2353498,2236.0,2.0,"Intelligent Transportation Systems (ITS) are gaining momentum due to the advantages it possesses in congestion-free traffic, reduced probability of accidents, and economical transit thus reducing the transit time, saving human life, and helping the growth of the economy. Autonomous vehicles (AV) are an important part of ITS as these are the actual actuators of the ITS. In AVs, the perception system is particularly important as this provides vital information to the motion and planning system. Any error in perception of the environment by the AV will lead to the failure of the entire ITS. This article provides a thorough review of the recent technological advancements in perception systems. In this work, we have considered peer-reviewed journals and conference proceedings on AV from 2019 onwards. The primary focus is on motion prediction models, object detection, localization, sensor data fusion, sensors, autonomous driving (AD), communication technology and AI. This article also discusses the various challenges faced by perception systems in AD and how communication technology and Artificial Intelligence (AI) can help the perception system to overcome the existing challenges.",SemanticScholar,FOUND
Prepared for work in Industry 4.0? Modelling the target activity system and five dimensions of worker readiness,"Todd J B Blayone, Roland VanOostveen",International Journal of Computer Integrated Manufacturing,34.0,1,p1 - p19,2021,10.1080/0951192x.2020.1836677,10-Nov-2020,https://doi.org/10.1080/0951192x.2020.1836677,1456.0,44.0,"Within Industry 4.0 research, the spotlight shines on technological and organisational challenges. This study shifts the focus to worker readiness, beginning with an analysis of twenty-three models to establish the state of research. Findings demonstrate that existing models are mostly early-stage proposals addressing competences featured in mainstream 21st-century and digital-competence frameworks. Worker-level factors explicitly aligned with emerging cyber-physical systems receive little attention. To construct a worker-readiness model calibrated to the needs of Industry 4.0, the authors devised a research procedure based on a two-phase integrative review of 135 publications. Firstly, they deployed an activity-system apparatus to produce a structured description of the target environment. Secondly, major worker competence groupings, aligned with this target, were extracted, tagged and reduced to five dimensions. The resulting model consolidates prior research and introduces two original competence groupings addressing human-machine partnering and decision-making in Industry 4.0. This study is a foundational step by the Educational Informatics Lab, Ontario Tech University, Canada, toward deploying a global online profile tool for generating, analysing and aggregating worker readiness profiles. This cross-disciplinary project will help researchers, educators, corporate trainers, human resource managers, policymakers, and systems designers more effectively diagnose the readiness of workers for Industry 4.0.",SemanticScholar,FOUND
Health state grading evaluation of multi-machine production line based on bi-Kmeans degraded hidden Markov model,"Zhang Fuqiang, Hui Jizhuang, Ding Kai, Liu Weichen",International Journal of Computer Integrated Manufacturing,38.0,10,p1364 - p1376,2025,10.1080/0951192x.2024.2426134,25-Nov-2024,https://doi.org/10.1080/0951192x.2024.2426134,160.0,1.0,"Health state evaluation of machines is a crucial component of smart manufacturing technology as it provides a prerequisite for predictive maintenance. However, challenges arise not only from the vast amount of data required to train models but also from the low accuracy of the trained models and the complexity of multi-machine health state identification. To address these challenges, a production line health state grading evaluation method based on the bi-Kmeans algorithm and a degraded hidden Markov model was proposed, considering Multi-machine sequences. The bi-Kmeans algorithm was employed to cluster the input data of the production line, optimizing the initial values of the hidden Markov model and making the training results more globally optimal; the exponential degradation factor was utilized to enhance the model’s fitting ability, making it closer to the actual degradation process and improving evaluation accuracy. Finally, using a production line with six machines as an example, the bi-Kmeans algorithm and degradation factor show positive effects in fitting the degradation state of the production line. By employing the degraded hidden Markov model, guidance can be provided to production lines, avoiding unexpected downtimes, reducing maintenance frequency, lowering maintenance costs, and ultimately improving overall efficiency.",SemanticScholar,FOUND
Human-machine teaming for digital transformation,Kathleen M Vogel,Intelligence and National Security,40.0,6,p1097 - p1113,2025,10.1080/02684527.2025.2565945,02-Oct-2025,https://doi.org/10.1080/02684527.2025.2565945,512.0,2.0,"Artificial intelligence (AI) is an enabling emerging digital technology that has the potential to transform the practice of intelligence analysis. To date, intelligence and policy communities have tended to focus on the technology component of this potential analytic transformation, rather than the human component, or even the potential integrated human-machine capability. To achieve digital transformation within intelligence analysis, this article discusses how important socio-organizational aspects of AI adoption must be considered and addressed early on and throughout its design, development, and implementation process within intelligence analysis. In short, effective human-machine teaming in the use of AI for intelligence analysis will require the IC to consider various social factors at the micro-, meso-, and macro-levels within the organization, including important considerations of relevant tacit and explicit knowledge, and how these factors interact with AI technologies and the analyst (intelligence user) in ways that affect the acquisition, sharing, storing/retrieving, application, integration, and management of knowledge. To explore these issues, this article discusses pertinent literature from studies of science and technology, business and management, and organizations.",SemanticScholar,FOUND
Israel as a startup nation: assessing the role of artificial intelligence as a mediator in the relationship between pioneering orientation and new product creativity,"Gavriel Dahan, Michal Levi-Bliech",Israel Affairs,31.0,2,p181 - p197,2025,10.1080/13537121.2025.2469442,26-Feb-2025,https://doi.org/10.1080/13537121.2025.2469442,186.0,1.0,"This article assesses the role of artificial intelligence (AI) as a mediator in the relationship between pioneering orientation and new product creativity. Using the dynamic capability theory, a research model was tested on 195 managers from Israeli companies. The findings show that both pioneering orientation and AI have a positive impact on new product creativity. Additionally, AI acts as a partial mediator in the relationship between pioneering orientation and new product creativity. Therefore, companies should strengthen their pioneering orientation and AI. By doing so, they should be able to produce more creative products.",SemanticScholar,FOUND
Consumer segmentation and pricing optimisation with online reviews: a sentiment analysis-based decision-making framework,"Shiyu Liu, Zixu Liu, Jun Wang, Liwei Xu",Journal of the Operational Research Society,,,p1 - p21,5187,10.1080/01605682.2026.2630957,26-Feb-2026,https://doi.org/10.1080/01605682.2026.2630957,1238.0,0.0,,,NOT_FOUND
Analyzing the impact of digital technologies in supply chain management: a discrete event simulation-based case study,"Prasun Das, Sushil Kumar Dey, Kaustav Kundu",International Journal of Computer Integrated Manufacturing,,,p1 - p21,5187,10.1080/0951192x.2026.2619783,23-Jan-2026,https://doi.org/10.1080/0951192x.2026.2619783,277.0,1.0,,,NOT_FOUND
Versatile edge gateway for improving manufacturing supply chain management via collaborative networks,"Oana Chenaru, Radu Dobrescu, Gheorghe Florea, Stefan Mocanu, Maximilian Nicolae",International Journal of Computer Integrated Manufacturing,34.0,4,p407 - p421,2021,10.1080/0951192x.2021.1879401,14-Feb-2021,https://doi.org/10.1080/0951192x.2021.1879401,526.0,21.0,"As a natural consequence of Industry 4.0 demands related to industrial processes control digitization, the smart manufacturing (SM) concept was enriched by integrating advanced technologies of digital information processing. This paper presents an original solution for improving the most representative instance of SM, namely, supply chain management (SCM), by using the most recent approach in hierarchical networked control systems (HNCS), that is Edge Computing. The paper presents both the software and hardware architecture of an Edge Gateway device which offers, on one hand, dual communication both on vertical (between the network layers from the local, inferior, represented by IIoT, to the central, superior, represented by the Cloud) and on horizontal (between similar devices located on the same Edge level) and, on the other hand, can locally process data to take fast decisions which facilitate real-time process control. The validity of the proposed solution is supported by a case study performed on a flexible assembly/disassembly line (laboratory model).",SemanticScholar,FOUND
"A new approach for reusable 3D CAD objects detection, by similarity calculation based on Bayesian network models (BNM)","Benoit Eynard, Ahmed Fradi, Borhen Louhichi, Mohamed Ali Mahjoub",International Journal of Computer Integrated Manufacturing,34.0,12,p1285 - p1304,2021,10.1080/0951192x.2021.1972457,13-Sep-2021,https://doi.org/10.1080/0951192x.2021.1972457,409.0,6.0,"Nowadays, 3D CAD systems (Computer Aided Design) are extremely important in many sectors related to the modern industry. The wide range of modelling software and their increasingly advanced functionalities have considerably extended the uses of CAD models. Indexing and searching in huge databases for the purpose of reusing a 3D CAD model is still a big challenge for both the industrial and for scientific research fields. This highlights the need for an effective approach that provides accurate results within an acceptable time-frame and that takes into account the re-usability of the model regardless of its modelling software. From this perspective, this paper proposes a new data-intensive approach for the detection of reusable CAD models, similar to a reference one. The proposed method is based on the probabilistic graphical model Bayesian network. The suggested approach is mainly based on two phases: (1) first, the construction of a Bayesian network of models (MBN). The developed network is based on an index of association calculated according to the common reusable sub-parts between the candidate models. (2) Then, the detection of reusable models (through the indirect similarity extracted from the built MBN) based on the graph structure and the probabilistic inference.",SemanticScholar,FOUND
A smart reporting framework as an application of multi-agent system in machining industry,"F Belkadi, A Ladj, O Meski, M Ritou, Z Yahouni",International Journal of Computer Integrated Manufacturing,34.0,5,p470 - p486,2021,10.1080/0951192x.2021.1901312,29-Mar-2021,https://doi.org/10.1080/0951192x.2021.1901312,363.0,16.0,"Currently, the evolution of cyber-physical systems within the industry 4.0 paradigm enables the collection of large quantities of heterogeneous data that have not yet been efficiently exploited. One of the reasons is the digital chain disruption and lack of communication between the shop floor and operational management departments. To tackle such issues, this paper proposes a reporting framework as a common platform to support communication between the shop floor and operation management teams. The framework is based on a multi-agent system that solves the interoperability issues between tools, software and information systems. Agents are used to represent services such as reporting and are mainly exploited for decision-aiding. A reporting scenario is proposed to address chatter problems in an aeronautic case study. Efficient management of complex data is achieved by providing customized indicators for decision actors.",SemanticScholar,FOUND
Cost-effective sensor-based digital twin for fused deposition modeling 3D printers,"Ahmed Al-Ashaab, Md Hazrat Ali, Nursultan Jyeniskhan, Essam Shehab, Kemel Shomenov",International Journal of Computer Integrated Manufacturing,39.0,7,p937 - p956,2026,10.1080/0951192x.2025.2504085,13-May-2025,https://doi.org/10.1080/0951192x.2025.2504085,466.0,2.0,"In a highly digitalized world, Digital Twin (DT) technology is becoming vital in manufacturing, especially in additive manufacturing. This research work presents cost-effective digital twin development and implementation for Fused Deposition Modeling (FDM) 3D printers. This developed system enhances real-time process monitoring, anomaly detection, and autonomous control through a logical approach. Sensor data that measures and tracks filament flow, vibrations, and nozzle position are processed in real-time for the detection of anomalies such as layer shifting, under- and over-extrusion, and excessive vibrations. Magnetic encoders enable monitoring the filament flow with 0.73% error, position sensors identify nozzle displacement to monitor layer shifts. The sensor data are stored in the Firebase and visualized in the Unity interface with a 500- 700 ms data lag. In contrast to traditional systems, this developed system works independently without the need for external hosts, providing a very low-cost, modular solution (less than $50) appropriate for small-scale applications. This research also addresses the gap in FDM 3D printers and sensor-based DT by demonstrating practical, real-time interventions for quality assurance in FDM processes.",SemanticScholar,FOUND
Smart seru production system for Industry 4.0: a conceptual model based on deep learning for real-time monitoring and controlling,"İhsan Hakan Selvi, Orhan Torkul, Merve Şişci",International Journal of Computer Integrated Manufacturing,37.0,4,p385 - p407,2024,10.1080/0951192x.2022.2078514,29-May-2022,https://doi.org/10.1080/0951192x.2022.2078514,816.0,12.0,"Seru production system is an innovative assembly system and combines the flexibility of job shop production and high efficiency of assembly lines. This production system easily adapts to product replacements, reduces product wastages by eliminating work-in-process inventories and delay time, and provides enterprises with a competitive advantage through reducing the operating costs, required workforce, and space. Besides these advantages, the disadvantage of seru type production is that, in assembly lines, specific tasks are completed in specified stations, whereas in seru production, the tasks required for the assembly of a product are completed in a yatai by a cross-trained worker. This, in turn, results in a higher risk of production errors. Accordingly in this research, a conceptual model is proposed to monitor and control multiple factors of the production process like worker, environment, assembly tools, ergonomics, storage and inventory and issue warning for prevention of process and quality errors in seru production by use of advanced analytics based on deep learning. In addition to providing support to the worker, the proposed Smart Seru Production System Model will assist system participants in obtaining and understanding data about the production processes and reacting quickly based on this information.",SemanticScholar,FOUND
A human-machine interaction framework for identifying factors influential consumer participation in e-waste treatment schemes,"Omid Dehghan, Navid Nezafati, Sasan Nowruzi, Sina Shokoohyar, Sajjad Shokouhyar",International Journal of Computer Integrated Manufacturing,36.0,7,p1058 - p1082,2023,10.1080/0951192x.2022.2162598,02-Jan-2023,https://doi.org/10.1080/0951192x.2022.2162598,265.0,4.0,"This study aims to reveal the factors of consumer participation in official electronic and electrical waste treatment schemes based on practical approaches. An intelligent text analysis technique was employed to interact between consumers, the industrial sector, and the government. With this framework, complex calculations can be performed on textual web data, with an analyst directing the process toward accurate and detailed results. An analysis of Web reports was conducted to determine how industry and government handle consumer demand in practice. The current research approach allows tracking various entities in sustainable electronic waste management and their related trends. A total of 743 web reports were selected and analyzed according to the criteria chosen by the authors. The results revealed that elements related to awareness, costs, incentives, security, information, trust, and convenience affect consumer participation. These factors have been the approaches of the industry and the government to attract the participation of consumers.",SemanticScholar,FOUND
The Potential of Google Earth Engine as Decision Support for Agricultural and Forestry Planning Policies in Latin America and the Caribbean: A Meta-Analysis and Systematic Review,"Roberto Carlos Hincapie-Reyes, Francisco Javier Mesas-Carrascosa, Juan Carlos Palacio-Piedrahíta, Andrés Felipe Ríos-Mesa, Jhon Wilder Zartha-Sossa",Journal of Sustainable Forestry,43.0,6-10,p99 - p128,2024,10.1080/10549811.2024.2448027,20-Jan-2025,https://doi.org/10.1080/10549811.2024.2448027,268.0,5.0,"The primary challenges in the Latin American and Caribbean (LAC) region are enhancing technological capabilities and information in agriculture and forestry. Land use change is also a pressing concern. This study is a systematic review and meta-analysis of recent research on the Google Earth Engine (GEE) platform for decision support in agriculture and forestry planning. It summarized policy frameworks, spatial indicators, and data tools from 59 studies between 2017 and May 2022. Cloud-based platforms like GEE and artificial intelligence have grown in applications for scientific analysis. The review concludes that the best practices for enhancing technological capabilities and information available in the agriculture and forestry sector in LAC include: (i) further leverage of GEE and the recent artificial intelligence techniques; (ii) a continued effort to expand spatial data infrastructure; (iii) a continued effort to share harmonized labeled datasets; (iv) a continued effort to overcome the current limitations in terms of sensor resolution and image processing; and (v) political and administrative issues (e.g. funding, sustainability). This paper can contribute to further interdisciplinary research and stakeholder coordination activities to generate benefits based on artificial intelligence and GEE tools, so that capabilities and services can be offered in each country of the region.",SemanticScholar,FOUND
Digital twin-enabled smart industrial systems: recent developments and future perspectives,"George Q Huang, Yong-Hong Kuo, Francesco Pilati, Ting Qu",International Journal of Computer Integrated Manufacturing,34.0,7-8,p685 - p689,2021,10.1080/0951192x.2021.1959710,02-Aug-2021,https://doi.org/10.1080/0951192x.2021.1959710,6087.0,43.0,"A digital twin refers to a virtual representation of a physical asset or system throughout its lifecycle (Mikell and Clark 2018). It leverages the Internet of Things (IoT) to facilitate learning, reasoning, and improving decision-making in complex systems (Rosen et al. 2015). The adoption of digital twin technologies is becoming more prevalent in the manufacturing industry, including product design, maintenance, and production planning (Tao et al. 2018a, 2018B, 2018C). Its concept has also led to a variety of emerging applications in other industries, such as energy (e.g. Iglesias et al. 2017), transportation (e.g. Gregory, Leonard, and Scotti 2016), and healthcare (e.g. Bruynseels, Santoni de Sio, and van den Hoven 2018). The core of the technologies consists of artificial intelligence algorithms, enabled by machine learning methods trained on massive amounts of data captured through numerous connected sensors on the physical objects (Kuo and Kusiak 2019). Computer simulations are run to examine different possible scenarios to predict the outcomes of decisions. For timely interaction, digital twins evolve and continuously update to reflect changes in their physical counterparts (Siemens 2021). The convergence between the physical assets and the virtual greatly determines the success of the applications (Tao and Zhang 2017; Bortolini et al. 2018). The ultimate goal of digital twins is to drive systems smarter and be more efficient. While digital twin technologies have shown promising benefits, there are still challenges in their implementations, for example, synchronization between physical assets and virtual space, optimization and coordination on connected networks, dealing with uncertainty in systems, and development of computationally efficient algorithms for real-time response. New mathematical modeling techniques and solution methodologies, powered by new types of auto-sensed data, are needed to tackle the challenges. The emergence of digital twin technologies has presented new research opportunities.",SemanticScholar,FOUND
Global initiatives for industry 4.0 implementation and progress within the textile and apparel manufacturing sector: a comprehensive review,"Upama Nasrin Haq, Md Hasanuzzaman, Md Riaz Hossain, Adnan Maroof Khan, Md Mashiur Rahman Khan",International Journal of Computer Integrated Manufacturing,38.0,12,p1637 - p1662,2025,10.1080/0951192x.2025.2455655,22-Jan-2025,https://doi.org/10.1080/0951192x.2025.2455655,904.0,20.0,"A comprehensive picture on global initiatives to Industry 4.0 (I4.0), technological evolution within fibre-to-apparel manufacturing and its progression so far are reported here. Germany is the global progression leader while other developed countries; France, Italy, Spain, Portugal, and even the UK and USA have generic initiatives for upgraded manufacturing. Their initiatives are I4.0 strategies, funding, platforms, and model projects. Developing countries like Indonesia, Malaysia, Thailand, Brazil, Turkey, Vietnam, India, etc. have also taken I4.0 national initiatives. However, the apparel and textile manufacturing industry lags far behind other sectors, although applying I4.0 technologies in this sector has started. CPS, IOT, Cloud computing, Automatic bobbin changing, RFID, Blockchain, augmented reality, and digital twins, are found in the textile production and fashion retailing. Moreover, advanced machineries offer incorporated automation, remote maintenance and operability, cloud systems, self-optimization, and predictive maintenance facilities. The review identifies that technological gaps between concept and reality hinder commercial application. The readiness evaluation is predominantly grounded in academic literature, which requires field investigation from the start to the end of textile processing. Hence, case studies for empirical data, sustainability mapping for the upgraded technologies and integrated policy development are the future direction in this domain.",SemanticScholar,FOUND
Shaping the Future of Logistics: Data-driven Technology Approaches and Strategic Management,"Dong-Seong Kim, Jae-Woo Kim, Jae-Min Lee, Hoa Tran-Dang",IETE Technical Review,42.0,1,p44 - p79,2025,10.1080/02564602.2024.2445513,02-Jan-2025,https://doi.org/10.1080/02564602.2024.2445513,927.0,22.0,"Logistics operations today face inefficiencies and sustainability challenges across economic, environmental, and social dimensions. Mega-trends such as globalization, urbanization, customization, and natural resource scarcity further exacerbate these challenges. While Industry 4.0 offers data-driven technological solutions, there is a critical need for complementary managerial strategies to ensure efficient and sustainable logistics performance. This paper aims to present a comprehensive framework that integrates technology adoption with strategic management to address these challenges. Through a firm performance based analysis, the framework demonstrates its applicability in solving key logistics issues, improving supply chain efficiency, and shaping the future of logistics systems. The findings highlight how combining advanced data-driven approaches with managerial planning can significantly enhance logistics operations, paving the way for a more sustainable and adaptive logistics model.",SemanticScholar,FOUND
An assessment of barriers to integrate lean six sigma and industry 4.0 in manufacturing environment: case based approach,"Jiju Antony, Prakash Kumar, Aayush Modi, Sonu Rajak, Michael Sony, Vikas Swarnakar",International Journal of Computer Integrated Manufacturing,38.0,3,p386 - p407,2025,10.1080/0951192x.2024.2335969,15-Apr-2024,https://doi.org/10.1080/0951192x.2024.2335969,622.0,19.0,"The integration of Lean Six Sigma (LSS) with Industry 4.0 (I4.0) has numerous advantages for the organization. LSS and I4.0 integration in manufacturing environments face some challenges, including data integration, a lack of understanding of the strategic implications of integrating LSS and I4.0, security and data privacy issues, return on investment, and a shortage of consultants and trainers. This paper aims to analyse the barriers and their interrelationship that could hinder the manufacturing organisation from embracing LSS with I4.0. Fifteen potential barriers were identified from the literature review and by taking the opinion of experts and decision-makers. The grey decision-making trial and evaluation laboratory (DEMATEL) method was applied to find the influence of each barrier on other barriers. The cause–effect relationship between the barriers was identified and later validated by experts. Using a single case study methodology, this study prioritises the identified barriers that hinder the automotive component manufacturing industry from integrating LSS with I4.0. The top three barriers were ‘lack of long-term vision’, ‘timely and accurate data availability’, and ‘lack of automation’. This paper will help the managers to better understand which barriers could affect the integration of LSS with I4.0.",SemanticScholar,FOUND
Data-driven and knowledge-guided prediction model of milling tool life grade,"Kai Ding, Chao Du, Jiewu Leng, Shujun Shao, Fengli Xu, Fuqiang Zhang, Xueliang Zhou",International Journal of Computer Integrated Manufacturing,37.0,6,p669 - p684,2024,10.1080/0951192x.2023.2257620,18-Sep-2023,https://doi.org/10.1080/0951192x.2023.2257620,652.0,23.0,"Models that predict tool life based on wear mechanism knowledge are typically inaccurate, as the use of simplified model parameters can have a significant effect on this prediction. While a tool life prediction model based on sample cutting data is limited to specific working conditions, which makes tool life prediction difficult to generalize, and needs a large amount of historical data as support. In this paper, the empirical formula of tool life based on wear mechanism knowledge was combined with a neural network, which can significantly improve prediction accuracy. Firstly, a concept of tool life grade is proposed, and its classification standard is outlined. Secondly, a prediction model based on the empirical life formula and experimental data was established. Thirdly, a tool wear prediction model based on a convolutional neural network (CNN) was established through the real-time tool condition data, and the corresponding life compensation strategy can be determined by comparing this with the historical data. Finally, the empirical life grade was adjusted to obtain the real-time tool life grade. A case example shows that the data-driven knowledge-guided prediction model can significantly improve the recognition accuracy of tool life grade.",SemanticScholar,FOUND
Exploring firm strategy using financial reports: performance impact of inward and outward relatedness with digitisation,"Wael Jabr, Zhiqiang Eric Zheng",European Journal of Information Systems,31.0,2,p145 - p165,2022,10.1080/0960085x.2020.1829511,18-Oct-2020,https://doi.org/10.1080/0960085x.2020.1829511,1172.0,6.0,"A firm’s success critically hinges on its strategies in selecting its portfolio of products and services. In this paper, we study how differentiation and market alignment at the offering level impact firm performance. To that end, we mine firms’ 10-K filings to characterise the portfolio of offerings through the lens of outward relatedness, inward relatedness, and digitisation. We define outward relatedness as a measure of alignment of firm offerings within its market space, inward relatedness as a measure of differentiation of firm offerings with its own past offerings, and digitisation as a measure of the firm’s focus on IT. We find that markets react positively to firms that operate with high levels of outward relatedness, low levels of inward relatedness and high levels of digitisation. However, we find that highly digitised firms do not have to conform to peers’ offerings. Digitisation enables these firms to differentiate by internally diversifying their offerings. Interestingly, our results show that only firms already highly digitised benefit from further digitisation.",SemanticScholar,FOUND
Intended Human Arm Movement Direction Prediction using Eye Tracking,"Petter Falkman, Julius Pettersson",International Journal of Computer Integrated Manufacturing,,,p1 - p19,5187,10.1080/0951192x.2023.2229288,29-Jun-2023,https://doi.org/10.1080/0951192x.2023.2229288,1519.0,6.0,"Collaborative robots are becoming increasingly popular in industries, providing flexibility and increased productivity for complex tasks. However, the robots are still not interactive enough since they cannot yet interpret humans and adapt to their behaviour, mainly due to limited sensory input. Prediction of human movement intentions could be one way to improve these robots. This paper presents a system that uses a recurrent neural network to predict the intended human arm movement direction, solely based on eye gaze, utilizing the notion of uncertainty to determine whether to trust a prediction or not. The network was trained with eye tracking data gathered using a virtual reality environment. The presented deep learning solution makes predictions on continuously incoming data and reaches an accuracy of 70.7%, for predictions with high certainty, and correctly classifies 67.89% of the movements at least once. The movements are, in 99% of the cases, correctly predicted the first time, before the hand reaches the target and more than 24% ahead of time in 75% of the cases. This means that a robot could receive warnings regarding in which direction an operator is likely to move and adjust its behaviour accordingly.",SemanticScholar,FOUND
Mould wear-out prediction in the plastic injection moulding industry: a case study,"Flavia Dalia Frumosu, Murat Kulahci, Georg Ørnskov Rønsch",International Journal of Computer Integrated Manufacturing,33.0,12,p1245 - p1258,2020,10.1080/0951192x.2020.1829062,07-Oct-2020,https://doi.org/10.1080/0951192x.2020.1829062,452.0,12.0,"The current work addresses an industrial problem related to injection moulding manufacturing with focus on mould wear-out prediction. Real data sets are provided by an industrial partner that uses a multitude of moulds with different shapes and sizes in its production. An analysis of the data is presented and begins with clustering the moulds based on their characteristics and pre-chosen running settings. Using the results of the clustering, the mould wear-out is modelled using Kaplan-Meier survival curves. Furthermore, a random survival forest model is fitted for comparison and model performance is assessed. The main novelty of the case study is the implementation of mould wear-out prediction in real-time with the outcomes presented in terms of conditional survival curves including a proposed early warning system. For visualization and further industrial implementation, an R Shiny dashboard is developed and presented.",SemanticScholar,FOUND
Dynamic control of pure content quality and recommendation intensity on UGC platform considering reference effect,"Qi Chen, Jiazhen Huo, Yashu Yao, Zhihan Zhang",Journal of the Operational Research Society,,,p1 - p27,5187,10.1080/01605682.2025.2544870,21-Aug-2025,https://doi.org/10.1080/01605682.2025.2544870,317.0,2.0,,,NOT_FOUND
An integrated Pythagorean fuzzy-based methodology for sectoral prioritization of industry 4.0 with lean supply chain perspective,"Beyza Cebeci, Ali Karaşan, İhsan Kaya, Esra İlbahar",International Journal of Computer Integrated Manufacturing,37.0,12,p1582 - p1611,2024,10.1080/0951192x.2024.2331526,26-Mar-2024,https://doi.org/10.1080/0951192x.2024.2331526,394.0,6.0,"Transition strategies to industry 4.0 (I4.0) have recently become crucial for an optimal human and technology interaction environment in business areas, which aims to reach a production system with minimum errors, scraps and reworks through computerized monitoring and traceability of out-of-control situations with high-quality products and minimum cost. Thus, the transition process of I4.0 can be considered a critical decision-making problem. Since the process consists of a wide range of impact areas, such as employees, workers, environment, and society, it should be considered in a multi-way perspective to obtain an acceptable roadmap. By minimizing the loss of information, this paper proposes a fuzzy methodology, DEMATEL, Cognitive Mapping (CM), and TOPSIS techniques, to analyse the sectoral prioritization of the I4.0 transition. The DEMATEL method is applied to identify the dependencies of the criteria. The criterion ‘Suitability of technological infrastructure’ is determined as the most effective one. The CM method is used to determine the weight of the criteria, in which ‘Technological Infrastructure Suitability’, and ‘Digitalization Level of Processes’ is the most important ones, respectively. Considered sectors are also prioritized by using the TOPSIS method. Finally, comparison and sensitivity analyses are performed for discussions on the transition process and possible outcomes.",SemanticScholar,FOUND
Skills for Industry 4.0: a structured repository grounded on a generalized enterprise reference architecture and methodology-based framework,"Paola Fantini, Marta Pinzone, Marco Taisch",International Journal of Computer Integrated Manufacturing,37.0,8,p952 - p971,2024,10.1080/0951192x.2023.2278105,14-Nov-2023,https://doi.org/10.1080/0951192x.2023.2278105,368.0,9.0,"This paper outlines a conceptual framework and a repository of skills for Industry 4.0 that manufacturing managers and other stakeholders can use for training, hiring and developing human resources. The framework and the repository of Industry 4.0 skills were developed by involving industrial practitioners, technology providers, recruitment agencies, research and education organizations in scenario-based focus groups and semi-structured interviews. The results of this study contribute to improving our current understanding of the skills required for Industry 4.0, and they can be used for the identification and assessment of workers’ skills as well as the design of skill development programs that match the needs of the industry and for the definition of policies that support the development of human capital to improve the employability of individuals and the performance of manufacturing companies.",SemanticScholar,FOUND
"Towards an information semantic interoperability in smart manufacturing systems: contributions, limitations and applications","Osiris Canciglieri Junior, Ramon Martinez Pereira, Anderson Luis Szejka",International Journal of Computer Integrated Manufacturing,34.0,4,p422 - p439,2021,10.1080/0951192x.2021.1891571,28-Feb-2021,https://doi.org/10.1080/0951192x.2021.1891571,678.0,31.0,"One of the paradigms of Industry 4.0 is the quick answer of companies over changes on customer’s necessities. This can only be achieved when an efficient vertical and horizontal integration occurs across manufacturing systems. However, thousands of heterogeneous information must be exchanged across the process and semantic interoperability obstacles are identified for an effective communication. This research aims to identify the main bibliographical references that deal with horizontal and vertical integration to support a semantic interoperable manufacturing system. Also, it is proposed a preliminary approach to support a semantic interoperable horizontal and vertical integration across Smart Manufacturing Systems. A total of 732 articles were found and applying exclusion criteria the number went down to 31. A classification based on the subjects that each article contained was applied resulting in seven main works for the research themes. According to the analysis of the main works, the preliminary architecture was proposed using the semantic web approach and the formal rules. Although this research does not evaluate the performance of the solution proposed, it was evident that this field has new perspectives on future research opportunities to cope with the semantic information interoperability in multiple integration levels of manufacturing systems.",SemanticScholar,FOUND
Digital twin-enabled smart industrial systems: a bibliometric review,"Maria Pia Ciano, Rossella Pozzi, Tommaso Rossi, Fernanda Strozzi",International Journal of Computer Integrated Manufacturing,34.0,7-8,p690 - p708,2021,10.1080/0951192x.2020.1852600,16-Dec-2020,https://doi.org/10.1080/0951192x.2020.1852600,2758.0,55.0,"The aim of this study is to investigate the body of literature on digital twins, exploring, in particular, their role in enabling smart industrial systems. This review adopts a dynamic and quantitative bibliometric method including works citations, keywords co-occurrence networks, and keywords burst detection with the aim of clarifying the main contributions to this research area and highlighting prevalent topics and trends over time. The analysis performed on citations traces the backbone of contributions to the topic, visible within the main path. Keywords co-occurrence networks depict the prevalent issues addressed, tools implemented, and application areas. The burst detection completes the analysis identifying the trends and most recent research areas characterizing research on the digital twin topic. Decision-making, process design, and life cycle as well as the enabling role in the adoption of the latest industrial paradigms emerge as the prevalent issues addressed by the body of literature on digital twins. In particular, the up-to-date issues of real-time systems and industry 4.0 technologies, closely related to the concept of smart industrial systems, characterize the latest research trajectories identified in the literature on digital twins. In this context, the digital twin can find new opportunities for application in manufacturing, control, and services.",SemanticScholar,FOUND
State of the art and future directions of digital twin-enabled smart assembly automation in discrete manufacturing industries,"Bugra Alkan, Osman M Tokhi, Louie Webb",International Journal of Computer Integrated Manufacturing,38.0,8,p1126 - p1160,2025,10.1080/0951192x.2024.2387775,21-Aug-2024,https://doi.org/10.1080/0951192x.2024.2387775,5133.0,19.0,"Digital twin (DT) technology is increasingly recognised for its potential to transform the manufacturing industry, particularly in assembly automation. By offering real-time insights and optimisation capabilities, DTs enhance efficiency, reduce costs, and improve product quality. This paper critically reviews DT-enabled smart factories in assembly automation, aiming to evaluate the current state, identify common practices, and propose a taxonomy for standardisation. The taxonomy outlines key factors in DT-enabled systems, including data sources, visualisation, applications, functional outputs, digital coupling, and IoT protocols. These classifiers help navigate the complex frameworks of DTs, guiding the design and implementation of assembly automation systems. Through a comprehensive analysis of 60 key publications, the review categorises DT objectives, propositions, and implementation technologies, identifying common themes and addressing gaps in current research. The findings emphasise the importance of integrating DTs with existing systems, ensuring reliability and security in data-driven DTs, and pursuing sustainable solutions beyond energy-intensive industries. This review not only informs future research but also provides a framework to guide industry practices in the development of DT-enabled assembly automation systems.",SemanticScholar,FOUND
Digital twins in manufacturing: systematic literature review for physical-digital layer categorization and future research directions,"Murat Atalay, Ugur Murat, Busra Oksuz, Ayse Merve Parlaktuna, Erhan Pisirir, Murat Caner Testik",International Journal of Computer Integrated Manufacturing,35.0,7,p679 - p705,2022,10.1080/0951192x.2021.2022762,13-Jan-2022,https://doi.org/10.1080/0951192x.2021.2022762,2685.0,52.0,"Modern technologies and recently developed digital solutions make their way into all aspects of lives of individuals and businesses, and manufacturing industry is no exception. In the era of digital revolution of industry, manufacturing processes can benefit from digitalization technologies immensely. Digital twin (DT) is a technology concept that aims to create a digital mirror of a physical system with a constant data flow between two components. This idea can be used for monitoring and optimization of the present system as well as forecasting and estimating future states of it. There have been theoretical and practical studies conducted on DT in manufacturing area. This systematic literature review (SLR) aims to summarize the current state of literature and shine a light on open areas for future research. Using a rigorous SLR method, 247 relevant studies from 2015 to 2020 are examined to answer a set of research questions. The current state of DT in manufacturing literature is analyzed and explained with an emphasis on where the future studies may go in this area.",SemanticScholar,FOUND
Industry 4.0 adoption barriers in manufacturing supply chain industry - a case study from a developing economy,"Sudishna Ghoshal, Snehal Govardhan, Balkrishna Eknath Narkhede, Rakesh Raut",International Journal of Computer Integrated Manufacturing,39.0,9,p1243 - p1261,2026,10.1080/0951192x.2025.2544541,13-Aug-2025,https://doi.org/10.1080/0951192x.2025.2544541,306.0,3.0,"Digital technologies can completely transform the manufacturing supply chain and satisfy the dynamic requirements of the market. Developing countries like India face huge challenges around Industry 4.0 technology adoption. While academicians and researchers have focused on either standalone firms or a specific Industry 4.0 technology, a broader technology adoption across manufacturing supply chains remains relatively unexplored. This paper emphasizes on identifying and assessing the barriers of Industry 4.0 technology adoption across manufacturing supply chain. This paper idntified 12 significant barriers for digital transformation in the manufacturing supply chain. The global weight of every barrier and sub-barrier is analysed and evaluated using the SWARA approach and interpretive structural modeling. Dependent, Linkage, Driving, and Autonomous barriers are further categories for barriers. Government initiatives and industry-friendly regulations that address data security concerns and the availability of skilled talent for the effective execution of integrated technologies can accelerate digital transformation. The focus should first be placed on the following issues: lack of maturity and readiness of the partner ecosystem (PE), financial challenges (FC), lack of management support (MS), and lack of regulatory support and legal legislation (RS), lack of standardization for technical collaboration (STC), and lack of data security (DS). Furthermore, the SWARA analysis reveals significant barriers to data sharing, including lack of standardized protocols, lack of manager willingness, a culture that discourages innovation, and insufficient workforce knowledge and skills.",SemanticScholar,FOUND
From smart manufacturing in Industry 4.0 to industrial metaverse for Industry 5.0,"Zhenhong Jiang, Nanfeng Ma, Junting Meng, Kesai Wang, Tinbo Xie, Xifan Yao, Jiajun Zhou",International Journal of Computer Integrated Manufacturing,39.0,4-5,p610 - p641,2026,10.1080/0951192x.2025.2556440,09-Sep-2025,https://doi.org/10.1080/0951192x.2025.2556440,456.0,3.0,,,NOT_FOUND
A cyber-physical system architecture based on lean principles for managing industry 4.0 setups,"Ridvan Aydin, Hadi Jaber, Amr Nounou",International Journal of Computer Integrated Manufacturing,35.0,8,p890 - p908,2022,10.1080/0951192x.2022.2027016,01-Feb-2022,https://doi.org/10.1080/0951192x.2022.2027016,920.0,34.0,"Cyber-Physical Systems improve productivity and competitiveness of enterprises by connecting manufacturers with the entire supply chain using information and communications technology. Lean principles are commonly applied to improve processes and create flawless material and information flows. However, integrating lean principles into Industry 4.0 has not been well elaborated in previous studies to address dynamic changes and complex material and information flow in processes. In this study, a comprehensive framework for integrating lean principles and industry 4.0 is proposed for addressing the issues mentioned above. A lean-based architecture is developed in an Industry 4.0 context to enhance connectivity between Industry 4.0 elements and enable better information exchange efficiency with improved decision-making accordingly. Besides, a smart value stream mapping VSM 4.0 is proposed to improve materials and information flow and allow real-time self-decision-making throughout production processes by utilizing the Industrial Internet of Things (IIoT) technologies. The suggested Lean-based Industry 4.0 Architecture integrated with VSM 4.0 allows better system efficiency and responsiveness, controllability, and robustness against random failures.",SemanticScholar,FOUND
To assess smart manufacturing readiness by maturity model: a case study on Taiwan enterprises,"Tzu-Chieh Lin, Margaret L Sheng, Kung Jeng Wang",International Journal of Computer Integrated Manufacturing,33.0,1,p102 - p115,2020,10.1080/0951192x.2019.1699255,09-Dec-2019,https://doi.org/10.1080/0951192x.2019.1699255,2798.0,83.0,"In 2013, the German government implemented the strategic initiative Industry 4.0 to establish itself as a leader in advanced manufacturing and the transformation to digitalisation. Numerous manufacturers continue to explore ways to evaluate and enhance their capabilities to tackle market competition. This empirical study adopts a maturity model that is based on the Economic Development Board’s Singapore Smart Industry Readiness Index. The model will allow companies to conduct self-assessments so that they can systematically and comprehensively align themselves with Industry 4.0. This study conducts a clustering analysis to explore the maturity of Industry 4.0 in Taiwan, the clustering’s index factors, and the impact of key factors on companies’ self-assessment. Classifying 80 Taiwan enterprises into four categories, it shows a significantly positive correlation among process, technology, and organisation. Further, a majority of the 80 companies tested under the maturity model still appear to be immature or partially mature, and needing much improvement and the re-evaluation of their transformation strategies related to Industry 4.0. Finally, the Singapore Smart Industry Readiness Index is suitable to conduct self-assessments in Taiwan-based enterprises. These findings could serve as useful maturity and grouping guidelines for practitioners and researchers.",SemanticScholar,FOUND
Blockchain for supply chain quality management: challenges and opportunities in context of open manufacturing and industrial internet of things,"Tony Gray, Jinying Li, Ananda Maiti, Matthew Springer",International Journal of Computer Integrated Manufacturing,33.0,12,p1321 - p1355,2020,10.1080/0951192x.2020.1815853,08-Oct-2020,https://doi.org/10.1080/0951192x.2020.1815853,2765.0,110.0,"In global Supply Chain Quality Management (SCQM), there are methods to ensure continuity of supply, at appropriate prices while meeting quality standards. But they are limited by the large and fallible role of humans, especially in manufacturing and quality control. Open Manufacturing aims to establish an open network of manufacturers that enables product information sharing among others in the production chain. Realizing the goals of open manufacturing requires processing the large datasets inherent to the production chain partners. But it is difficult to comply with the trust and privacy requirements of the suppliers in a supply chain. This paper presents a comprehensive survey of blockchain and its current and potential use in the industrial context including Industrial Internet of Things (IIoT)-based sensor networks, and the impact of the blockchain technology in manufacturing related areas such as traceability. The focus of this paper is on a potential application of blockchain in SCQM with detailed analysis of its technical feasibility and the methods of transitioning between the current approaches to a blockchain-oriented platform. An innovative use of blockchain to store referral information is also discussed. The survey concludes that blockchain along with IIoT can improve SCQM in an Open Manufacturing model.",SemanticScholar,FOUND
"A multi-methodological framework combining text mining and causal mapping to engage experts, policymakers, and stakeholders in policy design","Leila Abuabara, Alberto Paucar-Caceres, Katarzyna Werner-Masters",Journal of the Operational Research Society,77.0,3,p777 - p792,2026,10.1080/01605682.2025.2499719,05-May-2025,https://doi.org/10.1080/01605682.2025.2499719,238.0,1.0,"Views of experts in a particular field of knowledge are pivotal in shaping the outcomes of public policies. When designing policies, policymakers and stakeholders often struggle to incorporate the views of both experts and those affected by policy implementation. The complexity and volume of data stored from public interviews with experts make it difficult for policymakers to structure themes that could be fully understood and translated into public policy design/implementation. This paper addresses this problem, advancing a multi-methodology framework to facilitate the dialogue between experts, stakeholders, and policymakers. Combining text mining and causal mapping, two (quantitative and qualitative) methods from different paradigms, the proposed methodology aims to overcome the challenge of translating experts’ views into clear themes and patterns that can be embedded into policies. Using a set of media interviews concerning literacy problems in Brazil, the paper demonstrates the framework’s value in linking experts and policymakers. Findings suggest that policymakers could be guided by a list of key themes to bring into focus the main concerns of those potentially affected by the policies. By proposing and testing a novel framework and illustrating, the paper contributes to public policy design and the debate about multi-methodological practice in Operational Research.",SemanticScholar,FOUND
Smart manufacturing: a framework for managing performance,"Milind Akarte, Kanchan Joshi, Shreyanshu Parhi",International Journal of Computer Integrated Manufacturing,34.0,3,p227 - p256,2021,10.1080/0951192x.2020.1858506,31-Dec-2020,https://doi.org/10.1080/0951192x.2020.1858506,1860.0,50.0,"The research proposes a metric referred to as Smart Manufacturing Performance Measures (SMPMs), which are mapped with manufacturing decisions (structural and infrastructural) and manufacturing outputs (cost, quality, delivery, flexibility, and innovativeness). The mapping between manufacturing decisions, manufacturing outputs, and SMPMs, facilitates the organization in choosing SMPMs to deliver desired output as represented by the competitive priority. The approach provides a direction for the practitioners to implement and operate smart manufacturing systems efficiently and effectively by devising a performance measurement system. A total of 22 performance measures are identified through an in-depth literature review. These are further classified into hard and soft measures, which allow decision-makers to measure SMPMs and focus on a specific performance measure. Further, SMPMs is linked to 13 enablers, which are the driving technologies for implementing smart manufacturing systems. Smart manufacturing is evolving, and its implementation is still in the nascent phase. The proposed approach plays a vital role in redefining the manufacturing strategy while deploying smart manufacturing systems. The research contribution is a step-in assessment of smart manufacturing to understand the ‘what’ and ‘how’ of technological changes are transforming the operations and driving outputs.",SemanticScholar,FOUND
Digital twin in manufacturing: conceptual framework and case studies,"Igiri Onaji, Boyang Song, Payam Soulatiantork, Ashutosh Tiwari, Divya Tiwari",International Journal of Computer Integrated Manufacturing,35.0,8,p831 - p858,2022,10.1080/0951192x.2022.2027014,24-Jan-2022,https://doi.org/10.1080/0951192x.2022.2027014,38745.0,245.0,"The digital twin (DT) concept has a key role in the future of the smart manufacturing industry. This review paper aims to investigate the development of the digital twin concept, its maturity and its vital role in the fourth industrial revolution. Having identified its potential functionalities for the digitalisation of the manufacturing industry, the digital twin concept, its origin and perspectives from both the academic and industrial sectors are presented. The identified research gaps, trends and technical limitations hampering the implementation of digital twins are also discussed. In particular, this review attempts to address the research question on how the digital twin concept can support the realisation of an integrated, flexible and collaborative manufacturing environment which is one of the goals projected by the fourth industrial revolution. To address this, a conceptual framework supporting an integrated product-process digital twin for application in digitised manufacturing is proposed. The application and benefits of the proposed framework are presented in three case studies.",SemanticScholar,FOUND
Temperature monitoring system of friction stir welding based on digital twin,"Steven Y Liang, Xiaohong Lu, Yihan Luan, Zhuo Sun, le Teng",International Journal of Computer Integrated Manufacturing,37.0,8,p987 - p1002,2024,10.1080/0951192x.2023.2278113,05-Nov-2023,https://doi.org/10.1080/0951192x.2023.2278113,512.0,13.0,"Temperature field distribution of friction stir welding (FSW) influences weld quality directly, so real-time monitoring of the welding temperature is significant. However, it is difficult to monitor the temperature in the core zone due to mechanical obstructions, material plastic deformation and complex thermal-mechanical coupling. To tackle this issue, this study develops a digital twin-based temperature monitoring system of FSW. Initially, a five-dimensional integrated framework based on the digital twin concept is proposed, outlining the process of building a digital twin-based temperature monitoring system of FSW. Subsequently, a motion simulation model of FSW is established, and synchronous motion simulation of the welding process is achieved. Real-time temperature readings from the FSW workpiece surface are gathered via an infrared thermal imager and synchronously transmitted to the FSW temperature monitoring system using socket communication. Additionally, a predictive model utilizing Support Vector Regression (SVR) is incorporated, enabling real-time and precise prediction of extremum temperatures in the core zone and over-limit alarm functionality. Finally, the temperature monitoring system of FSW, grounded in the digital twin concept and integrating the outlined models and features, is developed and experimentally validated. The system enables operators to exercise timely control over the welding process to ensure weld quality.",SemanticScholar,FOUND
Reducing the incidence of biased algorithmic decisions through feature importance transparency: an empirical study,"Esraa Abdelhalim, Sepideh Ebrahimi, Khaled Hassanein, Milena Head",European Journal of Information Systems,34.0,4,p636 - p664,2025,10.1080/0960085x.2024.2395531,02-Sep-2024,https://doi.org/10.1080/0960085x.2024.2395531,10387.0,20.0,"As firms move towards data-driven decision-making using algorithmic systems, concerns are raised regarding the lack of transparency of these systems which could have ramifications related to users’ trust and the potential for provoking discriminatory decisions. Although previous research has developed methods to improve algorithmic transparency, little empirical evidence exists regarding the extent of the effectiveness of these approaches. Drawing upon Rest’s theory of ethical decision-making and the literature on algorithmic transparency and bias, we investigate the effectiveness of feature importance (FI), a common transparency-enhancing approach, which illustrates the nature and the weights of the features utilised by an algorithm. Through an online experiment employing a fictitious tool that provided recommendations for selecting employees for a promotion-related training programme, we find that FI is effective when biased recommendations include direct discrimination (i.e. when individuals are treated less favourably on protected grounds such as gender); but is of little assistance when discrimination is indirect (i.e. when a criterion or practice that is apparently neutral, disadvantages a group of individuals who are of a protected class). Additionally, we propose a new transparency approach, using aggregated demographic information, to accompany FI in indirect discrimination circumstances and report the results of testing its effects.",SemanticScholar,FOUND
Discrete event simulation and Digital Twins in warehouse logistics: a bibliometric and content analysis-based systematic literature review,"Eleni Aretoulaki, George Plakas, Stavros T Ponis, Dimitra Tzanetou",International Journal of Computer Integrated Manufacturing,,,p1 - p28,5187,10.1080/0951192x.2024.2314772,25-Feb-2024,https://doi.org/10.1080/0951192x.2024.2314772,959.0,15.0,"In Warehouse Logistics (WL), the growing adoption of Industry 4.0 automations coupled with the demand for efficient and almost instantly responsive decision-making has already created a paradigm shift from the traditional Discrete Event Simulation (DES) models into innovative new ones utilizing the inherent functionalities of ‘Digital Twins’ (DTs), one of today’s most disruptive Industry 4.0 technologies. DTs are ‘real-world aware’ through the creation of exact software replicas of actual systems, allowing the convergence of physical and virtual entities and facilitating real-time responsive decision-making. In this paper, a bibliometric and content analysis-based systematic literature review is performed to explore the adoption, implementation and evaluation of DES and DTs in WL. The authors focus on how and to what extent these two methods are integrated into the various WL theoretical and real-life applications to enhance a plethora of performance factors as well as look into their exploitation, as standalone solutions or in tandem with one another and other modelling and simulation approaches, technologies, algorithms, methods, methodologies and strategies in different contexts and environments. Based on the review results, a conceptual framework is proposed combining the multiple perspectives examined, contributing to the systematization and standardization of the field and pinpointing future research directions.",SemanticScholar,FOUND
A digital twin-based modularized design approach for smart warehouses,"Mark Goh, Wenyan Song, Yuan Wang, Zhenyong Wu, Zhitao Xu, Rong Zhou",International Journal of Computer Integrated Manufacturing,37.0,10-11,p1404 - p1425,2024,10.1080/0951192x.2023.2278100,05-Nov-2023,https://doi.org/10.1080/0951192x.2023.2278100,1091.0,21.0,"The rapid emergence and widespread adoption of next-generation information technologies have led to a growing recognition of the need for digitalized warehouse designs. However, creating a digital replica of a physical warehouse in a virtual environment is a complex task. This research introduces a framework for designing smart warehouses based on digital twins, consisting of four key steps: (1) defining the dimensions of the digital twin, (2) establishing a digital twin framework that encompasses the physical warehouse, digital twin, and design processes, (3) implementing modularization techniques for the digital twin, and (4) operating the smart warehouse based on the digital twin. To validate the proposed framework, we present a detailed case study involving a semiconductor manufacturing plant. The results demonstrate the effectiveness of the digital twin-based smart warehouse design and its operational processes.",SemanticScholar,FOUND
"Design, modelling, optimisation and validation of condition-based maintenance in IoT enabled hybrid flow shop","Badri Narayanan, Muthusamy Sreekumar",International Journal of Computer Integrated Manufacturing,35.0,9,p927 - p941,2022,10.1080/0951192x.2022.2028011,13-Jan-2022,https://doi.org/10.1080/0951192x.2022.2028011,384.0,8.0,"Internet of Things (IoT) enabled manufacturing systems can monitor machine health based on real-time data generation, monitoring, control and precise decision-making. In this work, an analytical model-based maintenance scheme is proposed for an IoT-enabled hybrid flow shop (HFS). This model estimates the machine health index by fusing performance metrics data such as cycle time, work in process (WIP) and squared coefficient of variance (SCV) service time. These performance metrics reveal hidden risk factors of the machine’s health state. A particular maintenance activity can be proposed before the failure of the machine based on a threshold value of performance metrics data. The proposed maintenance scheme is optimised using interval type-2 fuzzy logic systems (IT2FLSs). The developed model is also validated with a case study in an IoT-enabled HFS.",SemanticScholar,FOUND
Preconditions and benefits of digital twin-based business ecosystems in manufacturing,"Lea Hannola, Kirsi Kokkonen, Tero Rantala, Tuija Rantala, Minna Saunila, Juhani Ukko",International Journal of Computer Integrated Manufacturing,36.0,5,p789 - p806,2023,10.1080/0951192x.2022.2145022,14-Nov-2022,https://doi.org/10.1080/0951192x.2022.2145022,3351.0,15.0,"Digital twins have been recognized as a remarkable enabler for the growth of service business in manufacturing. This study focuses on the preconditions and benefits related to developing new ecosystem-based services around digital twins. As the digital twin business ecosystem is very complex and the goal of the research was to gain an in-depth knowledge in this field, the empirical evidence builds on qualitative data gathered from six case companies in the manufacturing sector. The results show that at the individual company level, the emergence of the ecosystems is determined by goal orientation and willingness to share information. The expected benefits are related to effective resource utilization, possibilities for co-learning, and new business creation. At the ecosystem level, forming a digital twin business ecosystem requires technical receptivity and common interests and goals among the members, as well as a strong customer-centric approach. At its best, a digital twin business ecosystem provides inter-organizational value for its members. This study provides new insights into developing new ecosystem-based services related to digital twins, both from the service provider and utilizer viewpoints. Further studies could broaden the implications by testing the relationships between specific preconditions and benefits at the company and ecosystem levels.",SemanticScholar,FOUND
A conceptual framework-based architecture strategy for implementing industry 4.0 enabling technologies in Indian commercial vehicle manufacturing plant,"Abinash Jena, Saroj Kumar Patel",International Journal of Computer Integrated Manufacturing,38.0,8,p1161 - p1189,2025,10.1080/0951192x.2024.2387788,12-Aug-2024,https://doi.org/10.1080/0951192x.2024.2387788,194.0,1.0,"From the first industrial revolution to the era of Industry 4.0 (I4.0), Indian manufacturing sectors have undergone significant transformations. The global market’s competitiveness has surged due to the rising demand for customized consumer goods, prompting industries to adopt advanced manufacturing models to maintain their edge. This paper introduces a novel Conceptual Framework-Based Architecture (CFA) using a real-life case study of an Indian commercial vehicle manufacturing plant. The proposed CFA aims to minimize barriers to implementing I4.0 technologies by developing a standardized architecture customized to the Indian manufacturing context. It addresses existing technological requirements and implementation challenges in three phases, considering existing production systems, current technologies, and system needs. The CFA enhances productivity, and transparency through real-time data monitoring, automated system communication, and responsiveness. It also tackles I4.0 implementation challenges between physical and cyber systems, employee adaptability to new technologies, the absence of global standards, and the need for uniform standards in tools, equipment, systems, and data services. The CFA elements were validated for system readiness in an existing manufacturing plant. This framework serves as a reference tool for industrial strategists, decision-makers, policymakers, and researchers, aiding in the integration and configuration of I4.0 technologies in the Indian manufacturing sector.",SemanticScholar,FOUND
A holistic zero-defect manufacturing framework enabled by AI and digital twins for smart production systems,Demiral Akbar,International Journal of Computer Integrated Manufacturing,,,p1 - p29,5187,10.1080/0951192x.2026.2701856,10-Jul-2026,https://doi.org/10.1080/0951192x.2026.2701856,103.0,0.0,,,NOT_FOUND
Merging current health care trends: innovative perspective in aging care,"Miguel Ángel Gandarillas, Nandu Goswami",Clinical Interventions in Aging,13.0,,p2083 - p2095,2018,10.2147/cia.s177286,23-Oct-2018,https://doi.org/10.2147/cia.s177286,1806.0,39.0,"Current trends in health care delivery and management such as predictive and personalized health care incorporating information and communication technologies, home-based care, health prevention and promotion through patients’ empowerment, care coordination, community health networks and governance represent exciting possibilities to dramatically improve health care. However, as a whole, current health care trends involve a fragmented and scattered array of practices and uncoordinated pilot projects. The present paper describes an innovative and integrated model incorporating and “assembling” best practices and projects of new innovations into an overarching health care system that can effectively address the multidimensional health care challenges related to aging patient especially with chronic health issues. The main goal of the proposed model is to address the emerging health care challenges of an aging population and stimulate improved cost-efficiency, effectiveness, and patients’ well-being. The proposed home-based and community-centered Integrated Healthcare Management System may facilitate reaching the persons in their natural context, improving early detection, and preventing illnesses. The system allows simplifying the health care institutional structures through interorganizational coordination, increasing inclusiveness and extensiveness of health care delivery. As a consequence of such coordination and integration, future merging efforts of current health care approaches may provide feasible solutions that result in improved cost-efficiency of health care services and simultaneously increase the quality of life, in particular, by switching the center of gravity of health delivery to a close relationship of individuals in their communities, making best use of their personal and social resources, especially effective in health delivery for aging persons with complex chronic illnesses.",SemanticScholar,FOUND
Knowledge-graph-enhanced disturbance control in manufacturing systems: a state-of-the-art review,"Ruirui Jiang, Jianhua Liu, Fengque Pei, Minghai Yuan, Cunbo Zhuang",International Journal of Computer Integrated Manufacturing,39.0,7,p1009 - p1035,2026,10.1080/0951192x.2025.2509324,23-May-2025,https://doi.org/10.1080/0951192x.2025.2509324,316.0,3.0,"In the context of Industry 5.0, intensified competition and dynamic uncertainty have made efficient control essential for ensuring quality, quantity, and timely delivery in discrete manufacturing systems. However, production processes are vulnerable to unpredictable disturbances with complex, interrelated root causes. This paper reviews the use of knowledge graphs in disturbance control within manufacturing systems to support knowledge sharing and reuse. It first classifies manufacturing disturbances based on factory physics, production bottlenecks, and production factors, considering precedence, impact, and root causes. Next, it examines the integration of knowledge graphs with manufacturing systems, including application scenarios, available datasets, modeling approaches, and Smart Question & Answer systems. The current progress in knowledge-graph-driven disturbance control is then explored, and a disturbance control model based on Physics-Informed Neural Networks (PINNs) is proposed. Finally, the paper summarizes existing research and outlines future directions.",SemanticScholar,FOUND
An open source approach to the design and implementation of Digital Twins for Smart Manufacturing,"Wernher Behrendt, Violeta Damjanovic-Behrendt",International Journal of Computer Integrated Manufacturing,32.0,4-5,p366 - p384,2019,10.1080/0951192x.2019.1599436,13-Apr-2019,https://doi.org/10.1080/0951192x.2019.1599436,3884.0,135.0,"This paper discusses the design of a Digital Twin (DT) demonstrator for Smart Manufacturing, following an open source approach for implementation. Open source technology can comprise of software, hardware and hybrid solutions that nowadays drive Smart Manufacturing. The major potential of open source technology in Smart Manufacturing lies in enabling interoperability and in reducing the capital costs of designing and implementing new manufacturing solutions. After presenting our motivation to adopt an open source approach for the design of a DT demonstrator, we identify the major implementation requirements of Smart Cyber Physical Systems (CPSs) and DTs. A conceptualisation of the core components of a DT demonstrator is provided and three technology building blocks for the realisation of a DT have been identified. These technology building blocks include components for the management of data, models and services. From the conceptual model of the DT demonstrator, we derived a high-level micro-services architecture and provided a case study infrastructure for the implementation of the DT demonstrator based on available open source technologies. The paper closes with research questions to be addressed in the future.",SemanticScholar,FOUND
"Examining smart manufacturing challenges in the context of micro, small and medium enterprises","Anjali Awasthi, Bhaskar B Gardas, Balkrishna E Narkhede, Vaibhav S Narwane, Rakesh D Raut",International Journal of Computer Integrated Manufacturing,35.0,12,p1395 - p1412,2022,10.1080/0951192x.2022.2078508,29-May-2022,https://doi.org/10.1080/0951192x.2022.2078508,897.0,35.0,"Smart manufacturing is transforming the industry, and its adoption offers significant benefits to manufacturers, suppliers and customers, such as enhanced organisational performance, competitive advantage, mass customisation, improved sustainability and better collaboration. The objective of this research is to identify the implementation barriers of smart manufacturing and to explore the cause–effect relationship between them using a fuzzy-based Decision Making Trial and Evaluation Laboratory (DEMATEL) approach. Through expert opinions and literature review, 20 barriers to smart manufacturing adoption were identified. The results showed that ‘lack of product digitisation’, ‘lack of ubiquitous design and manufacturing setup’, ‘resistance to change’, ‘lack of data synchronisation’ and ‘lack of high tech infrastructure support’ were the significant barriers in the Indian Micro, Small and Medium Enterprises (MSMEs). The paper intends to guide the managers, governmental organisations and smart manufacturing service providers to formulate effective smart factory adoption strategies in the manufacturing domain.",SemanticScholar,FOUND
A digital twin-driven part spatio-temporal quality prediction framework integrated with equipment degradation state analysis,"Pengde Huang, Pei Wang, Sheng Yang, Jinhua Zhou",International Journal of Computer Integrated Manufacturing,37.0,10-11,p1270 - p1293,2024,10.1080/0951192x.2024.2335972,03-Apr-2024,https://doi.org/10.1080/0951192x.2024.2335972,318.0,3.0,"Key parts in high-value equipment have critical requirements of high precision and performance. The machining processes of such parts normally involve multiple stations. Therefore, the machining quality of finished parts is an accumulated result of process chains (multi-stations, i.e. spatiodimension) and machine state conditions over different parts in batches (i.e. temporal dimension), which makes quality prediction difficult. Current quality prediction methods have no consideration of equipment state degradation (ESD) or simply investigate a single machine. To improve the prediction accuracy of machining quality, a digital twin-driven part spatio-temporal quality prediction (DT-PSTQP) framework for multi-stage machining processes (MMP) is proposed with full considerations of multi-machine processes and multi-state machine degradation. The relationship graph analysis (RGA) is used to classify continuous ESD into limited discrete states to construct MMP reconstruction module. The DT-QPL module is a collection of quality prediction models that are trained with the refined sub-datasets obtained by MMP reconstruction. The proposed framework and the three models are validated through a thin-walled part production line. The results show that the proposed framework can help to improve the quality prediction average accuracy by 18.8% compared to the traditional framework without DT-PSTQP.",SemanticScholar,FOUND
Contrasting digital twin vision of manufacturing with the industrial reality,"Mikkel Stein Knudsen, Jyrki Savolainen",International Journal of Computer Integrated Manufacturing,35.0,2,p165 - p182,2022,10.1080/0951192x.2021.1972471,03-Sep-2021,https://doi.org/10.1080/0951192x.2021.1972471,857.0,15.0,"This paper discusses the value proposition of a system-level Digital Twin (DT) in the context of complex manufacturing processes from the managerial perspective. The central promise of DT-technology is to use and iterate the available real-time process information in a simulation setting transforming it instantly to operational or managerial-level decision-making implications. Despite the clear potential of this emerging technology, a gap of knowledge exists on how such DT could be implemented and what would be its defining features. The key contribution of this research is to lay out the central discrepancies between the promise of digital twin technology vision versus what is possible within the limits of current industrial infrastructure in the short- and mid-term. This research builds on the currently existing scientific literature which we use to point out ten foundational issues of system-level digital twins that are analyzed and discussed in detail. As a conclusion, we propose that large system-level DT-projects have a managerial rationale only when several preliminary conditions are met and fulfilled.",SemanticScholar,FOUND
Unlocking factors of digital twins for smart manufacturing: a case of emerging economy,"Bhaskar B Gardas, Angappa Gunasekaran, Vaibhav S Narwane",International Journal of Computer Integrated Manufacturing,37.0,10-11,p1463 - p1493,2024,10.1080/0951192x.2023.2257655,21-Sep-2023,https://doi.org/10.1080/0951192x.2023.2257655,492.0,17.0,"The Industry 4.0/smart manufacturing paradigm has significantly changed the activities and processes of organizations. Emergent smart manufacturing technology called a ‘Digital Twin’ (DT) aids organizations in enhancing overall performance by creating a virtual prototype of a real system. However, DT technology adoption in emerging economies is in the nascent stage. This research aims to identify the determinants affecting the adoption of DT technology in Indian manufacturing firms. Based on an extensive literature survey and experts’ opinions, 14 determinants were identified, and these determinants were analyzed using a hybrid multi-attribute decision-making approach to understand the contextual relationship and to identify the cause–effect relationship amongst them. Based on these results, the most critical determinants were explored, namely ‘Real-time system operations and tracking’, ‘Integration, the convergence of systems, processes & resources and enterprise collaboration’, ‘Information and Data management within or between the systems’. The manufacturing organizations of emerging economies need to consider these determinants for the effective adoption of DT technology, and policymakers can use the findings of this study to develop appropriate strategies.",SemanticScholar,FOUND
User-centred cloud service adaptation: an adaptation framework for cloud services to enhance user experience,"Adamantios Koumpis, Nicolaos Protogeros, Katerina Tzafilkou",International Journal of Computer Integrated Manufacturing,30.0,4-5,p472 - p482,2017,10.1080/0951192x.2015.1030697,14-Apr-2015,https://doi.org/10.1080/0951192x.2015.1030697,561.0,7.0,,,NOT_FOUND
A fast scene geometric modeling approach for digital twins combining neural rendering and model retrieval,"Jingsong Bao, Chaofan Lv, Zhiqiang Sun, Hangbin Zheng",International Journal of Computer Integrated Manufacturing,38.0,4,p501 - p519,2025,10.1080/0951192x.2024.2350539,13-May-2024,https://doi.org/10.1080/0951192x.2024.2350539,245.0,7.0,"Digital twin technology is a crucial driving technology for the realization of Industry 4.0, which enables simulation, analysis, and prediction by constructing geometric scenes that correspond to physical scenes. Current automation in scene modeling is limited, relying heavily on costly and inefficient manual operations. This hinders digital twin technology progress. This paper proposes a framework for a fast scene geometric modeling method that combines neural rendering and model retrieval for digital twins. Neural rendering techniques first train the collected image data, and the point cloud data of physical entities are rendered. Then based on the semantic mapping algorithm between the point cloud data of physical entities and the multi-view image data of 3D CAD models proposed in this study, the corresponding geometric models are retrieved from the geometric asset library by inputting the point cloud data, and all the retrieved geometric models are embedded in the geometric scene to complete the scene geometric modeling. Finally, in a case study of the digital twin-based scene construction for decommissioned lithium battery dismantling, the effectiveness of this method is demonstrated, which can improve the speed and reduce the cost of scene geometric modeling.",SemanticScholar,FOUND
"Big tech, knowledge predation and the implications for development","Bengt-Åke Lundvall, Cecilia Rikap",Innovation and Development,12.0,3,p389 - p416,2022,10.1080/2157930x.2020.1855825,07-Dec-2020,https://doi.org/10.1080/2157930x.2020.1855825,4833.0,91.0,"This paper focuses on tech giants as active drivers of a phase of globalization characterized by growth in digital services trade combined with a general shift to intangible assets. By analysing how Google, Amazon and Microsoft organize their innovation activities, we show that they continuously monopolize knowledge while outsourcing innovation steps to other firms and research institutions. The paper compares science and technology collaborations with patent co-ownership suggesting knowledge predation from those other organizations. We also highlight that selected tech giants combine the collection of innovation rents with rents from exclusive access to data. We, therefore, refer to tech giants as data-driven intellectual monopolies, each organizing and controlling a global corporate innovation system (CIS). Intellectual monopolies predate knowledge (including data when they are data-driven) from their CIS that they turn into intangible assets. The paper ends with reflections on the implications for innovation and development.",SemanticScholar,FOUND
Understanding vulnerabilities in cyber physical production systems,"Zied Ghrairi, Muhammad Idrees, Azfar Khalid, Zeashan Hameed Khan, Pierre Kirisci, Jürgen Pannek, Klaus-Dieter Thoben",International Journal of Computer Integrated Manufacturing,35.0,6,p569 - p582,2022,10.1080/0951192x.2021.1992656,28-Oct-2021,https://doi.org/10.1080/0951192x.2021.1992656,3536.0,34.0,"Development of future manufacturing systems is featured with flexibility, mass customization, intelligence and context based learning to produce smart products. These production systems are characterized through networked, cooperating objects called cyber physical systems (CPSs). From the manufacturing perspective, the ability to communicate data and develop interaction between devices, manufacturing machinery, raw materials, working robots, humans and the plant environment develops the concept of cyber physical production systems (CPPS). Human-robot collaboration is a technology area that will be an integrated part of the future factory floor and the CPPS. With the involvement of human part in the automated system industrial scenarios, practical safety issues are expected to arise in the connected environment due to the use of a large number of devices, sensors, and cloud services causing complex network, IP conflicts, compromised nodes and communication issues. This all may lead to occupational safety issues on the factory floor in different ways and combinations. Overall, the system’s physical vulnerability will be increased in the context of compromised connected working space and cyber-security. In this paper, the authors developed a risk assessment based on system vulnerability of a CPPS developed for a use case requirement and performed a simulated approach by launching a cyber-attack and measuring the causal effect to identify implications on human worker safety.",SemanticScholar,FOUND
A review and assessment of 3D CAD model retrieval in machine-part design,"Maolin Cai, Fangwei Ning, Yan Shi, Xiaomeng Tong, Weiqing Xu",International Journal of Computer Integrated Manufacturing,38.0,6,p752 - p774,2025,10.1080/0951192x.2024.2382196,23-Jul-2024,https://doi.org/10.1080/0951192x.2024.2382196,883.0,10.0,"With the widespread adoption of digital modeling and manufacturing technologies, the volume of 3D CAD model data is rapidly increasing. Reusing existing resources can shorten new product development cycles, reduce development costs, and improve the performance and quality of new products. This paper provides an overview of the advancements in 3D model retrieval technology within the design process. Based on the dimensions of query models, the research progress in 3D CAD model retrieval is systematically summarized and discussed. This encompasses methods based on 3D models (including statistical retrieval, geometric shape analysis, and topology analysis methods), 2D images (such as view mapping and multiview projection methods), and semantic technologies (including ontology retrieval and knowledge graph retrieval methods), all considered in light of design stage requirements. This review outlines the challenges associated with retrieving 3D CAD models in part design, discusses the principles underlying existing retrieval methods, reviews recent research progress in this area, systematically examines the strengths and weaknesses of each method, and suggests future research and development directions.",SemanticScholar,FOUND
Automated fault detection for additive manufacturing using vibration sensors,"Antônio Augusto Fröhlich, Roberto Milton Scheffel, Marco Silvestri",International Journal of Computer Integrated Manufacturing,34.0,5,p500 - p514,2021,10.1080/0951192x.2021.1901316,22-Mar-2021,https://doi.org/10.1080/0951192x.2021.1901316,1789.0,55.0,"Online process control is a crucial task in modern production systems that use digital twin technology. The data acquisition from machines must provide reliable and on-the-fly data, reflecting the exact status of the ongoing process. This work presents an architecture to acquire data for an Additive Manufacturing (3D printer) process, using a set of consolidated Internet of Things (IoT) technologies to collect, verify and store these data in a trustful and secure way. The need for online monitoring and fault detection is addressed by the development of a classifier using Convolutional Neural Networks. This deep learning approach, using temporally aligned vibration data provided by the underlying architecture, allows raw data processing to detect patterns without signal pre-processing and without domain-specific knowledge for model building.",SemanticScholar,FOUND
JavaScript MEAN stack application approach for real-time nonconformity management in SMEs as a quality control aspect within Industry 4.0 concept,"Milan Erić, Yury Klochkov, Milan Mišić, Tijana Petrović, Miladin Stefanovic, Aleksandar Đorđević",International Journal of Computer Integrated Manufacturing,37.0,5,p630 - p651,2024,10.1080/0951192x.2023.2228274,26-Jun-2023,https://doi.org/10.1080/0951192x.2023.2228274,181.0,5.0,"Throughout industrialisation, and hence, in the Industry 4.0 era, manufacturing organisations strived to minimise nonconformities and reach zero defect manufacturing. This paper aims to propose a software solution for the detection of nonconformities and the definition of preventive and corrective actions that expands the use of edge devices in compliance with the Industry 4.0 paradigm. The software solution design presented hereafter is based on JavaScript frameworks combined in MEAN stack. The main contributions of this paper reflect in the presentation of the software solution, which allows an affordable identification and reporting of the nonconformities amidst heavy workload, integrated with other software modules for the quality analysis, problem solving, and in the comparison of the execution and subsequent performance between the established solution and prevalently used solutions based on scripting language and a relational database for a similar purpose. One-way ANOVA tests were carried out so that the performance of the considered technologies could be compared. The novelty aspects of this research are the utilization of the presented solution for real-time nonconformity categorization and the comparison to prevalently used solutions, which indicate that the proposed solution is reliable and that it performs database queries at a rate that is relatively effective.",SemanticScholar,FOUND
Fast inline inspection: vision system for geometric deviation measurement and early defect detection in smart manufacturing,"Horacio Ahuett-Garza, Pedro Orta-Castanon, Christopher Saldana, Alberto Vazquez-Nava",International Journal of Computer Integrated Manufacturing,39.0,7,p913 - p936,2026,10.1080/0951192x.2025.2503316,10-May-2025,https://doi.org/10.1080/0951192x.2025.2503316,104.0,1.0,"Part inspection is a critical activity in manufacturing because it seeks to prevent defective parts from being delivered to the end user. Inspection processes are generally carried out by a combination of gauging, offline measurements, and sampling runs aided by statistical analysis techniques. Gauging is a fast process, but it is intended to validate compliance with specs and render limited measurement information. Other full measurement processes are time-consuming. There is a trend in the industry to verify all critical dimensions of all parts without affecting production rates. Current inspection practices are not suitable for this new demand. In this work, an inline inspection process for geometric deviations of critical features was built by implementing Industry 4.0 tools (Fog and Cloud Computing, Internet of Things, and Artificial Intelligence), and computer vision. This system can collect measurement data from image analysis, compare it to GD&T specifications as parallelism and flatness, and report the results within the manufacturing process time, making information available in a timely manner, without hindering production rates and reducing cycle time by more than 90% compared to other measurement methods. Measuring cycle times are within the range of typical manufacturing processing times used in applications such as automobile production.",SemanticScholar,FOUND
Toward cyber-physical systems for monitoring and analyzing energy consumption of machine tools,"Hyoung Seok Kang, Ju Yeon Lee",International Journal of Computer Integrated Manufacturing,37.0,12,p1495 - p1516,2024,10.1080/0951192x.2024.2314778,23-Feb-2024,https://doi.org/10.1080/0951192x.2024.2314778,280.0,6.0,"This paper presents a digital twin and cyber-physical systems (CPS) environment for monitoring and analyzing the energy consumption of machine tools. Machine tools, which account for a large portion of the manufacturing industry, should be developed in response to environmental issues through carbon neutrality and digital transformation for the Fourth Industrial Revolution. The digital twin, which is at the core of CPS, must support the visualization and analysis of energy consumption issues from various perspectives, and at the same time, support multi-faceted analyses. In this paper, a digital twin that supports the monitoring and analysis of the energy consumption of machine tools and an established CPS environment are proposed. The digital twin consists of a static model containing structural information, a dynamic model expressing the behavior of the object, a visualization model containing a three-dimensional model, and a configuration model linking those three together. In addition, a CPS environment that supports this is implemented through a commercial internet-of-things platform. Lastly, the practicality of the proposed model and system are verified through case studies and a comparative analysis. This research is expected to prompt innovation in the development of cutting-edge machine tools that are more intelligent and closer to carbon neutrality.",SemanticScholar,FOUND
Exploiting a combined process mining approach to enhance the discovery and analysis of support processes in manufacturing,"Antonio Davide Ciappina, Giovanni Lugaresi, Andrea Matta, Monica Rossi",International Journal of Computer Integrated Manufacturing,36.0,2,p169 - p189,2023,10.1080/0951192x.2022.2090024,22-Jun-2022,https://doi.org/10.1080/0951192x.2022.2090024,632.0,9.0,"Recently, production plants have become very complex environments, in which the final output is the result of the favourable interplay of several processes. Successful production management strictly depends on the ability to grasp the current disposition of both physical and managerial processes. To achieve this goal, the use of structured data-based methods has proved to be very effective. Yet, literature lacks successful applications, especially regarding production support processes (e.g., order acquisition, procure-to-pay), which are directly connected to the overall system performance. This work proposes an approach to enabling automated mapping and controlling of production support processes starting from available datasets. The limitations of existing methodologies are addressed by exploiting the combined application of two process mining algorithms: heuristic and inductive miner. The managerial implications are described within the application to a real case study, in which the main phases of the procure-to-pay process of a manufacturing company are identified and analysed automatically. The proposed approach proves its effectiveness in the context of application. The numerical results demonstrate that process mining can effectively identify improvements not only to physical processes but also to information flows and support processes that are crucial for guaranteeing the prosperity of an enterprise.",SemanticScholar,FOUND
Assessing smart manufacturing by combining IT systems and enabling technologies in a fuzzy cognitive maturity model,"Andreas S Andreou, Margherita Bernabei, Andreas Christoforou, Silvia Colabianchi, Francesco Costantino, Francesco Leotta, Jerin George Mathew, Massimo Mecella, Flavia Monti",International Journal of Computer Integrated Manufacturing,39.0,6,p842 - p864,2026,10.1080/0951192x.2025.2501582,08-May-2025,https://doi.org/10.1080/0951192x.2025.2501582,254.0,4.0,"In the current industrial landscape, digitization is essential for the survival and growth of companies of all sizes. The adoption of new technologies and organizational structures is critical as companies navigate complex digital transformations. While Maturity Models (MMs) offer significant support in these endeavors, existing models often overlook the integration of Information Technology systems, leading to gaps in assessing digital maturity. This paper addresses these shortcomings by (1) proposing a Fuzzy Cognitive Maps based MM which adeptly captures the causal relationships among IT systems and enabling technologies, and (2) defining and testing a methodology for constructing such a model with inputs from both industry experts and academic researchers. The new MM provides a holistic assessment of smart manufacturing maturity and outlines clear, context-specific pathways for digital transformation. A key feature of the proposed model is its practical applicability, demonstrated through a detailed case study, which validates the MM by applying it to a real-world manufacturing setting, assessing current digital maturity levels, and simulating various improvement scenarios. The results illustrate significant enhancements in digital maturity, affirming the model’s practical value. This evidence supports the MM’s utility in guiding companies toward informed digital advancements, with potential adaptations for specific markets and needs.",SemanticScholar,FOUND
Barriers and strategies of smart factory evolution in industry 4.0: an empirical study,"Anthony Bagherian, Subhodeep Mukherjee, Arun Lal Srivastav",International Journal of Computer Integrated Manufacturing,39.0,1,p65 - p97,2026,10.1080/0951192x.2025.2461055,11-Feb-2025,https://doi.org/10.1080/0951192x.2025.2461055,398.0,9.0,"This study investigates the barriers and strategies related to the installation of smart factories in the manufacturing domain, focusing on the manufacturing industry and applying the findings to a German firm to verify the study outcomes. Forty-seven performance variables were evaluated and graded in nine major groups applying the Best Worst Method (BWM), exposing important variables that affect the smart factory’s installation. It resurfaced that connectivity, technological limitations, and the complexity layer were found to be substantial roadblocks, and the need for an adaptable software platform and a robust IT architecture would be imperative. Nonetheless, it was also disclosed that e-waste and conserving energy were major sources of the obstacles to smart manufacturing adoption. The investigation disclosed that ethical issues were perceived as essential to both societal and employee psychological safety, as well as information governance. Theoretical implications emphasize the essence of integrating acquired findings by highlighting and prioritizing pertinent obstacles, incorporating feasible solutions, and deepening our awareness of particular issues similar to e-waste and ethical supply chain management. The contributions of business comprise concepts on how to efficiently design and operate smart manufacturing, including a strategic blueprint, comprehensive prioritization, and continuous adaptability.",SemanticScholar,FOUND
Determination of the machine energy consumption profiles in the mass-customised manufacturing,"Rafal Cupek, Marek Drewniak, Adam Ziebinski, Dariusz Zonenberg",International Journal of Computer Integrated Manufacturing,31.0,6,p537 - p561,2018,10.1080/0951192x.2017.1339914,12-Jun-2017,https://doi.org/10.1080/0951192x.2017.1339914,515.0,25.0,,,NOT_FOUND
A novel fluid architecture for cyber-physical production systems,"R Beregi, I Mezgár, G Pedone",International Journal of Computer Integrated Manufacturing,32.0,4-5,p340 - p351,2019,10.1080/0951192x.2019.1571239,17-Feb-2019,https://doi.org/10.1080/0951192x.2019.1571239,507.0,19.0,"Cloud computing has revolutionised the conceptualisation of IT environments in most fields of the economy. Nevertheless, it still requires adequate pre-requisites both in the business strategy and the computational architecture to be adopted successfully and profitably. This is especially true in the context of manufacturing where production services are very sensitive with respect to their distribution and localisation within the boundaries of the computing constellation. The paper aims at clarifying the concept and the application of Fluid Computing in Cyber-Physical Productions Systems, connecting the idea of computational sedimentation to the novel Fluid Manufacturing Architecture (FMA). The FMA encompasses the computing layers of cloud, fog, edge and mist, and extends them with a new one called Dew. The Dew represents the entry point where manufacturing legacy devices are converted into network-able, embedded components for the distributed production scenarios of Industry 4.0. The application of the FMA in a pilot factory has been investigated. The preliminary results of an agent-based simulation case-study for collaborative manufacturing services within the FMA are finally presented.",SemanticScholar,FOUND
A novel real data-driven springback prediction method for roll forming based on digital twin,"Jie Dong, Junlang Guo, Yinwang Ren, Yong Sun, Kang Wu, Junfeng Xiao, Ziliu Xiong",International Journal of Computer Integrated Manufacturing,39.0,2,p318 - p337,2026,10.1080/0951192x.2025.2478012,20-Mar-2025,https://doi.org/10.1080/0951192x.2025.2478012,405.0,1.0,"Digital twins (DT) have emerged as a key technology for quality control in manufacturing, particularly in roll forming—a lightweight, energy-efficient metal sheet forming process. However, springback during roll forming poses significant challenges to product quality, as it is difficult to predict accurately using static parameters and simulations. This study develops a DT model for roll forming, proposing a method to collect real-time production data, including static, dynamic, and streaming data. Using cleaned data, predictive algorithms such as Multi-Layer Perceptron (MLP), Support Vector Regression (SVR), and Incremental Learning with Stochastic Gradient Descent (IL-SGD) are employed. IL-SGD outperforms others with a determination coefficient of 0.91 (the 0.86 of MLP and the 0.83 of SVR) and a mean absolute error of 0.1344, effectively addressing material property fluctuations and improving regression analysis. The research demonstrates the successful application of DT and predictive algorithms in roll forming, offering practical solutions for data classification and management in production. .",SemanticScholar,FOUND
Production planning and scheduling in Cyber-Physical Production Systems: a review,"Mariano Frutos, Daniel Alejandro Rossit, Fernando Tohmé",International Journal of Computer Integrated Manufacturing,32.0,4-5,p385 - p395,2019,10.1080/0951192x.2019.1605199,19-Apr-2019,https://doi.org/10.1080/0951192x.2019.1605199,2891.0,97.0,"The study of scheduling procedures has generated important contributions to the improvement of productivity in different industrial branches. In recent years, the incorporation of high technology to production systems brought the advent of a ‘fourth industrial revolution’, Industry 4.0. One of the mainstays of Industry 4.0 is the application of Cyber-Physical Systems (CPS), which are physical production systems that incorporate sophisticated computational tools. This implies embedding computers, enabling a real-time connection between workstations and Decision Support Systems. It seems natural, in this setting, to associate scheduling schemes to CPS. This allows streamlining the decision-making process, allowing more flexible and lean production lines. We review here the most salient contributions on scheduling in these environments. We distinguish between work on the basic issues of scheduling and that on scheduling as part of higher-level production planning activities. To frame correctly this distinction we analyse how CPS can embody the different levels of the ISA-95 structure and how this relates to the classical structure of production planning. Our review suggests that the real-time availability of information will have a significant impact in this area and that scheduling will be solved in the future in decentralised decision processes.",SemanticScholar,FOUND
Digital twin-driven parameter change propagation path optimization for production line variant design,"Jiewu Leng, Qiang Liu, Douxi Yan, Jiafeng Yang, Ding Zhang",International Journal of Computer Integrated Manufacturing,,,p1 - p17,5187,10.1080/0951192x.2023.2294460,17-Dec-2023,https://doi.org/10.1080/0951192x.2023.2294460,297.0,8.0,"Current mass individualization requires that production lines for processing products be able to quickly vary to adapt to product changes. The variation and propagation of parameters have a central role in the variation process of a flexible production line, which increases the complexity of the design due to the non-unique propagation path of the variation. Obtaining the optimal variant design scheme has become a major challenge for designers. This paper aims to develop a method to determine optimal paths of change propagation. The digital twin-driven framework of parameter correlation path instantiation is presented. The high-fidelity simulation capability of digital twinning will contribute to the fast variant design of flexible production lines at low cost of trial and error. Then, a parameter variation search algorithm based on multi-fork tree has been proposed. The optimal variation design scheme has been achieved for the optimal propagation path of parameter variation from the perspectives of cost, time and complexity. A prototype verification system of production line design based on digital twin is developed to support the instantiation design of parameter change propagation path. An example of mobile phone welding assembly lines was taken to verify the effectiveness of the method.",SemanticScholar,FOUND
"A cyber physical production system framework for online monitoring, visualization and control by using cloud, fog, and edge computing technologies","Christoph Herrmann, Rishi Kumar, Kuldip Singh Sangwan, Sachin Thakur",International Journal of Computer Integrated Manufacturing,36.0,10,p1507 - p1525,2023,10.1080/0951192x.2023.2189312,15-Mar-2023,https://doi.org/10.1080/0951192x.2023.2189312,1847.0,11.0,"Cyber physical production system (CPPS) is an essential prerequisite to facilitate online monitoring, visualization, and control in a smart manufacturing system. The goal of this paper is to provide a proof of concept by proposing a CPPS framework, based on complementing cloud, fog and edge computing technologies, to demonstrate the real-time online monitoring, visualization, and control of a conventional 3D printer. The proposed methodology was successfully used for online detection and control of part defects, filament runouts, and smoke generation. The proposed methodology was also used to acquire, monitor, and visualize energy consumption, relative humidity, temperature, volatile organic compounds, particulate matters, and acceleration during 3D printing. The present work utilizes the computing technologies where they do not compete, but instead complement each other to enable intelligent capabilities and online sharing of resources which are scalable, reliable, and efficient. The proposed CPPS framework can be extended to provide low-cost solutions to micro, small and medium enterprises to convert their traditional critical equipment for real-time monitoring, visualization, control, and analytics.",SemanticScholar,FOUND
Research on dynamic scheduling and perception method of assembly resources based on digital twin,"Juan Li, Wengzhe Ren, Yao Wang, Yunrui Wang, Zhengli Wu",International Journal of Computer Integrated Manufacturing,37.0,1-2,p149 - p164,2024,10.1080/0951192x.2023.2257650,14-Sep-2023,https://doi.org/10.1080/0951192x.2023.2257650,263.0,10.0,"The uncertainty and dynamic changes in assembly resources can seriously affect the normal operation of the assembly plant. In response to the problems of incomprehensive resource control mechanism, poor timeliness of monitoring data, and low level of scheduling intelligence in the assembly plant, a dynamic scheduling and perception method of assembly resources based on digital twin is proposed so that the uncertainties in the assembly process can be monitored and dealt with in time. In this paper, a dynamic scheduling model of assembly resources based on a digital twin is constructed, and the operation mechanism of assembly resources in the constructed digital twin model is expounded. And the dynamic perception method of assembly resources based on the Petri network is studied in detail, and the perception and interaction models of four assembly resources in the product assembly process are constructed: workpiece, handling equipment, assembly center, and storage area. Finally, combined with the assembly workshop of enterprise A’s frame factory, the Petri network model is simulated with the help of the CPN Tools simulation tool to obtain real-time and simulation data such as assembly resources and workstation operation time are obtained, which provides a scientific basis for the smooth implementation of enterprise assembly plan and dynamic scheduling of assembly resources.",SemanticScholar,FOUND
A framework to integrate novelty detection and remaining useful life prediction in Industry 4.0-based manufacturing systems,"Laura Cattaneo, Marco Macchi, Adalberto Polenghi",International Journal of Computer Integrated Manufacturing,35.0,4-5,p388 - p408,2022,10.1080/0951192x.2021.1885062,18-Mar-2021,https://doi.org/10.1080/0951192x.2021.1885062,674.0,7.0,"The capability to predict the behaviour of machines is nowadays experiencing a tremendous growth of interest within Industry 4.0-based manufacturing systems. The route to this end is not straightforward when Run-To-Failure (RTF) data are poorly available or not available at all, thus a strategy must be properly defined. In this proposal, assuming no RTF data, a novelty detection is combined with random coefficient statistical modelling for Remaining Useful Life (RUL) prediction. This approach is formalized by means of a reference framework extending the ISO 13374 – OSA-CBM standards. The framework guides the integration of novelty detection and RUL prediction finally implemented in the scope of a Flexible Manufacturing Line part of the Industry 4.0 Lab of the School of Management of Politecnico di Milano.",SemanticScholar,FOUND
Surface roughness prediction framework for flank milling Ti6Al4V alloy based on CLBAS-BP algorithm,"Steven Y Liang, Xianli Liu, Yiyuan Qin, Yanming Sun, Lihui Wang, Xudong Wei, Caixu Yue",International Journal of Computer Integrated Manufacturing,36.0,6,p830 - p841,2023,10.1080/0951192x.2022.2145024,07-Dec-2022,https://doi.org/10.1080/0951192x.2022.2145024,351.0,2.0,"In the process of milling titanium alloy, workpiece surface roughness is mainly affected by cutting parameters, tool angle, tool shape and system vibration. There is a complex highly nonlinear relationship among these factors, which makes it impossible to build an accurate mathematical model. Therefore, an effective surface roughness prediction method is of great significance to improve machining efficiency and reduce machining cost. In this paper, taking flank milling Ti6Al4 V alloy as an example, a surface roughness prediction framework (SRPF) based on CLBAS-BP algorithm is proposed. Chaotic Lorentz system and Lévy flight strategy are used to optimize BAS algorithm, which can improve local search ability, solution precision and convergence speed. CLBAS-BP algorithm has higher prediction accuracy than other algorithms, and can predict workpiece surface roughness with various cutting parameters. This study provides the technique foundation for improving the high-precision manufacturing of products.",SemanticScholar,FOUND
Decision-making in smart manufacturing: A framework for performance measurement,"Milind Akarte, Kanchan Joshi, Shreyanshu Parhi",International Journal of Computer Integrated Manufacturing,36.0,2,p190 - p218,2023,10.1080/0951192x.2022.2048420,22-Mar-2022,https://doi.org/10.1080/0951192x.2022.2048420,1120.0,24.0,"The deployment of smart manufacturing technologies like communication, computing, sensors, cyber-physical systems, simulation, and data sciences has enabled the operational transformations of the factory ecosystem. Therefore, it is essential to monitor the alterations commenced by the business due to smart manufacturing implementation. Smart Manufacturing Performance Measures (SMPMs) are used to evaluate operational transformations realized through digitalization of systems. However, there is no reported work focusing on the quantification of SMPMs. This study addresses the research gap by defining potential indicators to quantify SMPMs referred to as smart manufacturing performance indicators (SMPIs) identified through literature review methodology. The SMPIs are discussed in detail besides their mathematical expression advocated through in-depth literature study. Further, a conceptual framework for decision-making in smart manufacturing environment based on SMPIs is proposed. The conceptual framework provides guidelines to plan and select the preferred focused manufacturing output and the relevant set of SMPIs contributing to the outputs for expediting effective smart manufacturing implementation. The research findings are beneficial for the managers and consultants to gauge the potential structure of measurement that can be used to evaluate smart manufacturing systems’ performance.",SemanticScholar,FOUND
Information exchange and knowledge discovery for additive manufacturing digital thread: a comprehensive literature review,"Nabil Anwer, Renan Bonnard, Benoît Eynard, Chao Huang, Hailong Huang, Eujin Pei, Jinhua Xiao",International Journal of Computer Integrated Manufacturing,38.0,8,p1052 - p1077,2025,10.1080/0951192x.2024.2387768,14-Aug-2024,https://doi.org/10.1080/0951192x.2024.2387768,466.0,9.0,"With the information integration and intelligent embedding of Additive Manufacturing (AM) in intelligent industrial system applications, the information interoperability and knowledge discovery are becoming an infrangible trend that provide efficient data and knowledge-driven approaches for intelligent AM supports. STEP-NC standards in the specific AM digital thread are recognized as a potential means that can be used to explore multi-source data and knowledge analysis to support AM information exchange and knowledge discovery. As a comprehensive review of the related literatures, AM digital thread has deeply been discussed to analyse the information exchange and knowledge discovery for STEP-NC implementations. Furthermore, the STEP-NC for CNC has been reviewed to extend the possibility of STEP-NC for AM with ontology-based knowledge discovery by loads of literatures. In order to deeply explore the integration of STEP-compliant data transfer and knowledge discovery, ontology-based modelling approach and STEP-NC data transfer can be further discussed by combining the application of OntoSTEP-NC to review the literatures of data and knowledge-driven AM supports.",SemanticScholar,FOUND
"Bibliometric Analysis of Artificial Intelligence Applications in Libraries: Trends, Authorship Patterns, and Global Collaboration","Anita Helen, Md Nurul Islam",The Serials Librarian,87.0,3-4,p165 - p182,2026,10.1080/0361526x.2026.2640464,12-Mar-2026,https://doi.org/10.1080/0361526x.2026.2640464,246.0,1.0,"This study aims to explore AI applications in libraries by conducting a bibliometric analysis of the related research from 2015 to 2024. Using Scopus as the primary database, 196 documents were selected after refining and cleaning the dataset to focus on articles published in English during the specified period. The analysis reveals trends in authorship, collaboration patterns, and the global distribution of research, highlighting key contributors and institutions. The findings show a sharp increase in publications and citations, particularly from China, the USA, and India, signifying a growing interest in AI in libraries. The study also applies Lotka’s Law to examine author productivity, revealing that a small group of prolific authors accounts for a majority of the publications. This research identifies significant contributors, countries, and affiliations, providing a comprehensive overview of AI in libraries and offering insights into emerging research trends and areas for further exploration. The implications suggest the need for increased international collaboration and targeted investment in AI research in library sciences.",SemanticScholar,FOUND
A Digital Twin-based paradigm for programming and control of cooperating robots in reconfigurable production systems,"Fotios Panagiotis Basamakis, Angelos Christos Bavelos, Dimosthenis Dimosthenopoulos, Christos Glykos, Sotiris Makris, Georgios Mountzouridis",International Journal of Computer Integrated Manufacturing,38.0,10,p1443 - p1463,2025,10.1080/0951192x.2024.2428683,15-Nov-2024,https://doi.org/10.1080/0951192x.2024.2428683,2943.0,14.0,"The shift towards product personalization is the main enabler behind Industry 4.0 and drives the need to deploy flexible and reconfigurable assembly systems. This paper investigates the use of Digital Twins (DT) for enabling system flexibility and reconfigurability through various functionalities, leading to an overall resilience in the system. The suggested DT infrastructure involves two main components: a) Virtual representation of the shop floor, combining multiple sensor data and CAD models and b) Real-time multi-robot behaviour control. The communication layer between the physical and the virtual agents in the level of Digital Twin is realised through the ROS framework. The integration of the DT in an overall production system with various components (like planning systems) is realised through the Asset Administration Shell (AAS) and custom ROS-AAS connectors responsible for translating data between the two formats. Finally, an orchestration system (referred as Station Controller) that is responsible for dispatching planned tasks to the assigned resources has been implemented. The developed infrastructure is validated through a case study inspired by the consumer electronics industry focusing on the assembly of two different products, a trimmer head, and a monitor cover. Nevertheless, the proposed solution has been designed to be easily applicable to any similar scenario.",SemanticScholar,FOUND
Artificial intelligence research in organizations: a bibliometric approach,"Yangjie Lai, Dege Liu, Peng Liu",Cogent Business & Management,11.0,1,,2024,10.1080/23311975.2024.2408439,27-Sep-2024,https://doi.org/10.1080/23311975.2024.2408439,2823.0,13.0,"Although more and more researchers have paid attention to artificial intelligence research in organizations across different subdivided fields in recent years, there is still a lack of integrative and comprehensive research on AI in organizations. Building upon previous quantitative and qualitative studies in the artificial intelligence literature, this study presents a bibliometric analysis of articles on artificial intelligence in the fields of management, business, and applied psychology up to June 2nd, 2023. The research explores the landscape of artificial intelligence articles, highlighting key intellectual contributions and research constituents such as journals, authors, countries, institutions, and topics. Additionally, the study investigates the intellectual structure and overlay visualization of keywords to identify popular topics and trends in recent artificial intelligence research. The findings offer readers a systematic understanding of artificial intelligence development and provide new insights that expand upon existing knowledge in artificial intelligence within management, business, and applied psychology.",SemanticScholar,FOUND
Development of machine tool communication method and its edge middleware for cyber-physical manufacturing systems,"Xiaoqing Frank Liu, Md Rakib Shahriar, S M Nahian al Sunny",International Journal of Computer Integrated Manufacturing,36.0,7,p1009 - p1030,2023,10.1080/0951192x.2022.2162596,01-Jan-2023,https://doi.org/10.1080/0951192x.2022.2162596,188.0,5.0,"By enabling the fusion of cyber and physical world, Cyber-physical systems (CPSs) have emerged as a key technology of the fourth industrial revolution – Industry 4.0. One of the major challenges for developing manufacturing CPSs is establishing communication between physical resources and Internet/cloud-hosted applications. Recently, MTConnect has become a widely popular communication method for monitoring machine tools in cyber manufacturing. However, it does not allow remote operations of machine tools over the Internet, which is essential in many manufacturing CPSs. This paper presents an Internet-scale service-oriented communication method named Machine Tool Communication (MTComm), which provides capabilities of both monitoring and operating heterogeneous machine tools over the Internet. MTComm allows machine tools to exchange manufacturing services and associated information in XML format through RESTful web services. This paper describes design and development of MTComm components, ontology, and methodology of data acquisition and direct operation through five types of services. To reduce communication latency and improve performance, three optimization strategies were developed and used in an edge-based middleware. Experiments were conducted in a testbed with five machines at different stages of MTComm development and results demonstrated excellent feasibility for efficiently monitoring and operating heterogeneous machine tools in a scalable cyber-physical manufacturing environment.",SemanticScholar,FOUND
Approaching the human in the loop - legal perspectives on hybrid human/algorithmic decision-making in three contexts,"Therese Enarsson, Lena Enqvist, Markus Naarttijärvi",Information & Communications Technology Law,31.0,1,p123 - p153,2022,10.1080/13600834.2021.1958860,27-Jul-2021,https://doi.org/10.1080/13600834.2021.1958860,15621.0,91.0,"Public and private organizations are increasingly implementing various algorithmic decision-making systems. Through legal and practical incentives, humans will often need to be kept in the loop of such decision-making to maintain human agency and accountability, provide legal safeguards, or perform quality control. Introducing such human oversight results in various forms of semi-automated, or hybrid decision-making – where algorithmic and human agents interact. Building on previous research we illustrate the legal dependencies forming an impetus for hybrid decision-making in the policing, social welfare, and online moderation contexts. We highlight the further need to situate hybrid decision-making in a wider legal environment of data protection, constitutional and administrative legal principles, as well as the need for contextual analysis of such principles. Finally, we outline a research agenda to capture contextual legal dependencies of hybrid decision-making, pointing to the need to go beyond legal doctrinal studies by adopting socio-technical perspectives and empirical studies.",SemanticScholar,FOUND
A multi-agent and internet of things framework of digital twin for optimized manufacturing control,"Qingwei Nie, Hongwei Sun, Dunbing Tang, Haihua Zhu",International Journal of Computer Integrated Manufacturing,35.0,10-11,p1205 - p1226,2022,10.1080/0951192x.2021.2004619,02-Dec-2021,https://doi.org/10.1080/0951192x.2021.2004619,1603.0,24.0,"The demand for customized products is increasing, which brings great challenges to the traditional manufacturing system. The traditional manufacturing system lacks the analysis and feedback of the data collected in manufacturing, which hinders the rational utilization of the resources. In order to reasonably allocate resources according to the production requirements and effectively avoid the influence of external interference on the manufacturing system, a framework for the intelligent digital twin shopfloor is proposed in this paper. The framework consists of three primary components, namely physical shopfloor, virtual shopfloor, and digital twin service system. A model of digital twin shopfloor, a self-organizing model which achieves automation function in physical shopfloor, and an adaptive model which provides additional external disturbance resistance in virtual shopfloor are developed to improve the above-mentioned components. The mechanism of a contract network protocol and some cooperation strategies used in multi-agents are applied to achieve the capabilities above, which improve the reconfiguration and response ability of the shopfloor. A design case is studied to illustrate that the intelligent digital twin shopfloor can configure resources and deal with disturbances effectively.",SemanticScholar,FOUND
Ant colony algorithm and grey relation theory for manufacturing resources optimal allocation towards industry 5.0,"Shunsheng Guo, Lang Huang, Deming Lei, Hongtao Tang, Shupeng Wei, Liang Zhang, Mengzhen Zhuang",International Journal of Computer Integrated Manufacturing,39.0,6,p749 - p771,2026,10.1080/0951192x.2025.2455651,12-Feb-2025,https://doi.org/10.1080/0951192x.2025.2455651,210.0,2.0,"With the development of the building materials equipment manufacturing industry, due to the production process there are large-scale, small batch, multi-species, multi-subject characteristics, Manufacturing system design (MSD) of the building materials equipment manufacturing industry plays a key role in improving production efficiency. Compared with the traditional building materials equipment manufacturing industry, there are inefficiencies in production decision-making. In industry 5.0 advocates elastic manufacturing, by optimizing enterprise resource management for improving production efficiency and reducing costs. This paper uses a hybrid intelligent algorithm to solve the resource optimization problem, and successfully applies it in practical cases. By using fuzzy clustering, firstly, a multi-objective, multi-agent manufacturing equipment resource allocation model is established. Then, a solution based on grey correlation and an improved ant colony algorithm is presented, through the grey relational ranking, the manufacturing resources with high correlation degree are selected into the following optimal combination, and through the ant colony algorithm, the processing route on processing procedure of the order can be obtained. Finally, the effectiveness and feasibility of the proposed method are validated by experimental results, which show the optimized allocation system can significantly enhance production efficiency and reduce costs, for resource management of large-scale manufacturing systems for Industry 5.0.",SemanticScholar,FOUND
Digital-twin-based job shop multi-objective scheduling model and strategy,"Xufeng Ling, Liyun Xu, Beikun Zhang, Zhuo Zhou",International Journal of Computer Integrated Manufacturing,37.0,1-2,p87 - p107,2024,10.1080/0951192x.2023.2204475,04-May-2023,https://doi.org/10.1080/0951192x.2023.2204475,805.0,24.0,"Job scheduling is an important part of production management and an effective method for increasing productivity, improving enterprise competitiveness, and reducing production energy consumption. However, in traditional scheduling, some problems, such as low information transparency, response lag, poor accuracy, and poor optimisation, affect the scheduling performance. Therefore, this study presents a digital-twin-based (DT-based) job shop scheduling strategy to address these problems. First, energy consumption is introduced, and a job shop scheduling model that minimises the completion time, tardiness, and energy consumption is established. Then, a scheduling decision framework based on cloud-edge computing is proposed, and the DT-based job shop system composition and operating mechanism are described. In addition, a DT-based shop scheduling strategy, comprising an overall scheduling mechanism, an accurate processing time determination method that uses a time and space compression ratio simulation, and a data comparison and abnormality determination method, is designed. Moreover, the non-dominated sorting genetic algorithm (NSGA-II) is improved by incorporating a multi-mode crossover and random variation method, along with a variable proportion elite retention strategy. Finally, the effectiveness of the improved algorithm and proposed strategy is verified using a standard dataset and practical processing problem.",SemanticScholar,FOUND
Exploring artificial intelligence adoption in public organizations: a comparative case study,"Katharina Guirguis, Oliver Neumann, Reto Steiner",Public Management Review,26.0,1,p114 - p141,2024,10.1080/14719037.2022.2048685,20-Mar-2022,https://doi.org/10.1080/14719037.2022.2048685,83509.0,363.0,"Despite the enormous potential of artificial intelligence (AI), many public organizations struggle to adopt this technology. Simultaneously, empirical research on what determines successful AI adoption in public settings remains scarce. Using the technology organization environment (TOE) framework, we address this gap with a comparative case study of eight Swiss public organizations. Our findings suggest that the importance of technological and organizational factors varies depending on the organization’s stage in the adoption process, whereas environmental factors are generally less critical. Accordingly, this study advances our theoretical understanding of the specificities of AI adoption in public organizations throughout the different adoption stages.",SemanticScholar,FOUND
Digital twin of micro-milling process for micro-tool wear,"A S Baskoro, Christiand, G Kiswanto, T J Ko",International Journal of Computer Integrated Manufacturing,38.0,12,p1844 - p1869,2025,10.1080/0951192x.2025.2461034,12-Feb-2025,https://doi.org/10.1080/0951192x.2025.2461034,387.0,6.0,"Digital twin technology has recently been introduced as one of the emerging technologies within the Industry 4.0 framework. Digital twin technology opens a new prospective approach for a more prognostic tool wear monitoring system since the dynamics of tool conditions can be monitored and predicted by running the digital twin. Nevertheless, more research is needed on utilizing digital twin technology for monitoring tool wear. In the past, many systems used primarily data-driven methods to provide wear monitoring services within the digital twin application. The framework for representing the physical object consisted of ‘black-box’ data-driven models that described the relationship between sensor data and wear value. Implementing the digital twin principle, which entails a dynamic representation and up-to-date information of physical entities, has been limited. This paper presents a micro-milling digital twin that simulates the micro-milling process dynamics based on physics-based models, such as spindle motor, spindle controller, and cutting torque models. The proposed digital twin is an alternative to prior tool wear monitoring systems, primarily based on indirect data-driven or direct visual approaches. The proposed digital twin has shown potential benefits and a new direction for the tool wear monitoring field by adapting emerging technology within the Industry 4.0 ecosystem. GRAPHICAL ABSTRACT",SemanticScholar,FOUND
Sustainable smart manufacturing through digital Servitization: a systematic literature review using use cases,"Angappa Gunasekaran, Sudhanshu Joshi, Tanuja Joshi, Manu Sharma",International Journal of Computer Integrated Manufacturing,,,p1 - p38,5187,10.1080/0951192x.2026.2622987,09-Feb-2026,https://doi.org/10.1080/0951192x.2026.2622987,2088.0,4.0,,,NOT_FOUND
From the editor's desk,Shailendra Palvia,Journal of Information Technology Case and Application Research,21.0,2,p65 - p67,2019,10.1080/15228053.2019.1639899,09-Aug-2019,https://doi.org/10.1080/15228053.2019.1639899,393.0,0.0,"It is my pleasure to present the second 2019 JITCAR issue. The contents of this issue are Editorial Preface article by Dr. Edward Roche; Research Case article one co-authored by Dr. Nikolaus Obwegeser, Mr. Peter Danielsen, Mr. Kenneth Hansen, Mr. Mads Helt, and Mr. Lasse Nielsen; Research Case article two co-authored by Dr. Fernando Almeida, Mr. Emanuel Miranda, and Mr. João Falcão; Expert Opinion report by Dr. Jack Becker and Dr. Daniel Peak; and Book Review by Dr. Vijay Vemuri. Summary information on these items is as follows. In the editorial preface article titled, “The search for global cyber stability,”the author focuses on how the world is moving away from traditional arms or nuclear conflicts to cyber conflicts. Nations are increasingly striving to build cyber arms for defensive as well as offensive purposes. Such cybersecurity measures will clearly impact individual privacy in spite of “norms” being developed by the United Nations to minimize such impact. Civil society, corporations, and nations will have a huge role in the future conflicts among nations. The first research article is titled, “Selection and training of super-users for Enterprise Resource Planning (ERP) implementation projects.” This article explores the role of super-users in implementation of ERP projects. How should these super-users be selected and trained is the focus of this article. In the context of a case study at Vestas, the world’s largest manufacturer of wind turbines, the authors improve an existing widely accepted skill measurement model to develop a systematic process of super-user selection and training. The article goes on to highlight the specific skills required in different phases of the selection and training process. Second research article is titled, “Challenges and facilitators practices for knowledge management in large-scale scrum teams.” It is a study addressing challenges faced by large-scale scrum teams in sharing and managing knowledge. Widely known knowledge management practices typically address only team-level collaboration, which are not easily scalable to multiple scrum teams. This article conducts an empirical study at one of the largest information technology companies operating in Portugal, in which multiple scrum teams working locally and in remote offices develop e-commerce solutions for the African market. The Expert Opinion report documents interview by Dr. Jack Becker and Dr. Daniel Peak with Mr. Rich Giuss, VP and CIO of Atmos Energy Corporation, headquartered in Dallas. Atmos is USA's largest, fully regulated, natural-gas-only distributor, serving over 3 million natural gas distribution customers in over 1,400 communities in eight states. His responsibilities include leading Atmos’ enterprise-wide information technology strategy, architecture, project delivery, and operations/service delivery functions. He also focuses on company’s strategic initiatives, including service excellence and operational effectiveness. Before joining Atmos Energy, Rich spent more than two decades at Baxter International, Allegiance Healthcare, and Cardinal Health and rose through the career path to senior leadership roles. In 2003, he was named by Computerworld Magazine as a Premier 100 IT Leader. At Allegiance Healthcare, his IT team developed its ValueLink JIT supply chain business application which was recognized in 1997 by CIO Magazine’s Application Hall of Fame as one of the 12 most influential business applications of the past decade. Before joining Baxter, he held positions in both marketing and technology at Boise Cascade Corporation from 1979 to 1982. Mr. Gius earned a BS in computer science from Northern Illinois University and an MBA in Finance and Operations Management from the University of Chicago – Booth School of Business. Questions posed to Mr. Rich Gius are: (a) Would you please describe your role as VP and CIO at Atmos Energy Corporation? (b) You JOURNAL OF INFORMATION TECHNOLOGY CASE AND APPLICATION RESEARCH 2019, VOL. 21, NO. 2, 65–67 https://doi.org/10.1080/15228053.2019.1639899",SemanticScholar,FOUND
"The quality movement: where are we going? Past, present and future","Xiaojing Sun, Decheng Wen, Dongwei Yan",Total Quality Management & Business Excellence,33.0,1-2,p92 - p112,2022,10.1080/14783363.2020.1801342,10-Aug-2020,https://doi.org/10.1080/14783363.2020.1801342,1365.0,22.0,"Great changes are taking place, and now is the right time to reflect on the quality philosophy. This research firstly reviewed the quality theories and practices according to the timeline, thus summarising the ‘past’ of the quality movement. Then, a bibliometric analysis based on 20,930 literature on quality management since 2001 was conducted, and the first 19 years of the new millennium were divided into three phases. Through comparative analysis of the three stages by using VOSviewer, this research describes how research on quality management has evolved since the twenty-first century. Finally, through the coding method based on expert interviews and document studies, this research proposed the following six future directions in quality movement: First, no longer about defect reduction, but focuses on value enhancement. Second, no longer product life cycle, but service life cycle. Third, no longer separated, but integrated. Fourth, data will become the core resource for quality management. Fifth, there will be significant changes in existing methods and tools of quality management. Sixth, the quality control power of focal companies over other actors in the supply network will be further enhanced.",SemanticScholar,FOUND
A framework for credit-driven smart manufacturing service configuration based on complex networks,"Cheng Qian, Shijie Wang, Dang Zhang, Yingfeng Zhang",International Journal of Computer Integrated Manufacturing,35.0,10-11,p1107 - p1132,2022,10.1080/0951192x.2021.1879400,19-Apr-2021,https://doi.org/10.1080/0951192x.2021.1879400,536.0,2.0,"Complex cooperative relationships between manufacturing equipment and services make such manufacturing networks have necessary research significance in network science. Under the prevailing background of mass customizing, the continuous coordination between manufacturing services (MSs) in the cloud platform is pulling the complex cooperative relationship between equipment and even enterprises, which constitutes a complex manufacturing network (CMN) from a macro perspective. In this paper, a credit-driven service configuration method is proposed, which is tactfully modeled on the reputation system of Uber. Under such circumstances, MSs could be evaluated combining theirexecution states and historical manufacturing behaviors and chosen as the most appropriate service under the current processing condition to tackle the manufacturing tasks according to customers’ requests accurately. Results in the proof-of-concept simulation show that credit is well integrated with the manufacturing process, and could be utilized to drive the CMN with a four-tier networked architecture on the whole, in which it is taken as the benchmark for the service-and-task smart matching in cases where customer requirements and manufacturing process stability are paramount. Credit also effectively assists MSs in exception self-organization and restrains the diffusion of the influence range of the deterioration of service credit when faced with service failures.",SemanticScholar,FOUND
Application and Criminalization of the Artificial Intelligence in Business: Recommendation to Counter the Regulatory Challenges,Arif Mahmud,Journal of Applied Security Research,18.0,4,p689 - p699,2023,10.1080/19361610.2022.2079939,27-May-2022,https://doi.org/10.1080/19361610.2022.2079939,760.0,2.0,"Artificial Intelligence (AI) is playing a significant role in our social and daily life for technological development. The efficient integration of AI into business organizations or firms is improving performance and efficiency on a significant scale. Nowadays, artificial intelligence (AI) is assisting criminal activities or committing crimes through autonomous activity related to business, e-commerce, and market manipulation. AI could be used to aid criminal activity or, in certain situations, a mistake has resulted in criminal activity and most of the fields lack strong legislative safeguards due to the regulatory challenges imposed by the special nature of AI-Crime (AIC). The paper has examined the application and criminalization of AI in business and firm management. As we will have to strengthen the legislation for managing, preventing, and punishing AI-based business-related crimes, the last segment of the paper has suggested recommendations to counter the regulatory challenges.",SemanticScholar,FOUND
Digital twin-enabled reconfigurable modeling for smart manufacturing systems,"Jiayi Liu, Zhihao Liu, Duc Truong Pham, Wenjun Xu, Chenyuan Zhang, Zude Zhou",International Journal of Computer Integrated Manufacturing,34.0,7-8,p709 - p733,2021,10.1080/0951192x.2019.1699256,24-Dec-2019,https://doi.org/10.1080/0951192x.2019.1699256,3660.0,83.0,"The digital twin-based manufacturing system is a typical representative of smart manufacturing and has a number of advantages beyond the state of the art. However, when a manufacturing system needs to be reconfigured to meet new requirements of production, manual reconfiguration is time-consuming and high labor cost because of the complexity of the digital twin-based manufacturing system and the imperfection of related models. This problem will be even worse if there are industrial robots with characteristics of complex functions and inflexible programming in the manufacturing system. This paper presents a five-dimensional fusion model of a digital twin virtual entity for robotics-based smart manufacturing systems to support automatic reconfiguration, which can not only realistically describes physical manufacturing resources, but also represents the capabilities and dependencies of the digital twins. Reconfigurable strategies based on service function blocks, which can improve the reusability of functions and algorithms, are proposed to make the robotics-based manufacturing system satisfy the various reconfigurable requirements of different granularities and goals. Finally, a prototype system is developed to demonstrate the performance of the reconfigurable digital twin-based manufacturing system, which can improve the operation efficiency of such systems for carrying out the reconfiguring production tasks in a flexible way.",SemanticScholar,FOUND
Foreword,"Basant Agarwal, Anil Choudhary, C M Choudhary, Pranav Dass, Vaibhav Katewa, Ramesh C Poonia",Journal of Statistics and Management Systems,21.0,4,piii - piv,2018,10.1080/09720510.2018.1486002,19-Jun-2018,https://doi.org/10.1080/09720510.2018.1486002,202.0,0.0,,,NOT_FOUND
From data to knowledge in four decades: a systematic literature review of human resource analytics,"Prodromos Chatzoglou, Dimitrios Chatzoudes, Despoina Ioakeimidou, Symeon Symeonidis",Journal of Management Analytics,12.0,1,p87 - p116,2025,10.1080/23270012.2025.2465236,17-Mar-2025,https://doi.org/10.1080/23270012.2025.2465236,637.0,4.0,,,NOT_FOUND
Emerging clinical initiatives in pharmaceutical development: methodology and regulatory perspectives,"Nelson Lu, Herbert Pang",Journal of Biopharmaceutical Statistics,32.0,3,p357 - p358,2022,10.1080/10543406.2022.2080699,10-Jun-2022,https://doi.org/10.1080/10543406.2022.2080699,185.0,0.0,"This special issue is dedicated to Duke-Industry Statistics Symposium (DISS) 2021, which was organized by the Department of Biostatistics and Bioinformatics, Duke University School of Medicine and co-sponsored by Amgen, ASA-NC Chapter, Boehringer-Ingelheim, Genentech, ICSA, IQVIA, Janssen, Journal of Biopharmaceutical Statistics, Lilly, Merck, Otsuka, Parexel, PPD, SAS, UCB, and ViiV. The theme is “Emerging Clinical Initiatives in Pharmaceutical Development: Methodology and Regulatory Perspectives”. Development in pharmaceutical industry is constantly evolving from the methodology and regulatory perspectives. Such development accelerates in these days because of great availability of big data and the inception of the 21 Century Cures Act (U.S. House of Representatives 2015), which stimulates the growing popularity in use of data from sources outside traditional clinical trials. It becomes possible that information such as those from disease or patient registries, claims data, historical trials, and digital health, can be leveraged to generate evidence to inform a regulatory decision-making. Consequently, statistical approaches for observational studies and big data become popular in pharmaceutical development. Methods that can be readily applicable in the regulatory setting are in great need. These methods often utilize techniques in fields such as propensity scores methodology, Bayesian statistics, and machine learning theory. Meanwhile, innovative designs and statistical methods for traditional clinical trials continue to be developed. Novel or complex clinical trial designs, such as various types of adaptive designs, are in need to fit for different situations. In addition, Bayesian inference has continued to make its influence in the pharmaceutical development. It is a great era for statisticians in pharmaceutical industry to develop innovative methods. Duke-Industry Statistics Symposium (DISS) 2021 was originally planned as an in-person meeting for 2020. Due to the pandemic, it was postponed to 2021 and was also converted to virtual format. It was successfully held in April 2021 under the leadership of Prof Xiaofei Wang and the Organizing Committee. DISS 2021 attracted more than 230 attendees with a fully packed agenda which includes 6 short courses, 25 parallel sessions, a virtual career fair, and poster sessions. Two keynote speeches were given by Dr ShaAvhrée Buckman-Garner from the FDA and Prof David Page, Chair from the Department of the Biostatistics & Bioinformatics which is also the host department of DISS. In the keynote speech delivered by Dr Buckman-Garner, Director – Office of Translational Sciences (OTS) Center for Drug Evaluation and Research at the FDA, she highlighted her perspectives on the progress, challenge, and opportunity. She described the OTS strategy via four goals through optimizing, enhancing/enabling, empowering, and connecting. New Drug Modernization Efforts were highlighted with six strategic objectives: scientific leadership, integrated assessment, benefit-risk monitoring, managing talent, operating excellence, and knowledge management. She also discussed a few challenges including but not limited to the need to 1) ensure that policies keep pace with technological",SemanticScholar,FOUND
Understanding the intellectual structure and evolution of Competitive Intelligence: a bibliometric analysis from 1984 to 2017,"Hamurabi Gamboa-Rosales, Nadia Karina Gamboa-Rosales, José Ricardo López-Robles, Jose Ramón Otegi-Olaso, Igone Porto-Gomez",Technology Analysis & Strategic Management,32.0,5,p604 - p619,2020,10.1080/09537325.2019.1686136,04-Nov-2019,https://doi.org/10.1080/09537325.2019.1686136,1703.0,51.0,"Competitive Intelligence (CI) is a relatively novel discipline that is generating a growing interest in the field of strategic management. Its novelty, approach and origin have meant that the definition of the CI entails different interpretations and utilities depending on the audience. This research develops a conceptual analysis of CI in literature by quantifying the bibliometric performance indicators, identifying the main authors, countries, journals and research areas and evaluating the intellectual structure and evolution of the discipline using SciMAT as bibliometric analysis software. The bibliometric performance analysis is focused on the citation-based impact of the scientific output, while the science mapping illustrates the evolution of the research themes that build the discipline through the use of bibliometric network analysis techniques. To this purpose, the publications related to CI from 1984 to 2017 available at Scopus have been retrieved (5,275 publications). Finally, it offers a framework to support future researches.",SemanticScholar,FOUND
"Agile conceptual design and validation based on multi-source product data and large language models: a review, framework, and outlook","Jiancheng Chen, Tao Guo, Liang Hou, Shijiang Li, Ying Liu, Wanran Yang, Xingwei Zhou",Journal of Engineering Design,36.0,4,p473 - p503,2025,10.1080/09544828.2025.2476879,11-Mar-2025,https://doi.org/10.1080/09544828.2025.2476879,891.0,12.0,,,NOT_FOUND
"Public administration with, of, and through AI: toward a new paradigm in the era of intelligence",Xufeng Zhu,Journal of Chinese Governance,11.0,1,p30 - p57,2026,10.1080/23812346.2025.2578589,04-Nov-2025,https://doi.org/10.1080/23812346.2025.2578589,10224.0,10.0,"This paper examines the future trajectory of public administration in the era of intelligence, focusing on the transformative implications of artificial intelligence (AI). It proposes a new triadic paradigm, ‘Public Administration with, of, and through AI,’ to conceptualize how AI is reshaping the theory, practice, and research of governance. The framework outlines three interrelated dimensions: the strengthening of administrative capacity with AI, the ethical and regulatory governance of AI, and the methodological advancement of the discipline through AI. Grounded in the historical evolution of public administration paradigms, the paper identifies key challenges in talent cultivation, research methodology, and evidence-based policymaking during digital transformation. As governments around the world integrate AI into administrative systems, the paper highlights the need for interdisciplinary collaboration, methodological innovation, and ethical vigilance. It concludes by advocating three strategic integrations that can guide the discipline’s renewal: scientific rigor with practical relevance, agility with long-termism, and globalization with indigenization. These integrations aim to ensure that governance in the intelligent age remains both effective and ethically grounded.",SemanticScholar,FOUND
Mapping the Footprint of Artificial Intelligence (AI) in Marketing: A Bibliometric Review and Content Analysis of Scientific Literature,"Amal A., Saji Thazhungal Govindan Nair",Journal of Internet Commerce,,,p1 - p40,5187,10.1080/15332861.2026.2678335,06-Jun-2026,https://doi.org/10.1080/15332861.2026.2678335,227.0,2.0,,,NOT_FOUND
Spark-based parallel many-objective service process optimization for correlation-aware cloud manufacturing,"Yanhua Du, Hongwei Guo, Huang Li, Helan Liang, Bingji Yan",International Journal of Computer Integrated Manufacturing,39.0,6,p792 - p812,2026,10.1080/0951192x.2025.2497476,02-May-2025,https://doi.org/10.1080/0951192x.2025.2497476,58.0,0.0,"Service process optimization is a key area of research in cloud manufacturing (CMfg), with the aim of integrating manufacturing services for manufacturing tasks efficiently. Although there is a large body of research devoted to this field, significant challenges remain. These include the complexities of accounting for inter-service correlation and sustaining performance amid the increasing number of services and diversification of Quality of Service (QoS) criteria. To effectively cope with these difficulties, this paper presents a novel many-objective optimization method. It develops improved meta-heuristic strategies to get a good balance between convergence and diversity and leverages the Spark parallel computing environment to enhance search efficiency. The experimental results show that the proposed approach improves convergence and diversity in complex correlation-aware service process scenarios compared to the selected representative methods. Specifically, IGD, Spread and GD metrics increase by 25.13%, 21.70%, and 80.60%, respectively, while the computational time is reduced by 39.78%.",SemanticScholar,FOUND
Implementation of artificial intelligence for brand equity,Yuhan Dong,Cogent Business & Management,12.0,1,,2025,10.1080/23311975.2025.2471538,27-Feb-2025,https://doi.org/10.1080/23311975.2025.2471538,6838.0,10.0,,,NOT_FOUND
Advanced decision-making in higher education: learning analytics research and key performance indicators,"Naif Radi Aljohani, Dragan Gasevic, Miltiadis D Lytras, Patricia Ordonez de Pablos, Anna Visvizi",Behaviour & Information Technology,37.0,10-11,p937 - p940,2018,10.1080/0144929x.2018.1512940,20-Oct-2018,https://doi.org/10.1080/0144929x.2018.1512940,4123.0,32.0,,,NOT_FOUND
Information Systems and Operations/Supply Chain Management: A Systematic Literature Review,"Liqiang Chen, Hans F Kishel, Abraham Y Nahm, Jean A Pratt",Journal of Computer Information Systems,63.0,2,p334 - p350,2023,10.1080/08874417.2022.2065649,03-May-2022,https://doi.org/10.1080/08874417.2022.2065649,1057.0,6.0,,,NOT_FOUND
Design of intelligent manufacturing system based on digital twin for smart shop floors,"Zongyan Cai, Mengke Sun, Ningning Zhao",International Journal of Computer Integrated Manufacturing,36.0,4,p542 - p566,2023,10.1080/0951192x.2022.2128212,28-Sep-2022,https://doi.org/10.1080/0951192x.2022.2128212,1111.0,34.0,,,NOT_FOUND
The role of artificial intelligence in sustainable finance,"Khaled Hussainey, Abdalmuttaleb M A Musleh Al-Sartawi, Anjum Razzaque",Journal of Sustainable Finance & Investment,,,p1 - p6,5187,10.1080/20430795.2022.2057405,07-Apr-2022,https://doi.org/10.1080/20430795.2022.2057405,38802.0,281.0,,,NOT_FOUND
Social media in operations and supply chain management: State-of-the-Art and research directions,"Daniel Eyers, Shupeng Huang, Andrew Potter",International Journal of Production Research,58.0,6,p1893 - p1925,2020,10.1080/00207543.2019.1702228,20-Dec-2019,https://doi.org/10.1080/00207543.2019.1702228,3945.0,54.0,"Recently, industrial and academic communities in the operations and supply chain management (OSCM) field are paying increasing attention to social media. However, the value of social media in OSCM is quite unclear, and more investigations are still needed. To pave the way for directed future research, this paper systematically reviewed and synthesised 152 peer-review journal papers to identify research focus and gaps in this area, supported by an appropriate conceptual framework. The result reveals that the research interests in this area have increased dramatically within the last decade across various industries and regions. Different companies’ OSCM activities, such as sourcing and delivery, can benefit from employment of social media. This paper also indicates that future research can explore the value of social media in sourcing, delivery, product return and reverse logistics, forecasting and inventory management, and product development and production.",SemanticScholar,FOUND
The method of cultivating employability of computer majors in colleges and universities based on data mining,Wei Wang,Journal of Control and Decision,10.0,1,p99 - p111,2023,10.1080/23307706.2022.2056094,29-Mar-2022,https://doi.org/10.1080/23307706.2022.2056094,165.0,1.0,,,NOT_FOUND
"A conceptual framework for the cognitive enterprise: pillars, maturity, value drivers","Gianluca Elia, Alessandro Margherita",Technology Analysis & Strategic Management,34.0,4,p377 - p389,2022,10.1080/09537325.2021.1901874,18-Mar-2021,https://doi.org/10.1080/09537325.2021.1901874,988.0,24.0,"Digital transformation is driving the emergence of a new breed of organisations able to scale quickly, innovate throughout their processes, and lead industries and markets. In particular, the increasing adoption of cognitive technologies, like artificial intelligence, advanced analytics, high-performing computing and cyber-physical systems, allow organisations to create new value based on increased reactivity and resilience, situational awareness, agility and operational excellence. Although the idea of cognitive enterprise is rapidly emerging in the practitioner discussion, a theoretical framing of the concept is still not present in literature. We conduct a systematic review of extant contributions and we extract elements related to two key dimensions represented by the cognitive technological infrastructure (i.e. technologies and data) and the cognitive organizational architecture (i.e. processes and capabilities). We use the outcomes of the review work to define: (a) the pillars of the cognitive enterprise; (b) a framework of cognitive maturity stages; and (c) the enhanced value creation capabilities of the cognitive enterprise. The article provides a literature-derived definition of the cognitive enterprise and guidelines to support managers in the cognitive transformation of their organisations.",SemanticScholar,FOUND
Changing Roles of LIS Professionals: Exploring Library Schools' Curricula and Perspectives of Students in Nigeria,"Emmanuel Kolawole Adefila, Blessing Etukudo Ogunjimi, Oluchi Cecilia Okeke, Bolaji David Oladokun",The International Information & Library Review,58.0,1,p32 - p49,2026,10.1080/10572317.2025.2610138,06-Jan-2026,https://doi.org/10.1080/10572317.2025.2610138,174.0,2.0,"The roles of Library and Information Science professionals are shaped by the digital revolution, expanding data-intensive practices, and the integration of emerging technologies into information services. These changes have intensified demands on LIS education to produce graduates with competencies that extend beyond traditional librarianship. This study investigates the extent to which LIS curricula in Nigerian universities align with evolving professional requirements and examines students’ perceived readiness for contemporary information practice through a competency-based lens. Adopting a cross-sectional research design, data were collected from LIS students and educators across selected Nigerian universities using structured questionnaires and curriculum document analysis. The findings indicate that although Nigerian LIS curricula retain strong coverage of foundational subjects, they provide limited integration of emerging competencies related to artificial intelligence, data management, and technology-enabled service delivery. Students report moderate confidence in traditional LIS roles but lower preparedness for digitally oriented and nontraditional professional functions. Educators similarly identify gaps between curriculum content, global workforce expectations, and available instructional infrastructure. Grounded in the Competency Based Education model, the study proposes a structured framework for curriculum reform that emphasizes defined professional competencies, experiential learning, stakeholder engagement, and continuous curriculum review. The study contributes empirical evidence to ongoing debates on LIS education reform and offers actionable insights for educators, accreditation bodies, and policymakers seeking to strengthen the relevance of LIS training in technology-driven information environments.",SemanticScholar,FOUND
Another essay about the future of work,Joey F George,Journal of Information Technology Case and Application Research,24.0,1,p3 - p11,2022,10.1080/15228053.2022.2046702,04-Apr-2022,https://doi.org/10.1080/15228053.2022.2046702,5527.0,1.0,"Seemingly, people have always been curious, and worried about, the future. The future of work is no exception. Today, a key focus of thought about the future is how the development and dissemination of robots and artificial intelligence (AI) will affect work. In the past, the information systems community has made several predictions about computing and work. We have rarely been correct, and in making our predictions, we have completely missed the development of computing technologies that have had dramatic and long-lasting impacts on our field and on the world (e.g., smart phones). In this essay, we review past thinking about the future of work as well as current thought about the impacts of robotics and AI. While we can be sure that work will change, we are limited in our ability to say what form those changes will take.",SemanticScholar,FOUND
Towards next-generation social media?,"Min Chen, Daqiang Zhang, Yin Zhang",New Review of Hypermedia and Multimedia,21.0,3-4,p197 - p198,2015,10.1080/13614568.2015.1118926,24-Dec-2015,https://doi.org/10.1080/13614568.2015.1118926,1068.0,0.0,,,NOT_FOUND
Image information mining for EO applications,"Mihai Datcu, Lionel Gueguen, Roger King, Pier Giorgio Marchetti",International Journal of Image and Data Fusion,3.0,3,p199 - p201,2012,10.1080/19479832.2012.714091,17-Aug-2012,https://doi.org/10.1080/19479832.2012.714091,125.0,0.0,,,NOT_FOUND
Unleashing the power of social media data in business decision making: an exploratory study,"Fernando Fastoso, Ying Kei Tse, Li Xinwei",Enterprise Information Systems,18.0,1,,2024,10.1080/17517575.2023.2243603,04-Sep-2023,https://doi.org/10.1080/17517575.2023.2243603,551.0,2.0,"This study systematically reviews the research on applying social media data (SMD) in business decision-making. We applied bibliometric mapping and a Latent Dirichlet Allocation topic modelling approach to conduct a systematic literature review. Results show that research to date has uncovered that sentiment analysis and opinion mining supported businesses in observing, analysing and predicting customer behaviour in various sectors. However, descriptive and predictive analyses are prevalent, while prescriptive analyses on SMD are rare. Our analysis highlights the need for future research to shed light onto newly discovered forms of SMD increasing the accuracy of sentiment detection with concept-level analysis.",SemanticScholar,FOUND
Navigating the nexus of innovation and insight: an umbrella review and thematic clustering of smart tourism evolution,"János Csapó, Szabina Végi",Current Issues in Tourism,29.0,10,p1889 - p1907,2026,10.1080/13683500.2025.2462973,13-Feb-2025,https://doi.org/10.1080/13683500.2025.2462973,2859.0,5.0,"Over the past decade, the smart tourism field has expanded rapidly due to evolving traveller behaviour and technological advancements. This growth has resulted in a substantial and diverse body of scholarly literature covering topics such as digital transformation, sustainable tourism, AI, and IoT. However, the vastness and complexity of this literature have make it challenging to synthesise existing research, identify patterns, and determine future directions. To address this challenge, the study employs the umbrella review method, providing a systematic approach to compiling and analysing reviews and meta-analyses in smart tourism research. Using a structured PICOS research strategy – population (P), intervention (I), comparison (C), outcome (O), and study (S) – the authors identified key reviews across various smart tourism contexts. The paper not only maps the extensive landscape of smart tourism through a high-level synthesis but also creates thematic clusters, offering a comprehensive framework for future research and development in the field.",SemanticScholar,FOUND
Data Analytics Applications in Latin America and Emerging Economies,Robert Vinaja,Journal of Global Information Technology Management,23.0,1,p79 - p81,2020,10.1080/1097198x.2019.1701728,06-Dec-2019,https://doi.org/10.1080/1097198x.2019.1701728,81.0,1.0,,,NOT_FOUND
Practice and prospects of artificial intelligence technology empowering statistical investigation of water conservancy construction investment,"Zhang Lan, Wu Qiang, Guo Yue",Digital Water,4.0,1,,2026,10.1080/28375807.2026.2725895,02-Sep-2026,https://doi.org/10.1080/28375807.2026.2725895,39.0,0.0,,,NOT_FOUND
Artificial Intelligence and Human Resources Management: A Bibliometric Analysis,"A Badicu, P Baena-Luna, J C Infante-Moro, P R Palos-Sánchez",Applied Artificial Intelligence,36.0,1,,2022,10.1080/08839514.2022.2145631,18-Nov-2022,https://doi.org/10.1080/08839514.2022.2145631,57509.0,147.0,"Artificial Intelligence (AI) is increasingly present in organizations. In the specific case of Human Resource Management (HRM), AI has become increasingly relevant in recent years. This article aims to perform a bibliometric analysis of the scientific literature that addresses in a connected way the application and impact of AI in the field of HRM. The scientific databases consulted were Web of Science and Scopus, yielding an initial number of 156 articles, of which 73 were selected for subsequent analysis. The information was processed using the Bibliometrix tool, which provided information on annual production, analysis of journals, authors, documents, keywords, etc. The results obtained show that AI applied to HRM is a developing field of study with constant growth and a positive future vision, although it should also be noted that it has a very specific character as a result of the fact that most of the research is focused on the application of AI in recruitment and selection actions, leaving aside other sub-areas with a great potential for application.",SemanticScholar,FOUND
Theorising Data-Driven Innovation Capabilities to Survive and Thrive in the Digital Economy,"Shahriar Akter, Elias Kyriazis, Saida Sultana",Journal of Strategic Marketing,,,p1 - p27,5187,10.1080/0965254x.2021.2013934,20-Jan-2022,https://doi.org/10.1080/0965254x.2021.2013934,1778.0,32.0,"While data-driven innovation (DDI) is receiving substantial attention from academics and industry specialists, there is limited research on its dimensions and effects in marketing. We address this theoretical gap by examining the following research questions: ‘What are the necessary firm-level capabilities of DDI and its effects in a marketing environment?’ Drawing from the resource-based view (RBV), dynamic capabilities (DC), and market orientation theories, this study presents a data-driven innovation capabilities (DDIC) framework and proposes a new conceptualisation with new data product performance through new data product creativity. Based on a systematic literature review and thematic analysis, the findings offer seven propositions to enrich the emerging DDI theory in marketing and guide managerial decision making.",SemanticScholar,FOUND
Artificial Intelligence (AI)-based Customer Relationship Management (CRM): a comprehensive bibliometric and systematic literature review with outlook on future research,"Mohammad Jahanbakht, Dervis Ozay, Atefeh Shoomal, Shouyi Wang",Enterprise Information Systems,18.0,7,,2024,10.1080/17517575.2024.2351869,15-May-2024,https://doi.org/10.1080/17517575.2024.2351869,2775.0,54.0,"Artificial Intelligence (AI) integration into Customer Relationship Management (CRM) within enterprise information systems (EIS) has provided businesses with transformative opportunities to improve customer engagement and operational efficiency. Due to the accelerating momentum of AI technologies and the digital evolution prompted by the COVID-19 pandemic, there has been an increase in AI-based CRM research, yet comprehensive systematic studies are still lacking. This study presents an overview of the historical developments, state-of-the-art and, existing research domains in the literature, utilizing bibliometric analysis of 810 scholarly articles over the last two decades. The literature has been categorised into four main clusters; (1) Data-Driven CRM Strategies; (2) Application of AI techniques to CRM activities; (3) Strategic implementation of AI into CRM; (4) Customer experience (CX) through AI-based CRM.",SemanticScholar,FOUND
Similarity-matching in decision-making processes of Supply Chain Analytics: a systematic literature review,Tino T Herden,Supply Chain Forum: An International Journal,18.0,1,p13 - p20,2017,10.1080/16258312.2017.1278670,12-Jan-2017,https://doi.org/10.1080/16258312.2017.1278670,387.0,7.0,,,NOT_FOUND
Meeting the growing safeguards burden,"Noah Mayhew, Ian J Stewart",The Nonproliferation Review,26.0,5-6,p519 - p536,2019,10.1080/10736700.2019.1702317,27-Jan-2020,https://doi.org/10.1080/10736700.2019.1702317,416.0,3.0,The International Atomic Energy Agency (IAEA) faces challenges in fulfilling its safeguards mandate as a result of an expanding safeguards burden and a relatively static budget. This dilemm...,SemanticScholar,FOUND
The role of data science and data analytics for innovation: a literature review,"Pedro Natividade Joergensen, Michael Zaggl",Journal of Business Analytics,,,p1 - p17,5187,10.1080/2573234x.2024.2365917,19-Jun-2024,https://doi.org/10.1080/2573234x.2024.2365917,8078.0,10.0,"Data science and data analytics (DS/DA) have been quickly adopted by decision-makers in organisations. Their relation to specific functions within organisations, however, remain unclear. Therefore, this study focuses on their relationship to innovation and aim to clarify the role of DS/DA relative to innovation and decision-making. To this end, we conducted a literature review. Based on a systematic query in the Web of Science, we identified 172 relevant articles, which address DS/DA and innovation. Our findings suggest a prevalence of different understandings of DS/DA relative to innovation and decision-making. Specifically, we identified three distinct categories of articles: (1) “Innovation as a result of DS/DA”, (2) “DS/DA as a result of innovation”, (3) “Diffusion of DS/DA technology”, and sorted the remaining in a fourth category “Miscellaneous”. Our study contributes to the understanding of DS/DA and its ambiguous relationship to innovation and decision-making. We outline implications for academics, practitioners, and educators.",SemanticScholar,FOUND
Artificial intelligence in the judiciary: a systematic literature review on the practical applications,"Joke Baeck, Thomas Demeester, Klaas Mulier, Stijn van Ruymbeke",Information & Communications Technology Law,,,p1 - p33,5187,10.1080/13600834.2026.2644818,18-Mar-2026,https://doi.org/10.1080/13600834.2026.2644818,4805.0,0.0,,,NOT_FOUND
Artificial intelligence marketing (AIM): connecting-the-dots using bibliometrics,"Shaista Anayat, Gowhar Rasool",Journal of Marketing Theory and Practice,32.0,1,p114 - p135,2024,10.1080/10696679.2022.2103435,24-Aug-2022,https://doi.org/10.1080/10696679.2022.2103435,2801.0,65.0,"This study provides a detailed bibliometric analysis of AI in marketing by analyzing 328 existing studies using performance analysis and science mapping. Prominent topics in the field found through science mapping are AI for data analytics; AI for decision-making; AI for digital behavior; AI for consumer service; AI for predictive analysis; AI for design thinking; Value Co-creation through AI; AI for marketing automation, and managing negative side of AI. Furthermore, based on gaps found during science mapping and literature review, this study also asserts pertinent questions that could facilitate future research on the role of AI in marketing.",SemanticScholar,FOUND
The Landscape of CRM Research: A Bibliometric Analysis of Key Trends and Future Directions,Shaista Jabeen,Journal of Relationship Marketing,24.0,4,p358 - p398,2025,10.1080/15332667.2025.2462884,21-Feb-2025,https://doi.org/10.1080/15332667.2025.2462884,455.0,5.0,"This study provides a comprehensive bibliometric analysis of customer relationship management (CRM) research from 1985 to 2024, using 3,483 records from Scopus. It identifies the most productive countries, journals, authors, and key papers, as well as six main research clusters through keyword co-occurrence analysis. Co-citation analysis reveals 1,018 articles with a minimum of 10 citations each, and we examined their methodology and focus. The study highlights the evolution of CRM research, with most publications between 2001 and 2024, and identifies six forefronts in recent CRM research (2020–2024). These insights offer a detailed understanding of CRM’s intellectual structure and emerging trends, guiding future research and practical applications in business–customer relationships.",SemanticScholar,FOUND
"Benefits, challenges, critical success factors and motivations of Quality 4.0 - A qualitative global study","Jiju Antony, Shreeranga Bhat, Elizabeth A Cudney, Mehran Doulatabadi, Olivia McDermott, Michael Sony, Aidan Toner",Total Quality Management & Business Excellence,34.0,7-8,p827 - p846,2023,10.1080/14783363.2022.2113737,12-Sep-2022,https://doi.org/10.1080/14783363.2022.2113737,2851.0,68.0,"Purpose – Quality 4.0 (Q4.0) is nascent, but many organisations have started their journeys on Q4.0. This study seeks to investigate the real-time organisational benefits and motivations for deploying Q4.0 and understand current Q4.0 initiatives along with the skills, challenges, and critical success factors required to implement Q4.0. Design/methodology/approach – A qualitative interview approach was utilised by interviewing a global panel of senior management, and operational excellence professionals from leading companies deploying Q4.0. Findings – This study provides a theoretical base for the organisational adoption of Q4.0 and understanding the benefits, challenges, critical success factors, motivations, and skillsets required. The challenges to Q4.0 identified include gaining management commitment to invest in technology and guide the organisational strategy to implement Q4.0. The skillset required for Q4.0 includes data science, data analysis, and knowledge of Industry 4.0 technology in order adapt to the increased world of digitalisation and smart factories. Research limitations – Most of the interviewees who participated in this study represent four continents. There is an opportunity for a detailed longitudinal study, analysis, and case studies in individual organisations. Originality/value – This is the first global study on Q4.0 that captures the viewpoints of senior management professionals deploying Q4.0.",SemanticScholar,FOUND
Leveraging artificial intelligence: the machine/human agentic impact on evolving practices in learning & development,"Debolina Dutta, Anasha Kannan Poyil",Behaviour & Information Technology,,,p1 - p21,5187,10.1080/0144929x.2025.2496722,06-May-2025,https://doi.org/10.1080/0144929x.2025.2496722,1101.0,9.0,,,NOT_FOUND
Constructing a Course on Classification Methods for Undergraduate Non-STEM Students: Striving to Reach Knowledge Discovery,"Roy Gelbard, Anna Khalemsky, Yelena Stukalin",Journal of Statistics and Data Science Education,33.0,1,p68 - p76,2025,10.1080/26939169.2024.2320218,29-Mar-2024,https://doi.org/10.1080/26939169.2024.2320218,2019.0,1.0,"Classification, a fundamental data analytics task, has widespread applications across various academic disciplines, such as marketing, finance, sociology, psychology, education, and public health. Its versatility enables researchers to explore diverse research questions and extract valuable insights from data. Therefore, it is crucial to extend familiarity with classification methods to non-STEM students, who will encounter such problems in their professional careers. To address this need, this article presents a data science course for non-STEM students on classification methods. The course’s difficulty level is influenced by factors such as students’ backgrounds and the prerequisites and requirements set by the offering department. The suggested course framework begins with data preparation and provides students with a comprehensive toolbox comprising methodical techniques and software tools for classification. This course guides students toward discovering new knowledge and insights about classification and interpretation. The teaching approach emphasizes the dynamic process involved in classification, encompassing grasping the analytical task, understanding terms and concepts, visualizing the classification, analyzing data, interpreting results, and drawing conclusions. This course also combines project-based learning, open discussions, and even competitions among class participants. Incorporating practical projects that involve interaction and decision-making within a quantitative course can be highly beneficial. Supplementary materials for this article are available online.",SemanticScholar,FOUND
Scientific mapping of smart tourism: a content analysis study,"Ahmet Aslan, Hande Uyar Oğuz, Hakan Özköse",Asia Pacific Journal of Tourism Research,28.0,9,p923 - p948,2023,10.1080/10941665.2023.2283601,29-Nov-2023,https://doi.org/10.1080/10941665.2023.2283601,914.0,11.0,"Smart tourism can be thought of as a whole ecosystem of smart tourists, smart technologies, and smart businesses. There are more than 952 academic studies related to Smart Tourism in the Web of Science (WoS) database. Therefore, it would be useful to examine the conceptual structure and thematic development of Smart Tourism. This study is to analyze the field of smart tourism using scientific mapping methods. Bibliometric data of 489 articles were downloaded from the WoS. This paper first conducts a co-occurrence analysis using VosViewer to determine the prominent terms and connections between them. Then, a content analysis is performed using SciMat to gain a deeper understanding of the field and its evolution from 2013 to 2022 for Smart Tourism. In this context, strategic maps, thematic networks of topics, and an evolutionary map were obtained to understand the field better by using SciMAT.",SemanticScholar,FOUND
The role of Industry 4.0 technologies in the transition to a circular economy: a practice perspective,"Gustavo Cattelan Nobre, Elaine Tavares","Sustainability: Science, Practice and Policy",19.0,1,,2023,10.1080/15487733.2023.2289260,08-Dec-2023,https://doi.org/10.1080/15487733.2023.2289260,2657.0,10.0,"Circular Economy (CE) is critical to the United Nations 2030 agenda for sustainable development. This transition can be fostered by technologies from Industry 4.0 (I40), one of the main engines for digital transformation. Science has already documented models, theoretical frameworks, and case studies linking CE and I40 together. However, the research agenda still needs to address a gap regarding how practitioners use these technologies to pursue circularity. Based on a practitioner’s perspective, this article aims to understand how I40 technologies can support the transition to a CE. We distributed an open-ended survey and received 361 responses from organizations in 37 countries. This sample resulted in 154 usable records that were examined through content analysis. We identified a field-validated list of 31 information-technology (IT) capabilities, revealing that most initiatives are reactive – focused on reducing waste and recycling – rather than proactive. This article contributes to research to identify new IT capabilities for CE that emerge from practice and to provide a structured way for organizations to pursue circularity.",SemanticScholar,FOUND
Leading scholars in Production Research for the 55th volume anniversary of IJPR,Alexandre Dolgui,International Journal of Production Research,56.0,1-2,p1 - p9,2018,10.1080/00207543.2018.1429119,23-Mar-2018,https://doi.org/10.1080/00207543.2018.1429119,3094.0,33.0,,,NOT_FOUND
Leveraging generative artificial intelligence for sustainable business model innovation in production systems,"Shaofeng Wang, Hao Zhang",International Journal of Production Research,63.0,18,p6732 - p6757,2025,10.1080/00207543.2025.2485318,07-Apr-2025,https://doi.org/10.1080/00207543.2025.2485318,4644.0,58.0,"This study develops an integrated framework, termed the GAI&ABC model, to examine how manufacturing firms can leverage generative artificial intelligence (GAI) to achieve sustainable business model innovation (SBMI) in production systems. While prior research primarily focuses on the technical aspects of AI, we address the challenge of understanding the organisational learning mechanisms that underpin GAI's impact on SBMI. Drawing on the Antecedents-Behaviour-Consequences (ABC) model, we investigate the mediating roles of GAI-powered exploitative and exploratory learning, and consider international entrepreneurship orientation and GAI education as key moderators. Using survey data from 402 manufacturing start-ups in China and employing PLS-SEM analysis, we find that GAI adoption significantly enhances both exploitative learning (β = 0.439, p < 0.001) and exploratory learning (β = 0.444, p < 0.001), which in turn drive SBMI (β = 0.254 and β = 0.353, respectively, p < 0.001). Furthermore, fsQCA reveals four distinct configurations of these factors that lead to high SBMI performance, highlighting the complexity of GAI implementation. This study contributes a novel theoretical framework that integrates GAI adoption with organisational learning and contextual factors to explain SBMI in production systems, offering actionable insights for firms and addressing the challenge of translating GAI's potential into tangible sustainability outcomes.",SemanticScholar,FOUND
Digital innovation: theoretical framework and research outlook,"Qingxiu Lin, Rui Sun",Technology Analysis & Strategic Management,,,p1 - p17,5187,10.1080/09537325.2025.2595454,30-Nov-2025,https://doi.org/10.1080/09537325.2025.2595454,147.0,0.0,,,NOT_FOUND
"Instrumenting an Agile Data Ecosystem for Intelligent Infrastructure Research, Education, and Development",Yi Shen,New Review of Information Networking,23.0,1-2,p59 - p82,2018,10.1080/13614576.2018.1537801,11-Apr-2019,https://doi.org/10.1080/13614576.2018.1537801,237.0,4.0,"This research investigated the transformative landscape of Virginia Tech in developing the “Beyond Boundaries” transdisciplinary area of Intelligent Infrastructure for Human Centered Communities. Situated within this ongoing innovation of academic enterprise, this study further explored how academic libraries should transform the data environments to develop an adaptive and integrative data ecosystem for intelligent infrastructure research, education, and development. It draws upon a mixed-methods approach combining ethnographic participant observation, document analysis, and semi-structured interviews with key stakeholders. The findings present a system view and practical roadmap for engineering an organic and robust data ecosystem for both research and learning, from building a data system around intelligent infrastructure R&D outputs to fostering data exploration for academic-industrial collaborations, and from launching data challenges for hands-on, minds-on learning to embedding education of multiple and emergent literacies. Grounded in socio-technical framework and framed around the mutual shaping of human-technology interaction, the results provide and discuss practical implications and strategic actions for academic libraries that are determined to innovate in the age of “smartness.”",SemanticScholar,FOUND
Strategic issues in digital transformation of HR management: systematic literature review and text mining,"Myriam Caratù, Nikolay Dragomirov, Antonio Iovanella, Sanja Vlahovic",Technology Analysis & Strategic Management,37.0,13,p4690 - p4707,2025,10.1080/09537325.2025.2467930,24-Feb-2025,https://doi.org/10.1080/09537325.2025.2467930,1029.0,10.0,"This research explores the intersection of Industry 4.0 with Human Resources (HR) in business settings. A systematic literature review (SLR) is conducted using an original approach, embedding an AI stage to carry out a systematic literature review in academic papers that highlight the challenges and opportunities arising for HR in the context of industrial revolutions. The findings emphasise the need for companies to invest in training and development programmes for employees to work alongside automated systems. Integrating Industry 4.0 technologies also necessitates re-evaluating traditional HRM (HR Management) practices, requiring a shift towards data-driven decision-making, upskilling, and reskilling initiatives. The review underscores the important role of HR in promoting sustainable and cross-sectoral practices and addressing ethical and legal implications of HR technology. The research findings provide insights for HR practitioners and policymakers in navigating the challenges and opportunities of Industry 4.0. The review also identifies avenues for future research, including investigating the impact of Industry 4.0 technologies on employee well-being, studying the intersection of sustainability and HRM, conducting cross-cultural studies, and exploring the evolution of HRM in the digital age.",SemanticScholar,FOUND
"Artificial Intelligence and Filipino Academic Librarians: Perceptions, Challenges and Opportunities","Anna Rita L Alomo, Lejempf V Flores, Lady Catherine R de Leon",Journal of the Australian Library and Information Association,73.0,1,p66 - p83,2024,10.1080/24750158.2024.2305993,01-Feb-2024,https://doi.org/10.1080/24750158.2024.2305993,1585.0,31.0,"This study explores the perspectives, challenges, and opportunities faced by Filipino academic librarians in integrating Artificial Intelligence (AI) into their profession. In response to the transformative impact of AI on various sectors, including libraries, understanding how librarians navigate this technological shift is imperative. Using a quantitative approach, an online questionnaire was distributed to 178 academic librarians across diverse universities in the National Capital Region, Philippines. The survey investigates librarians' perceptions of AI, covering their comprehension, expectations, and concerns. It also explores challenges in AI adoption and identifies opportunities for improving library services. Results reveal that Filipino librarians generally view AI as an opportunity rather than a threat, expressing readiness for training to incorporate AI into their workflows. This study provides valuable insights into the preparedness and willingness of Filipino academic librarians to embrace AI, contributing to the literature on AI in libraries within the Filipino context. The findings serve as a guide for future developments, aiding librarians in identifying training needs, addressing knowledge gaps, and preparing for the evolving landscape of library services through AI integration in the academic library domain in the Philippines.",SemanticScholar,FOUND
"Artificial intelligence and information warfare in major power states: how the US, China, and Russia are using artificial intelligence in their information warfare and influence operations","Craig D Albert, Christopher Hennigan, Lance Y Hunter, Josh Rutland, Kristen Topping",Defense & Security Analysis,40.0,2,p235 - p269,2024,10.1080/14751798.2024.2321736,05-Mar-2024,https://doi.org/10.1080/14751798.2024.2321736,6595.0,28.0,"Previous research in security studies contends that information warfare (IW) is becoming a critical element in states' overall security strategies. Additionally, many researchers posit that artificial intelligence (AI) is quickly emerging as an important component of digital communications and states' military applications worldwide. However, less is known regarding how states are incorporating AI in their information warfare and influence operations (IWIO). Thus, given the growing importance of AI and IW in global security, this paper examines how the United States, China, and Russia are incorporating AI in their IWIO strategies and tactics. We find that the US, China, and Russia are utilizing AI in their IWIO approaches in significant ways depending on each state's overall IW strategy, with important implications for international security.",SemanticScholar,FOUND
Reimagining the Future of IJPA: A Vision for 2025 and Beyond,"Katherine Barrett, Gang Chen, Rich Greene, Daniel Hawes, Philip Karré, Jiaqi Liang, Elaine Lu, Liang Ma, Aroon Manoharan, Seth Meyer, Alisa Moldavanova, Greta Nasi, Oliver Neumann, Sungho Park, Hang Qi, Yu Shi, Chengwei Wang, Meng Ye, Barbara Zyzak",International Journal of Public Administration,48.0,7,p407 - p410,2025,10.1080/01900692.2025.2501642,26-May-2025,https://doi.org/10.1080/01900692.2025.2501642,891.0,0.0,"Public administration is a dynamic and ever-evolving field. Today, more than ever, the need for public administration as a field to source global insights and address shared challenges, paramount. Since its inception in 1979, the International Journal of Public Administration (IJPA) has been enriched by waves of extraordinary scholarly expansion. Standing on the foundations established by previous editorial teams, the current team took the helm in early 2022. Now, three years later, we invite you to reflect on this journey and reimagine the future of IJPA.",SemanticScholar,FOUND
Design Science in the Context of the Tourism Sector: A Scoping Review,"Francisco Antônio Dos Anjos, Sara Joana Gadotti Dos Anjos, Vitor Roslindo Kuhn",Journal of Hospitality & Tourism Education,37.0,4,p461 - p472,2025,10.1080/10963758.2024.2390115,22-Oct-2024,https://doi.org/10.1080/10963758.2024.2390115,165.0,0.0,"Design Science emerges from a focus on solving real-world problems, resulting in the improvement or creation of an artifact or the prescription of recommendations. While this approach is already relevant in Information Systems, Engineering, Medicine, Management, and Organizations studies, research based on Design Science in tourism and hospitality is scarce compared to other fields. Therefore, the objective was to map articles in the context of the Tourism Sector that use Design Science as a methodological foundation, understanding the current scenario and the themes that are beginning to explore this paradigm. A Scoping Review was conducted in 5 stages, with a total of four databases serving as sources of collection, considering only peer-reviewed articles, resulting in 44 articles deemed eligible. Results highlight the good indexing of published journals, a concentration of articles between 2020–2021, and 5 clusters of sub-themes investigated in the articles.",SemanticScholar,FOUND
Deployment of generative artificial intelligence to enhance organisational resilience: empirical evidence from the logistics industry,"Ahmed Zainul Abideen, Huilan Chen, Xiaoning Chen, Sebastian Elgueta, Yue Hou, Guoqing Zhao",Journal of Decision Systems,35.0,1,,2026,10.1080/12460125.2026.2675048,21-May-2026,https://doi.org/10.1080/12460125.2026.2675048,814.0,1.0,,,NOT_FOUND
Human centric innovation at the heart of industry 5.0 - exploring research challenges and opportunities,"Lian Duan, Ling Li",International Journal of Production Research,64.0,12,p4901 - p4933,2026,10.1080/00207543.2025.2462657,02-Mar-2025,https://doi.org/10.1080/00207543.2025.2462657,4254.0,44.0,"This study advances the understanding of Industry 5.0 by exploring its conceptualisation through the lens of production and operations management, emphasising the integration of human roles throughout industrial evolution. Addressing a critical gap in the literature, we highlight the impact of human involvement in technological innovation and examine previously unexplored human experiences in Industry 5.0. We differentiate between human-centric AI and industry AI, identifying technologies that drive both Industry 4.0 and 5.0, and propose emerging research opportunities around sustainability, resilience, and human-centricity. Additionally, we analyze the global need for upskilling and reskilling the workforce, emphasising key challenges in both developed and developing economies. Our study also identifies major barriers to the transition to Industry 5.0, offering strategies to enhance human-centricity by aligning technological advancements with human values. Ultimately, this research paves the way for a deeper understanding of Industry 5.0, advocating for a future where technology and humanity co-evolve harmoniously.",SemanticScholar,FOUND
Exploring digital solutions for sustainable production: academic insights and practical applications,"Rosley Anholon, Gustavo Hermínio Salati Marcondes de Moraes, Angélica Pigola, Priscila Rezende da Costa, Fernando de Souza Meirelles",International Journal of Sustainable Engineering,18.0,1,,2025,10.1080/19397038.2025.2453938,27-Jan-2025,https://doi.org/10.1080/19397038.2025.2453938,1493.0,4.0,"Digital technology adoption in sustainable production practices is increasingly recognised as pivotal for advancing sustainability objectives. However, existing literature predominantly focuses on the technological aspects, leaving the nuanced experiences and insights of academic scholars underexplored. This study addresses this gap by surveying 314 scholars from diverse regions to evaluate the influence of various digital technologies on economic, operational, and environmental performance in sustainable production. Utilising multilevel ordinal logistic regression (M-OLR), the research identifies six critical digital technologies that significantly enhance sustainable production outcomes. The application of M-OLR effectively accounts for spatial heterogeneity, providing a more robust analysis compared to standard ordinal logistic regression (OLR) models. The findings underscore the essential role of digitalisation in facilitating sustainable transitions, offering novel insights into how digital technologies can drive improvements across economic, operational, and environmental dimensions. The implications extend to policy formulation and strategic planning of digital technologies to achieve comprehensive sustainability goals.",SemanticScholar,FOUND
Duty to protect and responsibility to respect: data privacy violations in pandemic times,"Danielle Anne Pamplona, Dânton Hilário Zanetti de Oliveira, Cinthia Obladen de Almendra Freitas",The International Journal of Human Rights,26.0,8,p1313 - p1332,2022,10.1080/13642987.2021.2007078,06-Dec-2021,https://doi.org/10.1080/13642987.2021.2007078,566.0,0.0,"How far can State and businesses ‘play’ with personal data, claiming to protect the right to health in pandemic times? This question leeds to the discussion of the possible damage caused by profiling and contact tracing techniques regarding personality rights in relations between ICT companies and States’. By analysing the way European and Inter-American bodies are tackling data protection rules currently in force, the text analyses the consent as a problematic issue, considering both the opt-in and opt-out model are not enough to protect those rights, especially in pandemic times. Although contact tracing might be used in favour of Public Health policies, it may also result in the violation of human rights. Applying the inductive method, this paper proposes a reflection about online behavioural tracking and profiling practices, explaining the efects of personal data mass gathering and the complex relations between businesses activities and human rights. The main conclusion is that all individuals have the same right to privacy, equality and freedom of choice. Thus, States should provide clear and objective rules to be followed by ICT companies, in accordance with international rules, ensuring individual’s protection and holding data processors accountable for personal data processing.",SemanticScholar,FOUND
Facing the era of smartness - delivering excellent smart hospitality experiences through cloud computing,Hsuan Hsu,Journal of Hospitality Marketing & Management,33.0,3,p333 - p359,2024,10.1080/19368623.2023.2251144,28-Aug-2023,https://doi.org/10.1080/19368623.2023.2251144,1025.0,18.0,"This study aims to explore the role of cloud computing in the creation of smart hospitality experiences and bridge the existing gap in knowledge. The research adopts a mixed research approach, combining qualitative and quantitative methods, to investigate and prioritize criteria that contribute to smart hospitality through cloud computing. Expert perspectives are utilized to develop a comprehensive two-dimensional cloud-based smart hospitality experience model with 14 sub-dimensions, highlighting the pivotal role of cloud computing in facilitating smart hospitality. The study uncovers the interrelations and relative weights among the criteria, shedding light on the fundamental significance of cloud computing in creating smart hospitality experiences. What sets this study apart is its focus on the untapped potential of cloud computing in the context of smart hospitality. It contributes to the existing body of knowledge by providing theoretical insights for interdisciplinary hospitality operations and practical guidance for hospitality practitioners to achieve sustainable outcomes.",SemanticScholar,FOUND
Chatbot applications in government frontline services: leveraging artificial intelligence and data governance to reduce problems and increase effectiveness,"Don-Yun Chen, Bo-Ya Hsu, Chian-Wen Wang",Asia Pacific Journal of Public Administration,46.0,4,p488 - p511,2024,10.1080/23276665.2024.2397677,02-Sep-2024,https://doi.org/10.1080/23276665.2024.2397677,700.0,10.0,"Taiwan has been developing digital technology for many years. Whether it is industry or government, Taiwan’s digitalisation level is among the highest in the world. This research aims to show how the application of chatbots and AI technology affects Taiwan’s local governments, what problems have arisen from its operations so far, and what key factors provide a better understanding of the effectiveness of chatbots. Contributions to the transformation of existing digital governments can be used to strengthen governance and political participation. This article adopts a case study approach. The research findings are based on the evaluation model constructed by literature review and in-depth interviews; this ideal model examined the operational effectiveness of existing local government chatbots. Through in-depth interviews, we discovered that human-robot collaboration would be the most beneficial model for using artificial intelligence in the future. In order to maximise the benefits of human-robot collaboration, government agencies must enhance organisational members’ understanding of artificial intelligence through education and training to help cross-domain communication and coordination activities with entrusted units and through education and training to build an organisational culture that supports the organisation’s digital transformation.",SemanticScholar,FOUND
Industry 4.0: Clustering of concepts and characteristics,"Dinara Dikhanbayeva, Sabit Shaikholla, Essam Shehab, Zhanybek Suleiman, Ali Turkyilmaz",Cogent Engineering,9.0,1,,2022,10.1080/23311916.2022.2034264,21-Feb-2022,https://doi.org/10.1080/23311916.2022.2034264,24726.0,115.0,"The Fourth Industrial Revolution, also known as Industry 4.0, stems from the rapid advancement of digital technologies such as the Internet of Things and Cyber-Physical Production Systems. It has the potential to weave positive changes to firms and impact organizational structure layers. Therefore, it provides an impetus for the collaboration of factories, suppliers, and customers. Nevertheless, due to the difference of Industry 4.0 vision among companies, there is a lack of unified perception and approach of its implementation roadmap. Therefore, many firms in both developed and developing countries that step in the way of digital transformation encounter not only organizational, technological, and operational challenges but are also compelled to cope with a large deal of confusion. Hence, this paper aims to identify the main concepts, characteristics, and technology enablers related to Industry 4.0 to provide stakeholders with a clear understanding of this paradigm. It then clusters and matches the derived concepts and characteristics associated with Industry 4.0. Further, the paper provides an analysis of how these clusters are supported by technology enablers of Industry 4.0, as well as managerial implications.",SemanticScholar,FOUND
"AI-governed audit assurance: A conceptual framework integrating predictive intelligence, governance controls, and continuous assurance",Naveen Nandal,EDPACS,,,p1 - p21,5187,10.1080/07366981.2026.2667950,10-May-2026,https://doi.org/10.1080/07366981.2026.2667950,82.0,2.0,,,NOT_FOUND
An integrative framework of organizational augmented intelligence (AI+) for smarter organizations,"Antoine Harfouche, Mario Saba, Peter Saba",Journal of Decision Systems,35.0,1,,2026,10.1080/12460125.2026.2714651,07-Aug-2026,https://doi.org/10.1080/12460125.2026.2714651,209.0,0.0,,,NOT_FOUND
Defining business analytics: an empirical approach,"M Daly, C Heavin, J McDermott, D J Power",Journal of Business Analytics,1.0,1,p40 - p53,2018,10.1080/2573234x.2018.1507605,23-Aug-2018,https://doi.org/10.1080/2573234x.2018.1507605,61830.0,64.0,,,NOT_FOUND
Implementation of an intelligent supply chain control tower: a socio-technical systems case study,Ilias Vlachos,Production Planning & Control,34.0,15,p1415 - p1431,2023,10.1080/09537287.2021.2015805,13-Dec-2021,https://doi.org/10.1080/09537287.2021.2015805,2845.0,54.0,"Despite the proliferation of Industry 4.0 technologies, there is little guidance concerning how companies can integrate them in their supply chains. This study examines the implementation of a supply chain (SC) control tower (SCCT) by a large manufacturing company aiming to create an intelligent supply chain. This study applies Socio-Technical systems (STS) theory using the technology typology (long-linked, mediating, intensive) in the context of industry 4.0. The company followed a three-phase implementation plan (I: Initiation, II: Live, III: Continuous improvement) to transit from outsourcing supply chain control to developing the SCCT control structure and then creating intelligent SC assets and capabilities. The study shows that the SCCT needs to integrate all three technology types to reflect the intelligent supply chain. Further, it shows that the interactions of technologies with the SCCT team, internal and external supply chain stakeholders are critical in managing the development, implementation, and growth of intelligent supply chains. It identifies transition barriers including system misalignment, poor socio-technical integration, and an invert of trust between internal and external supply chain stakeholders. The intelligent supply chain emerges as a result of managing socio-technical interactions systematically.",SemanticScholar,FOUND
The Digital Edge: A Systematic Review of AI-Driven Competitive Advantage,"Duarte Condeço, João J Ferreira, Justin Z Zhang",Journal of Computer Information Systems,,,p1 - p15,5187,10.1080/08874417.2026.2615088,29-Jan-2026,https://doi.org/10.1080/08874417.2026.2615088,365.0,3.0,,,NOT_FOUND
Digital health competences and AI beliefs as conditions for the practice of evidence-based medicine: a study of prospective physicians in Canada,"Guy Paré, Louis Raymond, Mickaël Ringeval, Gerit Wagner",Medical Education Online,30.0,1,,2025,10.1080/10872981.2025.2459910,31-Jan-2025,https://doi.org/10.1080/10872981.2025.2459910,3854.0,8.0,"Background The practice of evidence-based medicine (EBM) has become pivotal in enhancing medical care and patient outcomes. With the diffusion of innovation in healthcare organizations, EBM can be expected to depend on medical professionals’ competences with digital health (dHealth) and artificial intelligence (AI) technologies. Objective We aim to investigate the effect of dHealth competences and perceptions of AI on the adoption of EBM among prospective physicians. By focusing on dHealth and AI technologies, the study seeks to inform the redesign of medical curricula to better prepare students for the demands of evidence-based medical practice. Methods A cross-sectional survey was administered online to students at the University of Montreal’s medical school, which has approximately 1,400 enrolled students. The survey included questions on students’ dHealth competences, perceptions of AI, and their practice of EBM. Using structural equation modeling (SEM), we analyzed data from 177 respondents to test our research model. Results Our analysis indicates that medical students possess foundational knowledge competences of dHealth technologies and perceive AI to play an important role in the future of medicine. Yet, their experiential competences with dHealth technologies are limited. Our findings reveal that experiential dHealth competences are significantly related to the practice of EBM (β = 0.42, p < 0.001), as well as students’ perceptions of the role of AI in the future of medicine (β = 0.39, p < 0.001), which, in turn, also affect EBM (β = 0.19, p < 0.05). Conclusions The study underscores the necessity of enhancing students’ competences related to dHealth and considering their perceptions of the role of AI in the medical profession. In particular, the low levels of experiential dHealth competences highlight a promising starting point for training future physicians while simultaneously strengthening their practice of EBM. Accordingly, we suggest revising medical curricula to focus on providing students with practical experiences with dHealth and AI technologies.",SemanticScholar,FOUND
Artificial Intelligence and Information Literacy in Higher Education Institutions: Global Publication Trends and Patterns,"Amirah Saad ALZahrani, Kamal Ahmad, Parvez Ahmad, Akhtar Hussain",The International Information & Library Review,58.0,1,p67 - p87,2026,10.1080/10572317.2026.2614894,18-Jan-2026,https://doi.org/10.1080/10572317.2026.2614894,529.0,3.0,"This study utilized global publication trends and patterns to comprehensively analyze current research on artificial intelligence (AI) and information literacy (IL) in higher-education institutions (HEIs). This study employed bibliometric indicators to identify key trends, patterns, and research gaps in the literature review. A comprehensive dataset of 701 research papers on AI and IL in HEIs published between 2015 and 2025 was collected and analyzed via the Web of Science database. Various bibliometric tools, such as Biblioshiny, HistCite, VOSviewer, and Python, were used to enhance this analysis. The findings of this study reveal exponential growth in publications, particularly after the emergence of generative AI and ChatGPT, underscoring the dynamic nature of the field. China, the USA, and the UK dominate productivity, whereas countries such as India and Germany demonstrate high citation impacts despite fewer outputs. Author productivity analysis deviates from Lotka’s Law, showing that most contributors published only once, whereas a few scholars and journals shaped discourse. Thematic mapping identified artificial intelligence, higher education, and literacy as core research clusters, with emerging attention to generative AI, chatbots and ethics. Despite its rapid expansion, research remains fragmented, with significant gaps in conceptual clarity, ethical considerations, and inclusivity across different regions. This study contributes to the understanding of the evolving role of AI in advancing IL, offering insights into future pedagogies, policies, and interdisciplinary collaboration in higher education and beyond.",SemanticScholar,FOUND
Rethinking supply chains in the age of digitalization,"Samuel Fosso Wamba, Gary Graham, Patrick A Hennelly, Jagjit Singh Srai",Production Planning & Control,31.0,2-3,p93 - p95,2020,10.1080/09537287.2019.1631469,04-Dec-2019,https://doi.org/10.1080/09537287.2019.1631469,12053.0,62.0,"Digitalization is the use and adoption of external digital technologies (i.e. resources (such as machine learning, IoT, big data and blockchain)) by organizations, to improve their supply chain and...",SemanticScholar,FOUND
"Computation, data and AI in Anthropocene history","Johan Gärdebo, Adam Wickberg",History and Technology,39.0,3-4,p328 - p346,2023,10.1080/07341512.2024.2330724,08-Apr-2024,https://doi.org/10.1080/07341512.2024.2330724,4340.0,9.0,"This essay engages with recent scholarship on the epistemology of AI, data and automation, to assert how these practices are becoming increasingly central both to the projects of monitoring and of managing a global environment. We also review Jürgen Renn’s recent contribution The Evolution of Knowledge (2020) in relation to the history of environmental data. Using Renn as point of departure, we stake out a way for understanding the Anthropocene through the interaction between data and environment, taking into account the deeper political implications of datafication. We conclude with discussions about how historians of technology and environment could play an important role in assessing the opportunities and risks of AI for global environmental justice before their full-scale implementation is a fait accompli. In face of the Anthropocene, there is a general need today for integrative efforts of bridging knowledge from natural, technical, social and humanistic domains, and therefore a strong imperative for humanistic studies to transposetools, methodologies, and insights into the realms of policymaking, and legislation. Thus, assessments of AI and environment must account for these historical processes in the present as well as offer critical analysis of the full ontological spectrum from object to epistemology via data and mediation.",SemanticScholar,FOUND
2018 R&D Trends Forecast,,Research-Technology Management,61.0,1,p23 - p34,2018,10.1080/08956308.2018.1399021,02-Jan-2018,https://doi.org/10.1080/08956308.2018.1399021,873.0,8.0,,,NOT_FOUND
Integrating artificial intelligence and human resource management: a review and future research agenda,"Timothy Bartram, Di Fan, Qinyan Gong",The International Journal of Human Resource Management,36.0,1,p103 - p141,2025,10.1080/09585192.2024.2440065,27-Dec-2024,https://doi.org/10.1080/09585192.2024.2440065,7705.0,84.0,"The integration of artificial intelligence (AI) into human resource management (HRM) represents a rapidly evolving area of practice and research. This review aims to identify nascent AI research trends within HRM and capture the value potential of technology. We outline the developmental trajectory of AI in HRM research and discuss the implications of management theories on AI in organizations. Based on co-word network analysis, the study identifies four pathways of published articles related to HRM: AI-enhanced collaboration, AI-driven workplace, AI-enabled business models, and AI-powered innovation. Finally, we highlight promising avenues for future research across four intersecting domains to advance understanding in this intelligence era.",SemanticScholar,FOUND
Discovering Latent Topics and Trends in Digital Technologies and Disaster Management Research: A Structural Topic Modeling Approach,"Vinit Ghosh, Gaurav Kabra, Rohan Mukherjee",Engineering Management Journal,37.0,5,p505 - p521,2025,10.1080/10429247.2024.2345526,22-May-2024,https://doi.org/10.1080/10429247.2024.2345526,579.0,10.0,"The application of Digital Technologies (DTs) in disaster management has recently received much attention. It is imperative to summarize the existing literature in this area to identify the key research topics and possible future directions. Our study is the first of its kind to use an efficient, scalable, data-driven review approach using structural topic modeling to identify the links between DTs and disaster management. The paper has analyzed peer-reviewed Scopus-indexed journal articles on DTs and disaster management published between 2011 and 2023. Nine key research topics were identified, including topics such as technology awareness and education in disaster management, Use of social media in crisis communication, Disaster management interventions through autonomous systems, Communication networks and data applications in disasters, and Disaster management modelling. The topics and future directions represent areas where research and exploration make an important contribution to disaster management by leveraging DTs for better preparedness, response, and recovery in crisis situations.",SemanticScholar,FOUND
A framework for evaluating the barriers to adopting Industry 4.0 in Indian SMEs: an approach of best-worst method,"Pravin Kumar, Roshan Kumar, Garima Sharma, Rajesh Kumar Singh, Anurika Vaish",Journal of Management Analytics,11.0,4,p705 - p737,2024,10.1080/23270012.2024.2362645,12-Sep-2024,https://doi.org/10.1080/23270012.2024.2362645,432.0,3.0,,,NOT_FOUND
Marketing 5.0: Technology for Humanity,Abhijit Roy,Journal of International Consumer Marketing,37.0,2,p173 - p176,2025,10.1080/08961530.2024.2448649,04-Jan-2025,https://doi.org/10.1080/08961530.2024.2448649,1188.0,7.0,,,NOT_FOUND
Systematic review: a bibliometric analysis of building technology and its potential applications to artificial intelligence in the field of cultural heritage conservation from 2013 to 2023,"Bo Li, Weicong Li, Yong Long Lim",Journal of Asian Architecture and Building Engineering,25.0,2,p1021 - p1043,2026,10.1080/13467581.2025.2467251,20-Feb-2025,https://doi.org/10.1080/13467581.2025.2467251,4664.0,19.0,,,NOT_FOUND
"The Impact of Digital Intelligence Transformation on Manufacturing Enterprises' Operational Efficiency: Evidence from Human Capital Quality, Management Efficiency, and Innovation Capability","Xiqiong He, Lan Lan, Hefeng Li",Emerging Markets Finance and Trade,,,p1 - p13,5187,10.1080/1540496x.2026.2677624,10-Jun-2026,https://doi.org/10.1080/1540496x.2026.2677624,79.0,0.0,,,NOT_FOUND
Examining Factors that Influence Intent to Adopt Data Science,"Cheryl Aasheim, Hayden Wimmer",Journal of Computer Information Systems,59.0,1,p43 - p51,2019,10.1080/08874417.2017.1295790,13-Apr-2017,https://doi.org/10.1080/08874417.2017.1295790,621.0,5.0,,,NOT_FOUND
Systematic Literature Review on Knowledge Graphs in Construction Management from a Multi-Modal Perspective,"Shaohua Jiang, Jingqi Zhang",International Journal of Human–Computer Interaction,41.0,5,p2788 - p2807,2025,10.1080/10447318.2024.2387421,16-Aug-2024,https://doi.org/10.1080/10447318.2024.2387421,881.0,3.0,"The research of knowledge graph in construction management (KGCM) has become a current research hotspot. However, there are problems of insufficient data sources, low accuracy of information and the need for manual intervention in construction management, which needs to be improved urgently. This article adopts a hybrid review approach to comprehensively analyze the current research status of KGCM and summarizes the research results of KGCM. In addition, the gaps and future development directions are explored from a multi-modal perspective. The study shows that the research on KGCM under the multi-modal perspective still faces three major challenges: (1) Construction process modeling and optimization, (2) construction resource management and scheduling, (3) construction risk identification and response. This research provides new ideas and methods for the planning, design, construction and operation of engineering projects.",SemanticScholar,FOUND
Artificial intelligence-driven supply chain resilience in Vietnamese manufacturing small- and medium-sized enterprises,"Amelie Abadie, Soumyadeb Chowdhury, Prasanta Kumar Dey, Sobhan Sarkar, Emilia Vann Yaroson",International Journal of Production Research,62.0,15,p5417 - p5456,2024,10.1080/00207543.2023.2179859,23-Mar-2023,https://doi.org/10.1080/00207543.2023.2179859,17132.0,266.0,"Despite the exponential growth of artificial intelligence (AI) research in operations, supply chain, and productions management literature, empirical insights on how organisational behavioural mechanisms at the human–technology interface will facilitate AI adoption in small- and medium-sized enterprises (SMEs), and subsequent impact of the adoption on sustainable practices and supply chain resilience (SCR) is under-researched. To bridge these gaps, we integrate resource orchestration and knowledge-based view theoretical perspectives to develop a novel structural model examining antecedents to SCR and AI adoption, considering AI adoption as a pivot for facilitating SCR. The structural equation modelling technique was employed on the data collected from 280 Vietnamese manufacturing SMEs’ operations managers. Our results demonstrate that leadership will drive AI adoption by creating a data-driven, digital and conducive culture, and strengthening employee skills and competencies. Furthermore, AI adoption positively influences CE practices, SC agility and risk management, which will help to achieve SCR. For managers, the importance of internal organisational employee-centric mechanisms to create value from AI adoption without impeding business value is highlighted. We reveal the enablers that will help in transforming SMEs to become resilient by deriving appropriate responses to unprecedented disruptions through data-driven decision-making leveraging AI adoption.",SemanticScholar,FOUND
"Varieties of corporate innovation systems and their interplay with global and national systems: Amazon, Facebook, Google and Microsoft's strategies to produce and appropriate artificial intelligence",Cecilia Rikap,Review of International Political Economy,31.0,6,p1735 - p1763,2024,10.1080/09692290.2024.2365757,24-Jun-2024,https://doi.org/10.1080/09692290.2024.2365757,14531.0,31.0,"The widely accepted globalization of innovation entails two interrelated undertheorized aspects: (1) the capacity of certain firms to orchestrate transnational innovation systems appropriating successful results, which some have explained with the concept of corporate innovation systems (CIS), and (2) the co-existence of such globalization with those CIS and national innovation systems. I address these matters analysing US Big Tech artificial intelligence (AI) CIS showing that they combine multiple mechanisms to co-produce and appropriate AI. I propose ‘frenemy’ to describe Microsoft’s strategy because many Chinese organizations and even direct competitors integrate its CIS. ‘University’ symbolises Google’s strategy, given its focus on fundamental AI, its central place in the AI research field and appropriation mechanisms that are not translating into clear business advantages. ‘Secrecy’ defines Amazon’s strategy, maximizing knowledge inflows while minimizing outflows. Facebook, with the narrowest AI CIS, exhibits an ‘application-centred’ strategy. Ultimately, this paper contributes to understanding the multiple mechanisms used by leading corporations for controlling and shaping frontier transnational knowledge production and appropriation. By doing so, it advances our knowledge of the interplay between different innovation spheres (national, global and corporate) and highlights the dangers of CIS’s encroachment of national and global systems.",SemanticScholar,FOUND
Bias in Using AI for Recruiting: Legal Considerations,"Danielle R Lombardi, Cathy A Rusinko, Janice C Sipior, Burke T Ward",Information Systems Management,,,p1 - p14,5187,10.1080/10580530.2023.2294453,14-Dec-2023,https://doi.org/10.1080/10580530.2023.2294453,2097.0,10.0,"The increased development and use of artificial intelligence (AI) in recruitment decision-making may exacerbate bias or give rise to new biases. Delivering unbiased judgments in recruiting is critical because, beyond ethics and fairness, if proven otherwise, companies can be legally liable. This paper discusses bias in AI recruiting tools, examines legal considerations applicable to biased and discriminatory outcomes, and concludes by offering recommendations for employers on how to manage or mitigate bias in AI.",SemanticScholar,FOUND
"Researched topics, patterns, barriers and enablers of artificial intelligence implementation in supply chain: a Latent-Dirichlet-allocation-based topic-modelling and expert validation","Ismail Badraoui, Samuel Fosso Wamba, Youssra Riahi, Tarik Saikouk",Production Planning & Control,36.0,5,p565 - p592,2025,10.1080/09537287.2023.2286523,04-Dec-2023,https://doi.org/10.1080/09537287.2023.2286523,1537.0,22.0,"The dynamic and ever-evolving landscape of modern technologies, consumer preferences, and competitive forces pose a perpetual challenge to the adaptive capabilities and resilience of supply chains (SC). In response, enterprises are increasingly considering the integration of artificial intelligence (AI) to facilitate strategic metamorphosis, thereby giving rise to a plethora of AI-based functional applications in the realm of supply chain management (SCM). Despite the potential benefits of AI applications in current SCs, very few cases of their successful implementation can be found in the industry, and research into the driving forces and factors impacting the implementation of AI applications in SCs remains scarce. Accordingly, this study explores the literature to discern emerging researched topics, patterns of AI implementation in SC and understand why the enthusiasm around this implementation does not translate into successful action through an investigation around the barriers and enablers of AI implementation in SC. To answer our research questions, we performed a systematic topic modelling-based inductive content analysis to scrutinise the researched topics and patterns in AI implementation in SC and deductively identify the different categories of barriers to and enablers of AI implementation in SCs. To further refine and validate the findings, a group of experts were consulted using semi-structured interviews, which served to both validate and expand upon the identified categories. Finally, we developed a framework for understanding AI implementation in SCs.",SemanticScholar,FOUND
Industry 4.0 digital transformation and opportunities for supply chain resilience: a comprehensive review and a strategic roadmap,"Behzad Foroughi, Morteza Ghobakhloo, Mohammad Iranmanesh, Ahmad A A Khanfar, Davoud Nikbin, Ming-Lang Tseng",Production Planning & Control,36.0,1,p61 - p91,2025,10.1080/09537287.2023.2252376,11-Sep-2023,https://doi.org/10.1080/09537287.2023.2252376,25558.0,154.0,"Despite interest in opportunities that Industry 4.0 offers for Supply Chain Resilience (SCR), little is known about the underlying mechanisms for such contributions. The study develops a roadmap that explains how supply chains can capitalize on Industry 4.0 SCR functions. The study conducted a content-centric literature review and identified 16 functions through which Industry 4.0 enhances SCR. Results reveal that the Industry 4.0 SCR functions identified are highly interrelated, and supply chain members should align their digitalization strategies with the sequence in which Industry 4.0 delivers these functions. Industry 4.0 contribution to SCR first involves delivering data-centric functions such as supply chain automation, information and communication quality, process monitoring, and visibility. Industry 4.0 further allows supply chain partners to collaborate better on improving supply chain mapping, complexity management, and innovation capabilities. Through these functions and by increasing transparency, flexibility, and agility of supply chain operations, Industry 4.0 delivers more dependent but consequential resilience functions such as supply chain responsiveness, adaptive capability, and continuity management. The roadmap further explains how each pair of Industry 4.0 SCR functions mutually interact while contributing to the overall resilience of the supply chain. The study discusses possible implications and outlines important avenues for future research.",SemanticScholar,FOUND
Artificial intelligence in green production and industrial engineering: challenges and future perspectives,"Taufik Kurrahman, Ming K Lim, Kanchana Sethanan, Feng Ming Tsai, Ming-Lang Tseng",Journal of Industrial and Production Engineering,43.0,4,p530 - p551,2026,10.1080/21681015.2025.2592550,23-Nov-2025,https://doi.org/10.1080/21681015.2025.2592550,171.0,1.0,"This study presents key perspectives and challenges in relation to artificial intelligence in green production and industrial engineering. Numerous studies have examined the benefits of artificial intelligence for achieving operational efficiency and improved environmental performance; however, few studies have identified future perspectives and challenges. In this study, content, bibliographic and cluster analyses are conducted to extract and cluster attributes related to artificial intelligence in green production and challenges in industrial engineering from the Scopus database, and meta-analysis is used to validate the topics and refine the attributes and clusters. The entropy weighted method and fuzzy Delphi method are utilized to identify key challenges. Fuzzy decision-making trials and laboratory evaluations are performed to analyze perspectives that should be prioritized on the basis of cause-and-effect interrelationships. The results reveal that data management and analysis as well as waste and risk management are key future perspectives that must be addressed.",SemanticScholar,FOUND
"The emergence of cognitive digital twin: vision, challenges and opportunities","Dimitris Kiritsis, Jinzhi Lu, Xiaochen Zheng",International Journal of Production Research,60.0,24,p7610 - p7632,2022,10.1080/00207543.2021.2014591,24-Dec-2021,https://doi.org/10.1080/00207543.2021.2014591,30192.0,309.0,"As a key enabling technology of Industry 4.0, Digital Twin (DT) has been widely applied to various industrial domains covering different lifecycle phases of products and systems. To fully realize the Industry 4.0 vision, it is necessary to integrate multiple relevant DTs of a system according to a specific mission. This requires integrating all available data, information and knowledge related to the system across its entire lifecycle. It is a challenging task due to the high complexity of modern industrial systems. Semantic technologies such as ontology and knowledge graphs provide potential solutions by empowering DTs with augmented cognitive capabilities. The Cognitive Digital Twin (CDT) concept has been recently proposed which reveals a promising evolution of the current DT concept towards a more intelligent, comprehensive, and full lifecycle representation of complex systems. This paper reviews existing studies relevant to the CDT concept, and further explores its definitions and key features. To facilitate CDT development, a reference architecture is proposed based on the RAMI4.0 and some other existing architectures. Moreover, some key enabling technologies and several application scenarios of CDT are introduced. The challenges and opportunities are discussed in the end to boost future studies.",SemanticScholar,FOUND
Dynamic adaptive mechanism for construction investment decision-making under multi-factor interactions: risk-oriented modelling framework with pathways to digital twin,"Guangfeng Cheng, Dong Luo",Digital Twin,3.0,2,,2026,10.1080/27525783.2025.2570262,11-Nov-2025,https://doi.org/10.1080/27525783.2025.2570262,1035.0,1.0,,,NOT_FOUND
2023 R&D Trends Forecast,,Research-Technology Management,66.0,1,p16 - p25,2023,10.1080/08956308.2023.2142436,20-Dec-2022,https://doi.org/10.1080/08956308.2023.2142436,546.0,5.0,"Since 1984, the Innovation Research Interchange (IRI) has surveyed R&D and innovation leaders about their actual activity and R&D budgets for the past year and their expectations and projections for R&D investment levels, activities, budgets, and other important factors for the year ahead. The survey also asks about the geographical dispersion of R&D facilities, innovation leaders’ top concerns and views about macro trends, and the factors contributing to variance between actual and projected spending levels for both the preceding and upcoming year. The result is an analysis that highlights what matters most to innovation professionals. The primary goal of the survey is to map expectations regarding spending levels for the coming year. Recent historical data give context to this annualized snapshot and the forces driving those expectations. 2022 held its share of surprises and challenges to organizations responding to the survey. The war in Ukraine, inflation, and supply chain issues replaced concerns about the pandemic. While not as optimistic as last year’s respondents, this year’s respondents showed expectations similar to the pre-pandemic period with an optimistic outlook shown by increased spending overall and increases in staffing (Industrial Research Interchange 2018, 2019).",SemanticScholar,FOUND
Industry 4.0 in the Perspective of Supply Chain Management: Evolution and Future Research Agenda,"Parthiban Palanisamy, Kamlesh Pant",Engineering Management Journal,37.0,1,p52 - p70,2025,10.1080/10429247.2024.2350287,13-May-2024,https://doi.org/10.1080/10429247.2024.2350287,557.0,5.0,"With the rise of Industry 4.0 (I4.0), there has been a shift from traditional to digital ways of running businesses by bringing the real and virtual worlds together. This study examines I4.0 literature in Supply chain management (SCM) over the last five years, finds essential research areas and gaps, and suggests a roadmap of new possibilities and opportunities for further research. First, a performance analysis was undertaken in which the most relevant or productive authors, leading journals, and top countries were examined. Second, a science mapping analysis involving citation, co-citation, and keyword analysis was conducted. Third, a thematic analysis was performed in which numerous themes were discussed in the direction of I4.0 in SCM. The authors examined 260 research publications published during the last five years. The authors used the R package bibliometrix, biblioshiny application, and the Vosviewer to visualize the structure of over 19,000 different references. Finally, the paper suggests a framework for implementing I4.0 in the supply chain (SC). The outcome of this study will help academic scholars, industry practitioners and engineering managers to identify significant themes and areas and implement I4.0 standards in SCM.",SemanticScholar,FOUND
Artificial Intelligence and the UK Construction Industry - Empirical Study,"Haddy Jallow, Farzad Rahimian, Suresh Renukappa, Subashini Suresh",Engineering Management Journal,35.0,4,p420 - p433,2023,10.1080/10429247.2022.2147381,15-Dec-2022,https://doi.org/10.1080/10429247.2022.2147381,2682.0,18.0,"There is a lack of research on the use of Artificial Intelligence (AI) within the construction sector in the UK. Therefore, this research seeks to explore AI uses and its benefits on the UK construction industry. Given the new and unexplored nature of the research problem, a qualitative case study research methodology was adopted. Construction projects, which have adopted some of the AI forms all around the UK, are investigated extracting the use of the technology and how processes within the construction industry can benefit from the adoption of AI. Developing an AI system can benefit the construction industry in terms of the planning process, organizations have implemented AI systems to accomplish tasks such as tunnel inspections, safety hazard identifying, and risk management. These implementations have proved to be successful and efficient in improving production within the organizations. This paper highlights the key uses and benefits of AI-based systems within the construction industry. The business model was developed based on current work practices with AI and without AI. It is concluded that the industry as a whole should enhance coordination and cooperation across the value chain and agree on common goals and standards for the adoption of AI.",SemanticScholar,FOUND
Operational shipping intelligence through distributed cloud computing,"Dragos Sebastian Cristea, Abbas Mardani, Khalil Md Nor, Liliana Mihaela Moga, Mihaela Neculita, Olegas Prentkovskis",Journal of Business Economics and Management,18.0,4,p695 - p725,2017,10.3846/16111699.2017.1329162,27-Aug-2017,https://doi.org/10.3846/16111699.2017.1329162,50.0,15.0,"This paper provides a conceptual architecture for a cloud based platform design, that implements continuously data storage and analysis services for large maritime ships, with the purpose to provide valuable insights for maritime transportation business. We do this by first identifying the need on the shipping market for such kind of systems and also the significance and impact of different factors related to shipping business processes. The architecture presented throughout this paper will be defined around some of the most currently used ICT technologies, like Amazon Cloud Services, Sql Server Databases, .NET Platform, Matlab 2016 or JavaScript visualization libraries. The proposed system makes possible for a maritime company to gain more knowledge for optimizing the efficiency of its operations, to increase its financial benefits and its competitive advantage. The platform architecture was designed to make possible the storage and manipulation of very large datasets, also allowing the possibility of using different data mining techniques for inferring knowledge or to validate already existent models. Ultimately, the developed methodology and the presented outcomes demonstrate a vast potential of creating better technological management systems for the shipping industry, starting from the challenges but also from the huge opportunities this sector can offer.",SemanticScholar,FOUND
A MATURITY CAPABILITY FRAMEWORK FOR SECURITY OPERATION CENTER,"Yassine Maleh, Karim Ouazzane, Issam Taqafi",EDPACS,67.0,3,p21 - p38,2023,10.1080/07366981.2023.2159047,29-Dec-2022,https://doi.org/10.1080/07366981.2023.2159047,385.0,7.0,"Owning a Security Operation Center (SOC) is becoming increasingly common for organizations as part of their cybersecurity strategy to ensure near-real-time detection and adequately respond to cyber-attack engaging the SOC’s humans, technology, and processes. However, SOC investments only sometimes achieve the best possible outcomes and only provide an acceptable protection level in some cases due to the challenges related to the technologies, processes and especially the human factor. This paper proposes a new practical maturity framework for Security Operation Center. This will serve as a roadmap for IT auditors and security experts when they evaluate the maturity of a security operation center in terms of safeguarding the assets of the company, its partners, and its clients.",SemanticScholar,FOUND
An integrated artificial intelligence framework for public management,"Wilhelm M Müller, Bernd W Wirtz",Public Management Review,21.0,7,p1076 - p1100,2019,10.1080/14719037.2018.1549268,03-Dec-2018,https://doi.org/10.1080/14719037.2018.1549268,8070.0,241.0,"Artificial intelligence (AI) extends the limits of current performance in data processing and analysis many times over. Since this states a great improvement in managing public data, this conceptual study discusses the use of AI in public management structures in connection with their risks and side effects. The exercise of state power and public influence through intelligent machines make ethical and political guidelines essential for their operation, constituting the cornerstones of the AI framework model developed here. The organizational structure and technical specification are additional aspects of the AI that determine design and functionality of the framework model in practical application.",SemanticScholar,FOUND
Explainable artificial intelligence in the talent recruitment process-a literature review,"Lin Pan, Fang Tang, Feng Yao, Gening Zhang",Cogent Business & Management,12.0,1,,2025,10.1080/23311975.2025.2570881,13-Oct-2025,https://doi.org/10.1080/23311975.2025.2570881,9022.0,7.0,"With the widespread application of artificial intelligence in talent recruitment, the ‘black-box’ nature of AI, which leads to insufficient transparency and interpretability in decision-making, has gradually become a key challenge. This paper reviews the application of Explainable AI technologies throughout the entire talent recruitment process, aiming to analyze the role of XAI in enhancing decision-making transparency and traceability. The study finds that XAI, through interpretable algorithms such as LIME, SHAP, knowledge graphs, and causal reasoning, has significantly improved semantic understanding in resume parsing, precision in person-job recommendations, and analytical capabilities in interview evaluations. However, potential biases in generative large models, insufficient cross-scenario interpretability, and computational efficiency issues remain major bottlenecks. Future research should focus on dynamic fairness constraints and the integration of lightweight interpretability tools to promote the coordinated development of XAI in terms of ethical compliance, user trust, and practicality.",SemanticScholar,FOUND
"The dark side of the industrialisation of accountancy: innovation, commoditization, colonization and competitiveness","John R Bryson, Emma C Gardner",Industry and Innovation,28.0,1,p42 - p57,2021,10.1080/13662716.2020.1738915,12-Mar-2020,https://doi.org/10.1080/13662716.2020.1738915,2305.0,23.0,"Technological innovation continues to play a fundamental role in disrupting many industries, but the impacts of digital innovation on accountancy and its effect on firms and individuals remain somewhat overlooked. Nevertheless, technological innovation is transforming accountancy work and business models as firms react to competition and regulatory restrictions. The analysis of sixty semi-structured interviews with UK accounting firms reveals how the adoption of new technology and alterations in regulations impacts on accounting practices. In turn, this research raises questions about the nature of professional occupations, the deskilling of accountancy and colonization of new service areas, challenging the extant conceptualisation of knowledge-intensive services.",SemanticScholar,FOUND
Envisioning Building-as-Energy-Service in the European context. From a literature review to a conceptual framework,"Massimiliano Manfren, Maurizio Sibilla",Architectural Engineering and Design Management,18.0,4,p495 - p520,2022,10.1080/17452007.2021.1910924,07-Apr-2021,https://doi.org/10.1080/17452007.2021.1910924,2735.0,6.0,"Positive Energy Buildings (PEBs) represent an emerging paradigm for high performance in the building sector. This paradigm focuses on the possibility of exploiting the interaction between individual NZEBs and smart Smart Grids, using energy surplus exchange. Acknowledging this technical potential, building sector should re-think the role of individual buildings as nodes of intelligent energy infrastructures with large penetration of distributed renewable energy resources. This requires a better understanding of the emerging properties related to PEBs and an organisation of new alliances across sectors in order to put PEBs nets into practice. However, there is no evidence of a comprehensive socio-technical framework concerning PEBs nets working at scale. This paper aims to fill this gap. Through a literature review, based on Constructive Grounded Theory Method, it proposes a new conceptual framework focused on Buildings-as-Energy-Service as a key enabler for creating PEBs nets. Research findings are organised according to four integrated lines of research, which describe: the trajectory towards PEBs nets; the management of new alliances across sectors; the definition of an ecosystem of applications for PEBs; and, the socio-technical implications in putting PBEs into practice. These research lines may contribute to re-inventing the role of the building sector in delivering tailor-made products and services for a low carbon society. Thus, academic and non-academic stakeholders in the fields of Architecture, Engineering, Construction, and Planning might find this conceptual framework useful, as it summarises significant potential interactions among these sectors, emerging from recent studies. Highlights A conceptual framework is proposed as a key enabler for creating PEBs nets. New peculiarities offered by PEBs nets are conceptualised The importance of re-thinking buildings as active nodes in infrastructures is motivated. Knowledge fragmentation is recomposed to reshape building sector alliances. Exploratory research, based on the Constructive Grounded Theory method, is conducted.",SemanticScholar,FOUND
Artificial Intelligence and the Public Sector-Applications and Challenges,"Carolin Geyer, Jan C Weyerer, Bernd W Wirtz",International Journal of Public Administration,42.0,7,p596 - p615,2019,10.1080/01900692.2018.1498103,24-Jul-2018,https://doi.org/10.1080/01900692.2018.1498103,39090.0,1033.0,"Advances in artificial intelligence (AI) have attracted great attention from researchers and practitioners and have opened up a broad range of beneficial opportunities for AI usage in the public sector. Against this background, there is an emerging need for a holistic understanding of the range and impact of AI-based applications and associated challenges. However, previous research considers AI applications and challenges only in isolation and fragmentarily. Given the lack of a comprehensive overview of AI-based applications and challenges for the public sector, our conceptual approach analyzes and compiles relevant insights from scientific literature to provide an integrative overview of AI applications and related challenges. Our results suggest 10 AI application areas, describing their value creation and functioning as well as specific public use cases. In addition, we identify four major dimensions of AI challenges. We finally discuss our findings, deriving implications for theory and practice and providing suggestions for future research.",SemanticScholar,FOUND
The role of artificial intelligence in supply chain management: mapping the territory,"Angappa Gunasekaran, Hokey Min, Ziaul Haque Munim, Rohit Sharma, Anjali Shishodia",International Journal of Production Research,60.0,24,p7527 - p7550,2022,10.1080/00207543.2022.2029611,09-Feb-2022,https://doi.org/10.1080/00207543.2022.2029611,38621.0,314.0,"The study aims to identify the current trends, gaps, and research opportunities in research pertaining to the disruptive field of artificial intelligence (AI) applications in supply chain management (SCM). Since SCM represents managerial innovation due to its new way of integrated system thinking, SCM has emerged as one of the most fruitful business disciplines for AI applications. The study utilises bibliometric review in tracing the evolution of AI research in SCM and further synthesises decades of past AI research efforts to develop viable solutions for various supply chain problems and then proposes promising future research themes that would enrich supply chain decision-aid tools. The study identified five main research clusters through scholarly network and content analysis. The identified themes were: (a) supply chain network design (SCND), (b) supplier selection, (c) inventory planning, (d) demand planning, and (e) green supply chain management. As the role of AI in SCM continues to grow, there is a growing need for exploiting AI as a way to add value to supply chain process. The study proposes a research framework which will help academicians and practitioners in identifying current research patterns of AI in SCM.",SemanticScholar,FOUND
Desiloization and its discontents: the politics of data storage in the age of platformization,"Matthew Archer, Henriette Steiner, Nanna Bonde Thylstrup","Information, Communication & Society",27.0,13,p2419 - p2437,2024,10.1080/1369118x.2024.2371803,12-Jul-2024,https://doi.org/10.1080/1369118x.2024.2371803,3195.0,10.0,"This essay explores how desiloization strategies facilitate the emergence and increasing centralization of private platform power, rather than flattening and democratizing access to and control over data. Drawing on both an original genealogy of desiloization discourses and a case study of the World Bank’s evolving approach to desiloization, we show how the slipperiness of the notion of ‘silos’ obscures the way desiloization efforts reinforce the structural power of ‘Big Tech,’ a key characteristic of the emerging paradigm of platform capitalism. More specifically, we argue that concerns about interoperability often elide its reliance on the products and services of private, for-profit companies, engendering a mode of corporate centralization. In doing so, we build on an emergent interdisciplinary understanding of storage as an ‘infrastructural ecology,’ shifting attention from the biophysical environments to the political environments in which discourses and strategies of desiloization circulate and transpire.",SemanticScholar,FOUND
A digital curation model for post-occupancy evaluation data,"Peter Larkham, Marta Musso, Panagiotis Patlakas",Architectural Engineering and Design Management,18.0,2,p128 - p148,2022,10.1080/17452007.2021.1901219,22-Mar-2021,https://doi.org/10.1080/17452007.2021.1901219,448.0,2.0,"Post-Occupancy Evaluation (POE) is an important component of a cyclical design process that allows cost savings and promotes accountability of designers, owners, and users, as well as allowing identification of facilities issues and informed decision-making. It is reasonable to expect that the combined effect of new data-gathering technologies and the increasing urgency of sustainable building design will be that POE studies will increase and, eventually, be applied at a mass scale. Digital Curation (DC) allows for the long-term preservation and constant re-use of research data. Yet there has been no attempt so far to develop a DC strategy for POE data. This paper introduces the concept of Digital Curation and relates it to objective, quantitative POE data. A combination of a literature review and a questionnaire sent to expert respondents is utilised in order to identify data types and major Digital Curation issues relevant to POE. A Digital Curation Model (DCM) for POE data is presented, drawing from the existing models, examples, and best practice available, intended to act as a framework that enables the storage, archiving, management, recovery and utilisation of such data on a mass scale. Finally, the importance, benefits, obstacles and implications of developing a suitable DC strategy for Post-Occupancy Evaluation are discussed.",SemanticScholar,FOUND
Digital transformation and innovation in small and medium enterprises (SMEs): a systematic review and future research agenda,"Shuai Gao, Helen Hui Ping Ho, Pei-Lee Teh",Cogent Business & Management,13.0,1,,2026,10.1080/23311975.2026.2612775,11-Jan-2026,https://doi.org/10.1080/23311975.2026.2612775,7696.0,8.0,,,NOT_FOUND
RETRACTED ARTICLE: Fintech as a catalyst for innovation and sustainable growth: analyzing the dynamics of R&D Investment in China,"Vanessa Angel, Lemuel Kenneth David, Victor David, Meiling Luo 罗美铃, Jianling Wang",Asian Journal of Technology Innovation,33.0,2,p425 - p458,2025,10.1080/19761597.2024.2367230,17-Jun-2024,https://doi.org/10.1080/19761597.2024.2367230,339.0,3.0,"Retraction: Fintech as a catalyst for innovation and sustainable growth: analyzing the dynamics of R&D Investment in China We, the Editor and Publisher of the journal Asian Journal of Technology Innovation, have retracted the following article: Lemuel Kenneth David, Jianling Wang, Victor David, Meiling Luo 罗美铃& Vanessa Angel, Fintech as a catalyst for innovation and sustainable growth: analyzing the dynamics of R&D Investment in China, Asian Journal of Technology Innovation, 33 (2), 425–458.  Since publication, significant concerns have been raised about the integrity of the data and research in the article. We have contacted the authors for an explanation, but we have not received a response regarding concerns raised. As verifying the validity of published work is core to the integrity of the scholarly record, we are therefore retracting the article. The corresponding author listed in this publication has been informed. We have been informed in our decision-making by our editorial policies and the COPE guidelines. The retracted article will remain online to maintain the scholarly record, but it will be digitally watermarked on each page as ‘Retracted’.",SemanticScholar,FOUND
A path to follow to overcome foundational barriers to the adoption of artificial intelligence within the manufacturing industry: a conceptual framework,"Mario Henrique Callefi, Moacir Godinho Filho, Murís Lage Junior, Bruna Lima, Lauro Osiro, Sofia Vieira Queiroz de Almeida",Enterprise Information Systems,19.0,1-2,,2025,10.1080/17517575.2025.2458685,05-Feb-2025,https://doi.org/10.1080/17517575.2025.2458685,774.0,19.0,"Despite growing interest, many industries face foundational barriers to AI adoption, especially in emerging economies. This study systematically analyzes these barriers in manufacturing, addressing a critical gap in the literature. Unlike prior research on application-specific challenges, we focus on foundational issues that must be resolved for effective AI implementation. Using Interpretive Structural Modeling (ISM) and fuzzy MICMAC, we develop a four-level framework identifying 20 key barriers. Our framework provides actionable steps for managers, emphasizing workforce reskilling, Enterprise Information Systems (EIS), and Industry 5.0 principles. This study offers practical insights to help industries navigate AI adoption challenges.",SemanticScholar,FOUND
Electronic Customer Relationship Management Adoption: Exploring Its Evolution Through Bibliometric Analysis and Topic Modeling,"Pedro R Palos-Sanchez, Jose A Perez-Bertozzi",Journal of Relationship Marketing,,,p1 - p48,5187,10.1080/15332667.2026.2619795,05-Feb-2026,https://doi.org/10.1080/15332667.2026.2619795,252.0,1.0,,,NOT_FOUND
Sustainable manufacturing in Industry 4.0: an emerging research agenda,"Carla Gonçalves Machado, Elias Hans Dener Ribeiro da Silva, Mats Peter Winroth",International Journal of Production Research,58.0,5,p1462 - p1484,2020,10.1080/00207543.2019.1652777,20-Aug-2019,https://doi.org/10.1080/00207543.2019.1652777,65922.0,710.0,"This systematic review intends to identify how sustainable manufacturing research is contributing to the development of the Industry 4.0 agenda and for a broader understanding about the links between the Industry 4.0 and Sustainable Manufacturing by mapping and summarising existing research efforts, identifying research agendas, as well as gaps and opportunities for research development. A conceptual framework formed by the principles and technological pillars of Industry 4.0, sustainable manufacturing scope, opportunities previously identified, and sustainability dimensions, guided analysis of 35 papers from 2008–2018, selected by a systematic approach. Bibliometrics data and social network analysis complement results identifying how research is being organised and its respective research agendas, relevant publications, and status of the research lifecycle. Results point to that the current research is aligned with the goals defined by different national industrial programs. There are, however, research gaps and opportunities for field development, becoming more mature and having a significant contribution to fully developing the agenda of Industry 4.0.",SemanticScholar,FOUND
"The influence of industry 4.0, internet of things, and physical-cyber systems on human factors: a case study of workers in Indonesian oil and gas refineries","Fita Amalia, Ilyas Masudin, Dian Palupi Restuputri, Widayat",Theoretical Issues in Ergonomics Science,,,p1 - p26,5187,10.1080/1463922x.2023.2284295,27-Nov-2023,https://doi.org/10.1080/1463922x.2023.2284295,304.0,8.0,,,NOT_FOUND
"Quantum-sapiens: the quantum bases for human expertise, knowledge, and problem-solving","Steve J Bickley, Ho Fai Chan, Sascha L Schmidt, Benno Torgler",Technology Analysis & Strategic Management,33.0,11,p1290 - p1302,2021,10.1080/09537325.2021.1921137,04-May-2021,https://doi.org/10.1080/09537325.2021.1921137,526.0,16.0,,,NOT_FOUND
The individual and integrated impact of Blockchain and IoT on sustainable supply chains:a systematic review,"Rahul Chavhan, Pankaj Dutta, Pogala Gowtham, Amrinder Singh",Supply Chain Forum: An International Journal,24.0,1,p103 - p126,2023,10.1080/16258312.2022.2082851,12-Jun-2022,https://doi.org/10.1080/16258312.2022.2082851,1840.0,46.0,,,NOT_FOUND
52 Years of manufacturing strategy: an evolutionary review of literature (1969-2021),"Milind Madhukarro Akarte, Vishwas Dohale, Angappa Gunasekaran, Priyanka Verma",International Journal of Production Research,60.0,2,p569 - p594,2022,10.1080/00207543.2021.1971788,13-Sep-2021,https://doi.org/10.1080/00207543.2021.1971788,3474.0,61.0,"Manufacturing strategy is an essential aspect of production and operations management discipline. It plays a crucial role in the success of business strategy by configuring manufacturing decisions effectively to achieve the firm's competitive advantage in the marketplace. From the advent of the manufacturing strategy concept, it has advanced immensely through the contribution of researchers in scholarly outlets. This paper provides an evolutionary overview of the literature on the manufacturing strategy domain to provide the scientific landscape of existing studies for exploring the progression of the domain over five decades. In this study, 1034 articles published from 1969-2021 are selected, reviewed, and analysed. We critically explored the evolution in the publication trend, usage of keywords, and identified the prominent themes of manufacturing strategy. Based on the thematic analysis of literature, a systemic manufacturing strategy formulation framework is proposed. Further, we determined the critical strategies considered in the manufacturing domain and mapped their evolution according to the industrial revolutions. This study provides significant contributions to the progression of the manufacturing strategy domain by recommending future research opportunities identified through the literature analysis. The practitioners and policymakers can utilise the proposed systemic manufacturing strategy framework to formulate the strategy at their firm.",SemanticScholar,FOUND
Novelty detection framework for monitoring connected vehicle systems with imperfect data,"M Badfar, R B Chinnam, M Yildirim",International Journal of Production Research,63.0,18,p6690 - p6703,2025,10.1080/00207543.2025.2484320,27-Mar-2025,https://doi.org/10.1080/00207543.2025.2484320,228.0,2.0,"Shrinking product development cycles and increasing vehicle complexities necessitate a new generation of monitoring and diagnostic algorithms that can demonstrate increased autonomy and adaptivity. Conventional approaches, which make strict assumptions about data fidelity and failure ground-truth availability, face challenges in modern connected vehicle applications. This paper proposes a novelty detection-based autonomous monitoring framework that flags anomalies under sparse and noisy data with limited or no access to ground-truth information. The framework proposes an optional mechanism for extracting age-degrading features and offers a robust approach for fusing the output of heterogeneous novelty detectors to determine the health state of target components. We validate the proposed framework using connected vehicle data for 12-volt battery systems employed by a large fleet of commercial vehicles of a global automotive manufacturer. To demonstrate versatility, we also tested the framework on bench-testing data from LFP/graphite battery cells. Results demonstrate the effectiveness of the proposed framework.",SemanticScholar,FOUND
A twin data and knowledge-driven intelligent process planning framework of aviation parts,"Jingjing Li, Chao Zhang, Guanghui Zhou",International Journal of Production Research,60.0,17,p5217 - p5234,2022,10.1080/00207543.2021.1951869,19-Jul-2021,https://doi.org/10.1080/00207543.2021.1951869,1821.0,52.0,"As the core link of intelligent manufacturing, the process planning of aviation parts still faces the challenges such as relying on manual experiences for process decision-making and lack of linkage between process design and manufacturing for process optimisation. Process knowledge could support scientific decision-making on process issues, while twin data, namely high-fidelity simulation data and feedback information of manufacturing site, could further verify the process plans and optimise process parameters, so as to continuously improve the quality of process plans. Consequently, this paper proposes a general framework for twin data and knowledge-driven intelligent process planning (TDKIPP) of aviation parts, and analyses four standard procedures that support the above-mentioned reference framework, namely mechanism-data fusion process digital twin model, dynamic process knowledge base, process decision-making and evaluation, machining quality prediction and process feedback optimisation. A thus constructed test bed of TDKIPP and its four application examples about the process planning of a micro turbojet engine integral impeller demonstrate the feasibility and effectiveness of the proposed approach.",SemanticScholar,FOUND
Proselytizing the potential of influencer marketing via artificial intelligence: mapping the research trends through bibliometric analysis,"Rohit Bansal, Tapeswarapu Durga Prasad, Abdul Hafaz Ngah, Shweta Saini",Cogent Business & Management,11.0,1,,2024,10.1080/23311975.2024.2372889,01-Jul-2024,https://doi.org/10.1080/23311975.2024.2372889,4022.0,23.0,"Artificial intelligence represents the cutting-edge frontier in influencer marketing, offering a novel approach to leveraging social media data. This study aims to provide a comprehensive analysis of the recent state and future directions of artificial intelligence-infused influencer marketing through bibliometric analysis. For substantial bibliometric analysis, the study contains 316 documents published in journals indexed in the Scopus database for the period ranging from 2004 to 2023. The yearly publications have risen from 2 in 2004 to 55 in 2023, with an average age of 19.06 years and a citation rate of 22.19 yearly. The number of publications in this domain accelerated in 2020. According to the review findings, Hong Kong is the most productive country in this research domain. The leading affiliation is Hanyang University. The top contributing author is Gatica Perez-D. The most prolific source is the AAAI Spring Symposium Technical Report. Keyword occurrence analysis highlights prevalent terms such as Blogs, Social media networking (online) and Data mining alongside emerging keywords such as Influencer marketing, User-Generated Content, Artificial Intelligence, Sentiment Analysis, and Semantic Analysis in this domain to anticipate future inclinations. Performance analysis, further delves into Collaborative efforts among countries, sources, affiliations and authors have also been done using tools like Biblioshiny and Vos Viewer. The study offers novel contributions to the existing literature in terms of comprehensively providing evidence of the current practices of AI-integrated influencer marketing.",SemanticScholar,FOUND
"Advancing wooden furniture manufacturing through intelligent manufacturing: the past, recent research activities and future perspectives","Hanmo Zhang, Jiangang Zhu",Wood Material Science & Engineering,21.0,1,p717 - p738,2026,10.1080/17480272.2024.2448020,01-Jan-2025,https://doi.org/10.1080/17480272.2024.2448020,541.0,7.0,"With the deep integration of information technology and the manufacturing industry, intelligent manufacturing has become an essential means of transformation and upgrading for the wooden furniture industry. However, the current development status, technological advancements, and future trends of wooden furniture manufacturing have not been comprehensively analyzed. This study employs bibliometrics and visualization techniques to comprehensively review the literature on wooden furniture manufacturing, addressing three main questions: (1) What is the current stage of global wooden furniture intelligent manufacturing development? (2) What are the primary research focuses in global wooden furniture intelligent manufacturing? (3) What should be the future research priorities for global wooden furniture intelligent manufacturing? The results indicate that while scholars have recognized intelligent manufacturing as an effective approach to transforming and upgrading the wooden furniture industry, there remains significant room for development in applying advanced technologies, sustainable development, talent training, management, resource utilization, and market dynamics. Finally, this study proposes a full value chain intelligent manufacturing system for wooden furniture enterprises, encompassing “Intelligent Product Design”, “Intelligent Strategic Decision-making”, “Intelligent Technology Research and Development”, and “Intelligent Manufacturing”, which aims to promote the sustainable development of intelligent manufacturing in the global wooden furniture industry.",SemanticScholar,FOUND
A hybrid AI framework for engineering risk management under data scarcity and high uncertainty,"Bita Ataei, Ahad Nazari",International Journal of Construction Management,,,p1 - p19,5187,10.1080/15623599.2026.2636004,03-Mar-2026,https://doi.org/10.1080/15623599.2026.2636004,95.0,1.0,,,NOT_FOUND
Bridging the gap between data generation and utilization: a social network-based framework for highway infrastructure management,"Murali Krishna Chenchu, Kumar Neeraj Jha, Kirti Ruikar",International Journal of Construction Management,,,p1 - p21,5187,10.1080/15623599.2026.2627303,17-Feb-2026,https://doi.org/10.1080/15623599.2026.2627303,105.0,1.0,,,NOT_FOUND
Artificial intelligence in healthcare: risk analysis and regulatory issues,"Agus Yudha Hernoko, Dona Budi Kharisma, Prawitra Thalib",The Theory and Practice of Legislation,14.0,1,p46 - p62,2026,10.1080/20508840.2025.2576415,24-Oct-2025,https://doi.org/10.1080/20508840.2025.2576415,302.0,2.0,"AI is already transforming medicine by improving diagnosis accuracy and opening an abundance of new medicinal options. However, behind the great benefits of AI, there are potential risks such as inaccurate diagnoses, improper use of personal information, and the elimination of algorithmic bias. This research aims to identify regulatory issues regarding AI in healthcare and formulate a regulatory framework to minimise the negative risks of using AI in healthcare. The method adopted in this research is qualitative legal research with a comparative approach and conceptual approach. The legal materials used are regulations in the United States (US), United Kingdom (UK), and Indonesia related to AI in healthcare. This research identifies the risks of using AI in healthcare from a legal perspective. The comparison of AI regulations was carried out by comparing regulations from the US, UK and Indonesia. The research results show that the use of AI in healthcare has potential risks that need to be mitigated. Based on the theory of the rationalistic model in lawmaking, laws are created as a rational way to protect members of society from social harm so that the use of AI in healthcare needs to be regulated. In the US, AI regulation in healthcare is carried out using a decentralised approach, allowing flexibility and involvement of all parties. In the UK, the existence of an institution that specifically regulates and supervises the use of AI in healthcare facilitates more effective oversight and coordination between regulators. Furthermore, harmonised AI standards are fundamental to the implementation of the AI Act in healthcare because they influence governance and quality standards designed to address risks.",SemanticScholar,FOUND
Investigating eLearning Research Trends in Iran via Automatic Semantic Network Generation,"Sara Alaee, Maedeh Mosharraf, Fattaneh Taghiyareh",Journal of Global Information Technology Management,20.0,2,p91 - p109,2017,10.1080/1097198x.2017.1321355,01-Jun-2017,https://doi.org/10.1080/1097198x.2017.1321355,157.0,1.0,,,NOT_FOUND
Research status and prospect of intelligent wells reservoir monitoring technology,"Liang Ge, Chao Min, Guiyun Tian, Yibao Wei, Qing Yang",Nondestructive Testing and Evaluation,41.0,5,p2367 - p2409,2026,10.1080/10589759.2025.2528931,03-Aug-2025,https://doi.org/10.1080/10589759.2025.2528931,201.0,3.0,"Intelligent wells technology is an emerging reservoir production management technology, and its monitoring technology can obtain reservoir parameters, monitor reservoir conditions, formulate reservoir exploitation plans, and predict production dynamics, which plays a vital role in reservoir production management. Intelligent wells monitoring technology is mainly divided into two categories: near-well monitoring and deep monitoring. Near-well monitoring covers the development of downhole pressure, temperature, flow rate, and other measurement technologies, as well as related sensors and devices. Deep monitoring includes the latest technologies such as flow potential, inter-well electromagnetic imaging, seismic monitoring, four-dimensional gravity, radar imaging, distributed fibre optic sensing technology, and artificial intelligence-oriented monitoring technology. We investigate domestic and international reservoir monitoring technologies, compare their characteristics, analyse the advantages and disadvantages, summarise the current status and trends, and put forward suggestions for further development.",SemanticScholar,FOUND
Cognitive intelligence-enabled requirements elicitation for design optimisation of smart product-service system,"Haoran Cui, Lin Gong, Sihan Huang, Jiewu Leng, Yan Yan, Pai Zheng",Journal of Engineering Design,36.0,11,p1982 - p2006,2025,10.1080/09544828.2024.2373036,02-Jul-2024,https://doi.org/10.1080/09544828.2024.2373036,762.0,9.0,"The rapid development of advanced technologies provides futuristic option to enhance product value with digital services, which the concept of Smart Product-Service System (SPSS) was proposed. SPSS focuses on usage data, the whole lifecycle, and the iterative optimisation. A large amount of data and context information can be collected during the usage stage, which can be used to elicit requirements to guide further design. How to realise the requirement elicitation with cognitive intelligence based on usage data is the key step for design optimisation. Therefore, this research proposes a cognitive intelligence-enabled requirements elicitation framework to help designers promote the design optimisation process. First, the digital twin-driven data collection architecture of SPSS is proposed by considering multi-sources and multi-stages. Second, the behaviour of SPSS is modelled based on Auto-Encoder which is constructed using deep learning to cognise SPSS performance. Third, the corresponding behaviour model is interpreted based on Shapley Addictive exPlanations (SHAP) to discover key factors with cognitive intelligence. Finally, the domain knowledge graph is used to generate the optimisation requirements for further design. To demonstrate the feasibility and advantages of the proposed framework, this study adopts the case study of wind turbines for illustration and verification.",SemanticScholar,FOUND
The News Ecosystem in the Age of AI: Evidence from the UAE,"Norita Ahmad, Sabir Haque, Mohammed Ibahrine",Journal of Broadcasting & Electronic Media,67.0,3,p323 - p352,2023,10.1080/08838151.2023.2173197,06-Feb-2023,https://doi.org/10.1080/08838151.2023.2173197,1312.0,23.0,"While there is a growing body of literature on the use of algorithms in journalistic principles and professional practices in general, there is a gap in the literature regarding the adoption of AI, algorithms, and automation in the journalistic field in the United Arab Emirates. This paper explores the journalistic field by providing empirical perspectives on algorithmic adoption and its relationship between journalistic values and algorithmic innovation. Through semi-structured interviews, we explore how AI adoption amongst journalists explains the gaps between journalistic values and journalistic practices empowered by algorithms. The findings suggest that, in large part, the journalists and news organizations have recognized the strategic value of AI for journalism and journalistic quality. However, the future of AI journalism depends on balancing algorithms with editorial and ethical parameters. To maintain the integrity and trustworthiness of the content, news organizations and journalists themselves need to be able to define how AI is used in the field.",SemanticScholar,FOUND
SMEs' sustainable innovation performance during pandemic: impact of knowledge coupling and parallel-mediation of ambidexterity and market capitalising agility,"Omar Alghamdi, Sayed Muhammad Fawad Sharif, Tehmina Kanwal, Atiq Ur Rehman, Naiding Yang",Technology Analysis & Strategic Management,36.0,10,p2489 - p2503,2024,10.1080/09537325.2022.2153029,20-Dec-2022,https://doi.org/10.1080/09537325.2022.2153029,794.0,9.0,"Covid-19 pandemic has caused crisis and uncertainty which adversely influenced innovation performance of small and medium enterprises (SMEs). Innovation is a primary source of survival and growth in SMEs; therefore, this study aims to develop and empirically analyse conceptual model that sustains innovation performance of SMEs during the pandemic. This study integrates knowledge-based view (KBV) with a self-tuning model to examine Chinese manufacturing SMEs. Survey data of 306 responses were collected from the top and mid management and analysed through Smart-PLS 3. Results indicate a positive effect of knowledge coupling on innovation performance; besides, ambidexterity and market capitalising agility (MCA) positively mediate between knowledge coupling and SME innovation performance. This study contributes to KBV, self-tuning, strategy, innovation and crisis management literature. To practitioners, this study advises developing dynamic capabilities to sustain innovations during pandemic crisis. This is the earliest empirical examination to mediate the effect of knowledge coupling on innovation performance through ambidexterity and MCA during a crisis.",SemanticScholar,FOUND
Quality 4.0-the challenging future of quality engineering,"Ron S Kenett, Avigdor Zonnenshain",Quality Engineering,32.0,4,p614 - p626,2020,10.1080/08982112.2019.1706744,27-Feb-2020,https://doi.org/10.1080/08982112.2019.1706744,7962.0,242.0,"Quality is a crucial dimension of products and processes. It is considered a competitive advantage for companies and organizations in the global market. Quality models and practices went through several evolutionary steps during modern history—from inspection to control, to quality assurance, to quality management and quality by design. These quality models follow the evolutions and revolutions in industry. It seems however, that in the last few years the quality discipline went into stagnation—very few innovative models for quality are being proposed and quality professionals in companies and organization have apparently lost their leadership positions. Also, the research for new and innovative quality models is scarce. The fourth industrial revolution is an opportunity for the quality movement to become a leading force. This poses significant challenges to the quality profession by emphasizing the need to adapt to technology innovations, to modern data analytics and to the entrepreneurships ecosystem that characterize an era of the fourth industrial revolution. In this paper, we present a framework for a quality discipline supporting the fourth industrial revolution. We propose to call it Quality 4.0. The paper also offers future directions for quality and reliability engineering that leverage opportunities derived from the fourth industrial revolution. Specifically, we discuss: (1) Quality as a data driven discipline, (2) the application of modeling and simulation for evidence-based quality engineering, (3) health monitoring and prognostics for quality, (4) integrated quality management, (5) maturity levels with respect to the fourth industrial revolution, (6) integrating innovation with quality and managing for innovation, (7) Quality 4.0 and data science, (8) integrating reliability engineering with quality engineering, and finally, (9) information quality. We are aware that these directions are still not a comprehensive picture of Quality 4.0. We claim however, that they constitute a substantial basis to update the body of knowledge and practices of the quality profession.",SemanticScholar,FOUND
AI based decision making: combining strategies to improve operational performance,"Abdulrahman Al-Surmi, Mahdi Bashiri, Ioannis Koliousis",International Journal of Production Research,60.0,14,p4464 - p4486,2022,10.1080/00207543.2021.1966540,30-Aug-2021,https://doi.org/10.1080/00207543.2021.1966540,54170.0,196.0,"This study investigates the strategic alignment between marketing and information technology (IT) strategies and provides production and operations decision makers a model for improving operational performance. Based on a comprehensive literature review, the combined strategies were used to develop a novel decision-making framework. The hypothesised relationships of an SEM model are validated with data collected from 242 managers from various industries. An artificial intelligence (AI)–based method is developed using artificial neural networks (ANN) feeding into a decision-making framework which explores the optimality of the combined strategies. The results indicate that (a) IT strategy is positively mediated by marketing strategy on performance and (b) the organisational structure moderates the mediation of marketing strategy on performance. The analysis confirms that the extracted strategies based on the proposed framework have superior performance compared to existing strategies. This paper contributes to the literature by conceptualising and empirically testing the mediation role of marketing strategy on IT strategy, performance and operational decision-making. The use of a novel three-phase decision-making framework which uses AI processes improves operational efficiency, increases insights and enhances the decision accuracy of complex problems at the strategic level in industries such as manufacturing. It could help operations executives to apply effective decisions.",SemanticScholar,FOUND
"The ""Other"" Informatics: Education and Training",Catherine Pepper,Medical Reference Services Quarterly,42.0,1,p79 - p87,2023,10.1080/02763869.2023.2168387,02-Mar-2023,https://doi.org/10.1080/02763869.2023.2168387,972.0,1.0,This column describes in further detail the wider field of health informatics and identifies several avenues for gaining credentials and training for potential employers.,SemanticScholar,FOUND
Aspect-Based Sentiment Analysis on Social Media Comments (Twitter) : The Attributes of Service Robots in the Hotel and Restaurant Industry,"Ayşegül Acar, Ersin Diker, Burak Türten",Journal of Quality Assurance in Hospitality & Tourism,27.0,5,p994 - p1019,2026,10.1080/1528008x.2024.2386590,09-Aug-2024,https://doi.org/10.1080/1528008x.2024.2386590,638.0,3.0,"Service robots are becoming more prevalent in the service industry, yet the impact they have on customer experiences is not well-documented. This study identified consumer emotions toward service robots in hotels and restaurants, focusing on how specific attributes of these robots affect consumer emotions. Furthermore, it explored which countries generate the most comments on these service robot attributes and the nature of consumer emotions within these regions. Utilizing sentiment analysis, the study examined 52,513 English-language tweets about hotel and restaurant service robots. Additionally, logistic regression analysis helped quantify the impact of robot attributes – categorized as physical, functional, and relational – on different classes of emotions. The findings reveal that customers of restaurants and hotels were most influenced by the physical and relational attributes of service robots, respectively, with functional attributes having the least impact. The logistic regression analysis offered significant insights into how service robot attributes influence consumer experiences in hotels and restaurants.",SemanticScholar,FOUND
Bibliometric and visualized analysis of social network analysis research on Scopus databases and VOSviewer,"Diena Dwidienawati, Dyah Gandasari, Mochamad Sugiarto, David Tjahjana",Cogent Business & Management,11.0,1,,2024,10.1080/23311975.2024.2376899,16-Jul-2024,https://doi.org/10.1080/23311975.2024.2376899,4890.0,34.0,"The utilization of the social network analysis (SNA) approach dates back to 1928, and since then, it has shown a notable increase and has contributed to a body of research significantly. However, recent years have seen limited bibliometric analyses focusing on the SNA approach. This study seeks to conduct an in-depth review of SNA literature through bibliometric analysis, employing the methodology derived from Garza-Reyes’s Five Phases of Bibliometric Analysis. The findings reveal the refinement of 4487 datasets sourced from Scopus databases, with visualization accomplished using VOSviewer. The cluster analysis finds that as many as 5 clusters with a set of keywords. Keywords that can become potential issues for future study found in this study such as integration, risk management, politics, online social network, collaboration network, Facebook, health care organization, stakeholder engagement, group process, clinical trial, risk-taking, adolescent, family, social organization, aggression, pandemic and sars-cov-2, et cetera. IMPACT STATEMENT People have been studying how we connect with each other since way back in 1928. Social network analysis (SNA) is the method they use for that. Over the years, it’s become super popular and has added a lot to what we know. Not many have been checking out this method in recent years using a tool called bibliometric analysis. Therefore, the authors decided to delve into it. The authors dove into a bunch of data (around 4487 sets of info) from this big research database called Scopus. The authors then used a cool tool called VOSviewer to help see all this information. The authors found 5 clusters of data with different keywords. These keywords are like the main topics such as risk management, online social network, collaboration network, health care organization, stakeholder engagement, group process, family, social organization, aggression, pandemic and more, could be big topics for future research.",SemanticScholar,FOUND
Manufacturing enterprise digital platform capabilities: structural dimensions and scale development,"Guiqing Cheng, Zhongwei He, Feng Ji",Technology Analysis & Strategic Management,38.0,7,p910 - p924,2026,10.1080/09537325.2025.2492228,11-Apr-2025,https://doi.org/10.1080/09537325.2025.2492228,334.0,3.0,"Although the importance of digital platform capabilities in manufacturing enterprises is widely acknowledged in the literature, limited attention has been given to their measurement. This study selected 10 companies as samples from the 50 companies identified as typical cases of digital transformation in the manufacturing industry in 2023 by the Ministry of Industry and Information Technology of China, involving discrete, process-based and project-based manufacturing companies. Using a mixed-methods approach, we explore the structural dimensions and measurement scale of digital platform capabilities in these manufacturing firms. The findings reveal that digital platform capabilities are a multidimensional construct, consisting of four key dimensions: technical architecture capabilities, data integration capabilities, business expansion capabilities, and intelligent application capabilities. A measurement scale for digital platform capabilities in manufacturing enterprises, comprising 15 items, was developed. Additionally, the results of factor analysis indicate that the scale demonstrates excellent reliability and validity, making it an effective tool for assessing the digital platform capabilities of manufacturing enterprises. The research outcomes contribute to advancing the theoretical framework in the field of digital platform capabilities and provide valuable insights for implementing targeted strategies to enhance the effectiveness of digital transformation in manufacturing enterprises.",SemanticScholar,FOUND
Smart prosperity through smart supply chain based on using smart and intelligent technologies,"Slavko Arsovski, Zora Arsovski, Aleksandar Djordjevic, Miladin Stefanovic",Enterprise Information Systems,20.0,3,,2026,10.1080/17517575.2026.2628647,22-Feb-2026,https://doi.org/10.1080/17517575.2026.2628647,95.0,0.0,"This study aims to examine how SIT, with a focus on Information and Communication Technologies (ICT) and Artificial Intelligence (AI), contributes to Smart Prosperity (SP) in emerging economies. The model integrates data collected using the Nominal Group Technique (NGT), supported by statistical analysis, Artificial Neural Networks (ANN), and the SP Model (SPM). It incorporates 12 variables related to Industry 4.0/5.0 concepts, including Smart Supply Chain Resilience (SSCR), Smart and Intelligent Chain Agility (SASCA), and Smart and Intelligent Prosperity (SIP). The results highlight the potential of SIT to enable resilient, agile, and prosperous supply chains, thereby supporting the broader development of Smart Society within the framework of Society 5.0.",SemanticScholar,FOUND
An in-depth analysis of digital marketing trends and prospects in small and medium-sized enterprises: utilizing bibliometric mapping,"Nisful Laila, Luthfi Nur Rosyidi, Indah Rahmawati, Wan Azman Saini Wan Ngah, Puji Sucia Sukmaningrum",Cogent Business & Management,11.0,1,,2024,10.1080/23311975.2024.2336565,08-Apr-2024,https://doi.org/10.1080/23311975.2024.2336565,19789.0,22.0,"This study presents a bibliometric analysis of digital marketing research within small and medium-sized enterprises (SMEs) spanning from 1985 to 2024. By analyzing 699 publications from the Scopus database, it aims to provide a comprehensive overview of the field’s evolution and current research focuses. The analysis leverages VOSviewer and RStudio’s ‘Biblioshiny’ tools for their robustness in data handling and bias reduction, facilitating a detailed exploration of collaborative networks, key themes and impactful literature. Thematic analysis, enhanced by case studies, identifies emerging areas such as commerce, marketing, digital transformation, costs and Covid-19, offering insights into future research directions. Despite its reliance on Scopus-indexed articles as a limitation, the research contributes to the academic and practical understanding of digital marketing in SMEs, highlighting critical areas for future exploration and development.",SemanticScholar,FOUND
Growth and Development of IT Literature in LIS Research (2012-2023): A Bibliometric Analysis Based on the Web of Science,"Hayat Ahmad, Abid Fakhre Alam, Khadeeja Mn Ansari, Md Safiqur Rahaman",Science & Technology Libraries,45.0,1,p56 - p71,2026,10.1080/0194262x.2025.2495582,25-Apr-2025,https://doi.org/10.1080/0194262x.2025.2495582,272.0,0.0,"Journals in the field of Library and Information Science (LIS) can serve as indicators for the growth of literature in every field of knowledge and understanding. This investigation collects and computes information technology (IT) related bibliographic datasets from the past 12 years (2012–2023) that were indexed in the Web of Science. Bibliometric methods were employed to analyze this data. The findings show that the Average number of Citations per Total Publications and Average number of Citations per Total Cited Publications were the greatest in the year 2012 (30.71 and 36.40, respectively). The extracted data indicates that the United States had the largest number of total publications (7,837) and total citations (180,288). It was followed by China, the UK, India, and Australia, which have been among the top five leading countries. Interestingly, when reviewing the publishing by organization metrics, China’s Wuhan University ranks number one, followed by the University of South Africa. Scientometrics from Springer was found to be the most published journal with 1,373 total publications and 27,241 total citations in the information technology (IT) literature. Among the top 10 authors, M. Thelwall holds the most publications (119) with total citations (3,582) and h-index (33). It is anticipated that this study will aid librarians and IT industry experts in their future efforts to expand this approach.",SemanticScholar,FOUND
LHAKG: a knowledge graph construction framework for landslide hazard assessment by using XLNet-BiLSTM-CRF from geoscience literature,"Yulin Ding, Jiadong Hou, Shuangyue Shao, Qianqian Sun, Xingping Wang, Tingchen Wu, Yuting Wu, Xiaoting Zhao, Qing Zhu",International Journal of Digital Earth,18.0,2,,2025,10.1080/17538947.2025.2577292,04-Nov-2025,https://doi.org/10.1080/17538947.2025.2577292,1432.0,3.0,"Reliable landslide hazard assessment in complex environments is essential for effective risk prevention and control. However, extracting and integrating relevant knowledge from extensive, unstructured geoscience literature remains a significant challenge. This paper proposes a framework to construct a landslide hazard assessment knowledge graph (LHAKG). First, the framework develops an ontology comprising four core elements: spatial information, causative factor, assessment model, and assessment data. These elements and their interrelations form the conceptual backbone of the LHAKG. Next, an XLNet-BiLSTM-CRF model is trained on a self-developed domain-specific corpus to extract entity information related to landslide hazard assessment elements from scientific literature. Finally, Sentence-Transformer techniques are applied for knowledge fusion, facilitating semantic alignment and refinement of entities across heterogeneous categories. A case study using a dataset of 1,612 geoscience papers demonstrates the effectiveness of the framework, yielding the LHAKG with 13,400 nodes and 62,975 relationships. The results confirm that LHAKG can efficiently extract, organize, and represent landslide hazard assessment knowledge. Furthermore, the LHAKG facilitates multi-dimensional knowledge recommendation across diverse methodologies and geographic contexts. This capability enhances intelligent analysis and decision support in geohazard research, especially with incomplete data, establishing a robust foundation for broad-scale landslide risk assessment and prediction.",SemanticScholar,FOUND
A review of explainable artificial intelligence in supply chain management using neurosymbolic approaches,"George Baryannis, Alexandra Brintrup, Edward Elson Kosasih, Emmanuel Papadakis",International Journal of Production Research,62.0,4,p1510 - p1540,2024,10.1080/00207543.2023.2281663,24-Nov-2023,https://doi.org/10.1080/00207543.2023.2281663,15528.0,80.0,"Artificial Intelligence (AI) has emerged as a complementary technology in supply chain research. However, the majority of AI approaches explored in this context afford little to no explainability, which is a significant barrier to a broader adoption of AI in supply chains. In recent years, the need for explainability has been a strong impetus for research in hybrid AI methodologies that combine neural architectures with logic-based reasoning, which are collectively referred to as Neurosymbolic AI. The aim of this paper is to provide a comprehensive overview of supply chain management literature that employs approaches within the neurosymbolic AI spectrum. To that end, a systematic review is conducted, followed by bibliometric, descriptive and thematic analyses on the identified studies. Our findings indicate that researchers have primarily focused on the limited subset of neurofuzzy approaches, while some supply chain applications, such as performance evaluation and sustainability, and sectors such as pharmaceutical and construction have received less attention. To help address these gaps, we propose five pillars of neurosymbolic AI research for supply chains and provide four use cases of applying unexplored neurosymbolic AI approaches to address typical problems in supply chain management, including a discussion of prerequisites for adopting such technologies. We envision that the findings and contributions of this survey will help encourage further research in neurosymbolic AI for supply chains and increase adoption of such technologies within supply chain practice.",SemanticScholar,FOUND
Exploratory Analysis of Internet of Things (IoT) in Healthcare: A Topic Modelling & Co-citation Approaches,"Ramakrishna Dantu, Indika Dissanayake, Sridhar Nerur",Information Systems Management,38.0,1,p62 - p78,2021,10.1080/10580530.2020.1746982,23-Apr-2020,https://doi.org/10.1080/10580530.2020.1746982,1613.0,30.0,"Internet of Things (IoT) have made a significant impact in healthcare domain. The purpose of this study is to unravel key themes latent in the academic literature on IoT applications in healthcare. Using topic modeling and author co-citation techniques, we identified five dominant clusters of research. Our results show that research in healthcare IoT has mainly focused on the technical aspects with little attention to social concerns. Our paper provides directions for future research.",SemanticScholar,FOUND
Research on a complex network and online review data-driven product innovation design,"Xin Cai, Zhenghong Liu, Dan Wu, Xuemei Yao, Huiliang Zhao",Production Planning & Control,,,p1 - p11,5187,10.1080/09537287.2023.2187323,10-Mar-2023,https://doi.org/10.1080/09537287.2023.2187323,352.0,2.0,,,NOT_FOUND
Digital technology adoption and the latecomer firms' catch-up: an empirical study on Chinese manufacturing enterprises,"Meifang Li, Zihao Zhang",Technology Analysis & Strategic Management,37.0,12,p2572 - p2586,2025,10.1080/09537325.2024.2369562,17-Jul-2024,https://doi.org/10.1080/09537325.2024.2369562,472.0,7.0,"Digital technology has a significant influence on future economic growth. Achieving catch-up in the context of digital development is crucial for firms. However, the mechanisms between firms’ digital technology adoption (DTA) and catch-up are underexplored. Based on panel data of A-share listed manufacturing firms in China from 2012 to 2021, this study investigates the impact of DTA on firms’ technological catch-up (TC) and market catch-up (MC) from theoretical and empirical perspectives. The following findings are drawn. (1) DTA positively and significantly affects firms’ TC and MC, and the results remain valid after using the instrumental variables method, propensity score matching, and other robustness tests. After removing the order-of-magnitude discrepancies and dimensions, DTA had a more significant effect on MC than TC. (2) Dynamic capacity mediates the relationship between DTA and firms’ catch-up. (3) The heterogeneity analysis finds that DTA influences TC and MC in state-owned enterprises and high-tech firms more significantly. This study provides a new perspective on firms’ catch-up and guides for firms to develop effective DTA and catch-up strategies.",SemanticScholar,FOUND
"Influence mechanism of digital technology on environmental, social, and governance (ESG) responsibility fulfilment of construction enterprises from the perspective of sustainability",Xiufan Zhang,Journal of Asian Architecture and Building Engineering,25.0,4,p3454 - p3476,2026,10.1080/13467581.2025.2506465,15-May-2025,https://doi.org/10.1080/13467581.2025.2506465,1820.0,4.0,"With the rapid development of information technology, the deep integration of digital technology and the real economy has emerged as a crucial driver in promoting the sustainable development of construction enterprises. This paper examines 68 construction enterprises from 2009 to 2021. The study employs a panel fixed regression model and explores how digital technology influences construction enterprises to fulfil environmental, social, and governance (ESG) responsibilities from a sustainability perspective. The key findings reveal that digital technology significantly promotes the fulfilment of ESG responsibility, with green innovation serving as a mediating mechanism. Furthermore, the study explores the moderating roles of government subsidies and industry competition, finding that government subsidies enhance the overall ESG performance. Industry competition positively moderates the promotion of green innovation through digital technology. This paper contributes academically by elucidating the intricate mechanisms through which digital technology influences ESG responsibility and provides practical guidance for construction enterprises seeking to achieve sustainable development through digital transformation.",SemanticScholar,FOUND
"Evolution of AI-Driven Decision Making with Decision Support Systems, Expert Systems, Recommender Systems, and XAI","Nitin Sai Bommi, Atul Negi, Mudavath Ravi, Nusrat Rouf",IETE Technical Review,42.0,4,p428 - p465,2025,10.1080/02564602.2025.2512086,04-Aug-2025,https://doi.org/10.1080/02564602.2025.2512086,658.0,16.0,"In contemporary society, decision-making processes have grown increasingly intricate across sectors such as business, healthcare, finance, and technology. To navigate this complexity, sophisticated tools like Decision Support Systems (DSS), Expert Systems (ES), Recommender Systems, and explainable Artificial Intelligence (XAI) have emerged, all aimed at improving decision-making efficiency. DSS, developed in the 1960s and 1970s, strategically integrates automation and data processing to enhance human decision-making. Unlike ES, which attempts to replicate human expertise, DSS collaboratively assists decision-makers. ES excel in specialized domains by mimicking human decision-making processes. Recommender Systems, are user-centric, transform digital interactions by analyzing preferences to provide personalized recommendations. XAI addresses the need for transparency in AI-driven decisions by clarifying outcomes from complex algorithms. In this paper, we aim to bridge the gap between traditional decision-making methods and emerging explanation-driven architectures by conducting a comparative analysis of DSS, ES, Recommender Systems, and XAI. It explores their historical origins, objectives, methodologies, applications, challenges, limitations, and user contexts. By elucidating their strengths and limitations, this analysis offers insights for decision-makers, researchers, and practitioners aiming to improve decision-making across diverse domains. At the end we explain the case study on software defect prediction.",SemanticScholar,FOUND
Generative AI and the Intelligence Triad: An Epistemic Agility Approach,Kalyan Prasad Agrawal,Journal of Computer Information Systems,,,p1 - p17,5187,10.1080/08874417.2025.2553158,29-Aug-2025,https://doi.org/10.1080/08874417.2025.2553158,240.0,2.0,,,NOT_FOUND
Product development cost estimation through ontological models - a literature review,"Milton Borsato, Margherita Peruzzini, Kaio Vasconcelos, Rafael Voltolini",Journal of Management Analytics,6.0,2,p209 - p229,2019,10.1080/23270012.2019.1598899,02-Apr-2019,https://doi.org/10.1080/23270012.2019.1598899,396.0,9.0,The early stages of product development are characterized by uncertainties. Designers must deal with challenges that arise unexpectedly in an agile and responsive manner. Expert information systems...,SemanticScholar,FOUND
Dynamic capabilities and digital innovation: pathways to competitive advantage through responsible innovation,"Alicia de la Torre, Iván de la Vega",Journal of Responsible Innovation,12.0,1,,2025,10.1080/23299460.2025.2500154,09-May-2025,https://doi.org/10.1080/23299460.2025.2500154,14437.0,27.0,,,NOT_FOUND
Exploring the Library and Information Science Research Landscape in Namibia: A Decennial Reflection (2014-2023),"Jakobina M Mwiiyale, Menete N Shatona",The International Information & Library Review,57.0,2,p99 - p118,2025,10.1080/10572317.2024.2431941,14-Dec-2024,https://doi.org/10.1080/10572317.2024.2431941,1982.0,3.0,"Namibia’s Library and Information Science (LIS) field has transformed significantly over the past decade, reflecting global trends and local challenges. However, research on trends and patterns in Namibia’s LIS remains limited. This study examined research trends and patterns in dissertations submitted to the School of Humanities, Society, and Development under Library and Information Science, Archives, and Record Management. It targeted 17 dissertations from 2014 to 2023, archived in the Institutional Repository, Ga-aisib1, meaning “wisdom” at the University of Namibia. Data were categorized by degree, year of completion, research methodology, and keywords. Using a mixed-method approach and statistical analysis software, the study identified trends and patterns by calculating frequencies, means, and correlations. Qualitative data were examined through thematic analysis. This census study included all dissertations meeting the inclusion criteria, revealing students’ preference for qualitative research methods over quantitative approaches. Additionally, the outcomes indicated a gradual increase in research within Namibia’s Library and Information Science domain over the last five years, particularly in bibliometrics and user information-seeking behavior. Conversely, information confidentiality, intellectual property and rights, and Indigenous Knowledge Systems have received limited attention. This study provides distinctive insights as a primary overview of Namibia’s Library and Information Science research tendencies, offering directions for future investigations to identify research gaps and methodologies. This study’s significance includes identifying emerging areas, informing policy, facilitating collaborations, raising researcher awareness of evolving topics, and guiding future research directions in librarianship.",SemanticScholar,FOUND
Information Professionals' Metaphorical Perceptions of Artificial Intelligence Concept,"Ali Kavak, Erol Yılmaz",Journal of Library Administration,64.0,6,p695 - p718,2024,10.1080/01930826.2024.2371276,01-Aug-2024,https://doi.org/10.1080/01930826.2024.2371276,659.0,4.0,"This study examines the metaphors used by 66 information professionals in Türkiye to conceptualize artificial intelligence (AI). Through qualitative metaphor analysis, rich insights emerged on perceptions of AI’s nature, functioning, relationships with humans, roles, and societal impacts. Some of the metaphors used are child, human, artist, human intelligence, robot, assistant, doctor, weapon, terminator, something scary, closed box, black hole, Pandora’s box, etc. Multiple, often contradictory metaphors like “child” and “uncontrollable power” indicate AI is viewed in a multidimensional way, evoking both promise and concern. Key findings suggest information professionals appreciate AI’s transformative potential in enhancing services but also harbor anxieties related to human relevance, technocracy, and social issues like privacy. Understanding these complex cognitive and emotional orientations can facilitate responsible AI adoption to augment information services. Gesturing at AI’s multifaceted connotations also foregrounds communication challenges complicating public debate and policymaking on emerging technologies. The value of this study lies in surfacing the nuanced perspectives of a stakeholder group positioned to mediate public understanding and direct integration of AI in information services. Mapping information professionals’ rich construals of AI also highlights the need for public communication attuned to metaphorical reasoning around new technologies.",SemanticScholar,FOUND
"Digital transformation, entrepreneurs' risk perception, and enterprise innovation: moderating effect of market dynamism","Suo Feiya, Zhao Yudi",Applied Economics,58.0,22,p4274 - p4291,2026,10.1080/00036846.2025.2495864,24-Apr-2025,https://doi.org/10.1080/00036846.2025.2495864,304.0,3.0,"Corporate digitalization, which is characterized by the integration of fundamental technologies, the flow of key data elements, and the restructuring of digital systems, has emerged as an important driver of enterprise innovation. To quantify the extent of corporate digital transformation, this study uses text-mining techniques to examine listed A-share companies in China from 2015 to 2021. The findings indicate that digital transformation significantly promotes enterprise innovation, with entrepreneurs’ risk perception mediating the relationship between the two. Moreover, market dynamism significantly moderates the relationship between digital transformation and entrepreneurs’ risk perception. Enterprises should prioritize digital transformation initiatives and provide targeted support to facilitate both digital transformation and innovation.",SemanticScholar,FOUND
A bibliometric analysis of academic trends in human resource management practice from 2000 to 2023,"Mohamed Ali Farah, Mohamud Ahmed Mohamed, Ibrahim Hassan Mohamud, Abukar Mohamed Sahal",Cogent Business & Management,11.0,1,,2024,10.1080/23311975.2024.2427217,13-Nov-2024,https://doi.org/10.1080/23311975.2024.2427217,3764.0,10.0,"This study aims to provide a literature evaluation of studies that examine human resources management practices using the bibliometric analysis approach. This study used bibliometric analytic techniques to conduct scientific mapping and performance analysis. The research used the Scopus database and included open-access studies. The bibliometric study revealed a total of 1133 publications and 25,456 citations during the period spanning 2000 to 2023. The number of publications on human resource management practices has steadily risen, reaching its highest point in 2020 with 110 articles and 2278 citations. However, citation counts noticeably declined in the subsequent years. A collective of ten countries has contributed to this field, with America being the most prolific, with 127 publications and 5157. Southwestern University of Finance and Economics is the most productive university, with two publications and 493 citations. The International Journal of Human Resource Management is a highly regarded publication focusing on HRM practices. It has published 52 articles and received 3459 citations. The most often used keywords are “Human Resource Management,” “Human resource management practices,” “Human resource,” and “Resource allocation.” The study identified the existing status and made recommendations for further research.",SemanticScholar,FOUND
"Digital innovation in SMEs: a systematic review, synthesis and research agenda","Marina Kayumova, Siddhartha Raja, Boumediene Ramdani",Information Technology for Development,28.0,1,p56 - p80,2022,10.1080/02681102.2021.1893148,09-Mar-2021,https://doi.org/10.1080/02681102.2021.1893148,5565.0,190.0,"This paper presents a systematic literature review on digital innovation in Small and Medium-sized Enterprises (SMEs). It aims to synthesize previous research and identify knowledge gaps and future research opportunities. A systematic review of the literature was carried out by analyzing 382 articles published between 1979 and 2019. From synthesizing the extant literature, we developed a theoretical framework advocating that digital innovation in SMEs is driven by a configuration of antecedents, goes through different stages of innovation process, and leads to organizational and business process performance outcomes. Using an in-depth content analysis, we discuss the examined digital technologies, theories underpinning digital innovation in SMEs research, contextual orientations, and the content of research in this field. This review identifiessignificant knowledge gaps in relation to theory, context, method and content.",SemanticScholar,FOUND
IJHRM after 30 years: taking stock in times of COVID-19 and looking towards the future of HR research,"Fang Lee Cooke, Michael Dickmann, Emma Parry",The International Journal of Human Resource Management,32.0,1,p1 - p23,2020,10.1080/09585192.2020.1833070,19-Oct-2020,https://doi.org/10.1080/09585192.2020.1833070,17500.0,80.0,"In this paper, we take stock of what The International Journal of Human Resource Management (IJHRM) has achieved in the past 30 years since its inception in 1990. By analyzing the publication trends indicated by keywords, we find that research published in IJHRM has shifted from a collective focus with institutional implications towards more individual concerns with organizational implications with relevance to HRM practices. We present research theme and approaches that distinguish IJHRM from other HRM journals, and offer suggestions of what we see as some of the important issues for future research that will take us beyond the current trajectory of HRM studies.",SemanticScholar,FOUND
AN AUDIT RISK MODEL FOR IT AUDIT ECOSYSTEMS AND DIGITAL TRANSFORMATION (DX) DECISION MAKING,"Maurice Aduamoah, Sampson Anomah, Boadu Ayeboafo",EDPACS,64.0,2,p1 - p33,2021,10.1080/07366981.2021.1930643,26-Aug-2021,https://doi.org/10.1080/07366981.2021.1930643,826.0,12.0,"Strategy has become indispensable for survival in a contemporary business environment. The role of IT audit or assurance review is now viewed from two perspectives – first, as an independent assessor and, second, as a consulting expert advisor. IT auditors are, therefore, expected to plan their reviews such that their scarce IT audit resources will be put to efficient use and at the same time effectively provide advisory opinions on IT governance and strategies to leverage business executives’ function towards the achievement of their specified business objectives. The study used the design science approach using the audit risk model as a conceptual model to develop an objective approach to identify the quality of risk inherent in a digital transformation (dx) project. A major design output was that an Audit Risk model for IT (IAR) in the context of digital transformation is calculated as IAR = PR × SR × RR, where was PR is Primary Risk, SR is Secondary Risk and RR is Residual Risk. Also, Return on IT investment (ROI) has an inverse correlation with PR and was relevant in estimating the PR given IAR as equivalent to ROI. A mixture of a multiple case study approach, quasi experimentation and the Delphi method was used to evaluate the model. The Delphi approach used produced an overall significant value in evaluators’ understanding of the usefulness, ease of use and acceptability of the model as an IS/IT audit risk model for the assessment of digital risks and strategies of different organisations. The ICC which was used to measure the Intra-Class Correlation (ICC) which is the reliability of agreement among the participating evaluators showed an average ICC of 0.90 with a significant p-value of 0.000 to prove the validity of the model. The study contributes to practice because it provides a tool to assist IT audit practitioners and other business IT assessors to reduce the risk of subjectivity in the allocation of IT audit resources at the planning stage of the audit or assessment.",SemanticScholar,FOUND
Exploring the Integration of Generative AI in Advertising Agencies: A Co-Creative Process Model for Human-AI Collaboration,"Weila Cui, Martin J Liu, Ruizhi Yuan",Journal of Advertising Research,65.0,2,p167 - p189,2025,10.1080/00218499.2024.2445362,11-Mar-2025,https://doi.org/10.1080/00218499.2024.2445362,9971.0,31.0,,,NOT_FOUND
Mapping sentiments and emotions in a UNESCO World heritage destination,"Ana Maria Caldeira, Fernanda Cravidão, Miguel Pinheiro, Norberto Santos, Claudia Seabra",International Journal of Tourism Cities,12.0,2,p610 - p628,2026,10.1080/20565607.2026.2625730,19-Feb-2026,https://doi.org/10.1080/20565607.2026.2625730,140.0,1.0,,,NOT_FOUND
RETRACTED ARTICLE: Fostering AI literacy for future librarians,"Subaveerapandiyan A, Abid Fakhre Alam, Amreen Taj, Manoj Kumar Verma, Upasana Yadav",College & Undergraduate Libraries,32.0,1-2,p1 - p25,2025,10.1080/10691316.2024.2425092,11-Nov-2024,https://doi.org/10.1080/10691316.2024.2425092,1391.0,2.0,"We, the Editors and Publisher of the journal College & Undergraduate Libraries have retracted the following article: Subaveerapandiyan, A., Alam, A. F., Yadav, U., Taj, A., & Verma, M. K. (2024). Fostering AI literacy for future librarians. College & Undergraduate Libraries, 32(1–2), 1–25. https://doi.org/10.1080/10691316.2024.2425092 Since publication, significant concerns have been raised about the authorship of the article. When approached for an explanation regarding changes to the authorship list, the authors responded but were unable to provide their original data or the necessary supporting information. As the Editor no longer has confidence in the findings of this study, and the Publisher has been unable to verify the validity of the published work that is core to the integrity of the scholarly record, we are therefore retracting the article. The corresponding author listed in this publication has been informed. We have been informed in our decision-making by our policy on publishing ethics and integrity and the COPE guidelines on retractions. The retracted article will remain online to maintain the scholarly record, but it will be digitally watermarked on each page as ‘Retracted’.",SemanticScholar,FOUND
"Revisiting artificial intelligence in start-ups: A theoretical perspective on integration, opportunities, challenges, and strategic advancement","Alhamzah F Abbas, Essam Hussain Al-Lawati",Journal of the International Council for Small Business,7.0,4,p1113 - p1156,2026,10.1080/26437015.2025.2549059,08-Sep-2025,https://doi.org/10.1080/26437015.2025.2549059,693.0,15.0,"This study adopts a theory elaboration approach to systematically review 148 peer-reviewed articles published between 2016 and 2025 on the integration of artificial intelligence (AI) in start-ups. Drawing on foundational theories such as the technology acceptance model, resource-based view (RBV), dynamic capabilities, and institutional theory, it develops a conceptual framework that highlights both opportunities and challenges associated with AI adoption. Opportunities include enhanced operational efficiency, innovation enablement, and improved decision making. Challenges involve regulatory complexity, ethical concerns, scalability issues, and limited resources. The study contributes theoretically by identifying emerging constructs and refining interconstruct relationships within AI-driven start-up ecosystems. It proposes a future research agenda calling for empirical validation of the framework across sectors and geographies. Practical implications are discussed for start-up founders, investors, and policy makers, emphasizing the need for strategic alignment, AI governance, and talent development to ensure responsible and sustainable integration of AI within entrepreneurial environments in start-ups.",SemanticScholar,FOUND
Fusion of nonclinical and clinical data to predict human drug safety,Dale E Johnson,Expert Review of Clinical Pharmacology,6.0,2,p185 - p195,2013,10.1586/ecp.13.3,10-Jan-2014,https://doi.org/10.1586/ecp.13.3,172.0,8.0,,,NOT_FOUND
ALAS: agent-oriented domain-specific language for the development of intelligent distributed non-axiomatic reasoning agents,"Mirjana Ivanović, Dejan Sredojević, Milan Vidaković",Enterprise Information Systems,12.0,8-9,p1058 - p1082,2018,10.1080/17517575.2018.1482567,06-Jun-2018,https://doi.org/10.1080/17517575.2018.1482567,177.0,11.0,"This paper presents an extension of the agent-oriented domain-specific language ALAS to support Distributed Non-Axiomatic Reasoning. ALAS is intended for the development of specific kind of intelligent agents. It is designed to support the Siebog Multi-Agent System (MAS) and implementation of the Siebog intelligent agents. Siebog is a distributed MAS based on the modern web and enterprise standards. Siebog offers support to reasoning based on the Distributed Non-Axiomatic Reasoning System (DNARS). DNARS is a reasoning system based on the Non-Axiomatic Logic (NAL). So far, DNARS-enabled agents could be written only in Java programming language. To solve the problem of interoperability and agent mobility within Siebog platforms, the ALAS language has been developed. The goal of such language is to allow programmers to develop intelligent agents easier by using domain specific constructs. The conversion process of ALAS code to Java code is also described in this paper.",SemanticScholar,FOUND
Effect of using Internet of Things for personalized advertisements on consumer buying behaviour,"Himani Bhardwaj, Mahmood Syed Mohd Jamal",Journal of Statistics and Management Systems,25.0,5,p1135 - p1146,2022,10.1080/09720510.2022.2079197,18-Sep-2022,https://doi.org/10.1080/09720510.2022.2079197,85.0,0.0,"Personalized advertisements using IoT technology is a very new and unexplored field of study in business marketing discipline specifically with Indian consumers perspective. The paper aims to find out the attitude of Indian consumers in the NCR towards personalized advertisements using IoT products namely Smart phones, Smart watches and Smart TV. Majorly on the parameters of appropriateness, utility, data collection, awareness of the process to enable personalized advertising and ultimately buying of the product. Reviewing this literature in the specific field has brought light to the gaps in the study which will in future contribute in the applications of more secured marketing communications using IoT enabled products in terms of Indian context.",SemanticScholar,FOUND
Digital transformation and the performance of family firms: a dynamic capabilities perspective,"Chen Canjun, Xu Changxin, Lv Lelin",Innovation,28.0,2,p345 - p373,2026,10.1080/14479338.2024.2448486,06-Jan-2025,https://doi.org/10.1080/14479338.2024.2448486,581.0,7.0,"Digital transformation (DT) has become a critical strategy for enhancing a firm’s market competitiveness, yet the relationship between digital transformation and firm performance remains contentious. This study employs a dynamic capabilities perspective to compare the impact of digital transformation on performance between family firms and non-family firms, exploring the effect differences at a micro level. The empirical results reveal that while digital transformation in family firms is less effective in enhancing short-term performance compared to non-family firms, it significantly boosts long-term performance more than in non-family firms. Dynamic capabilities serve as the mediating path between DT and performance. Furthermore, focusing on family control characteristics, the paper examines and explains why the effects of DT on performance differ between family and non-family firms. It finds that family ownership and family management weaken the enhancement effect of DT on dynamic capabilities, but family management strengthens the role of dynamic capabilities in improving long-term performance. By exploring the relationship between DT and performance through the lens of firm characteristics, this study not only expands the research perspective on DT in family firms but also contributes to the ongoing debate on the impact of DT.",SemanticScholar,FOUND
A Maturity Model for Digital Information Management in University Libraries: A Design Science Study,"Hamid Keshavarz, Yaghoub Norouzi",The International Information & Library Review,54.0,4,p299 - p314,2022,10.1080/10572317.2021.2022388,06-Jan-2022,https://doi.org/10.1080/10572317.2021.2022388,682.0,7.0,"Identifying dimensions and levels of maturity in digital information management is of high significance for university libraries because it would highly influence their daily businesses and future decisions. The current study is an effort to develop, confirm and test a maturity model for digital information management in the context of university libraries as a response to ever-increasing digital information. A design science approach in qualitative-quantitative order was considered as the research design. Initially, a meta-synthesis was conducted to systematically review the related literature and to develop the conceptual model for dimensions and levels. Afterward, a set of 30 related experts analyzed and confirmed the model with a 95% confidence level. Finally, the maturity levels of 14 central university libraries across Iran were measured through a multiple case study design. The MMDIM (Maturity Model for Digital Information Management) includes 10 dimensions, 20 components and 5 levels. Regarding priorities given to the components by the experts, the digital business model and digital work environment were the first and last priorities respectively. The results showed that most selected libraries were at level three namely slight management of digital information. Moreover, library managers evaluated levels of their maturity which showed that digital processes and operations and digital culture were given the first and last levels respectively. The model could be regarded as a diagnostic tool to identify development needs that could be supported by objectives of other similar libraries.",SemanticScholar,FOUND
"Artificial Intelligence and Data-Driven Technology in the Public Policy Cycle: Comparative Applications, Opportunities, and Risks","Yixin Dai, Jooho Lee",Journal of Comparative Policy Analysis: Research and Practice,27.0,5-6,p477 - p493,2025,10.1080/13876988.2025.2598371,22-Dec-2025,https://doi.org/10.1080/13876988.2025.2598371,5584.0,3.0,"This Special Issue examines how the rapid development of data science and artificial intelligence (AI) is transforming social behavior and creating urgent demands for regulation, thereby reshaping comparative policy analysis in both theory and methodology. The introduction first sketches AI’s evolution from speculative idea to pervasive infrastructure, highlighting opportunities for more informed, efficient, and responsive public policy alongside risks of bias, opacity, surveillance, and capacity gaps. It then proposes a policy process framework – covering agenda setting, formulation, decision-making, implementation, and evaluation – to analyze how AI reshapes each stage. Finally, it situates the six contributions and their advances in comparative AI-enabled governance.",SemanticScholar,FOUND
Social media data in the disaster context,Lucy Resnyansky,Prometheus,33.0,2,p187 - p212,2015,10.1080/08109028.2015.1102497,17-Nov-2015,https://doi.org/10.1080/08109028.2015.1102497,620.0,9.0,"Social media (SM) are fast becoming a locus of disaster-related activities that range from volunteers helping locate disaster victims to actions that are malicious and offensive, from sincere expressions of empathy towards affected communities to consuming disaster imagery for mere entertainment, from recovery support funds being collected to online marketers preying on the attention afforded to a disaster event. Because of the diversity and sheer volume of both relevant and irrelevant information circulating throughout SM, prioritising an affected population’s needs and relevant data is an increasingly complex task. In addition, SM data need to be interpreted as manifestations of social processes related to community resilience, diversity and conflict of interests, and attitudes to particular response strategies. The use of SM in disasters generates a growing need for domain-specific technological solutions that can enhance public interests as well as address the needs of both disaster managers and the affected population. This task requires integrating social sciences into the development of tools that enable disaster SM data detection, filtering, analysis and representation. The aim of this paper is to contribute to a critical-constructive dialogue between social scientists and developers of SM analytic capabilities. In the context of historical, anthropological and sociological research on disaster, this paper outlines concepts of the disaster paradigm, data as a product of social and representational practices, and disaster context, and discusses their heuristic significance for the analysis of disaster SM as a manifestation of social and cultural practices.",SemanticScholar,FOUND
Learning before adopting: unleashing radical innovation potential through a learning-centred digital technology strategy,"Hongxin Wang, Wenqing Wu, Chenjian Zhang",Technology Analysis & Strategic Management,,,p1 - p17,5187,10.1080/09537325.2026.2620071,03-Feb-2026,https://doi.org/10.1080/09537325.2026.2620071,1116.0,0.0,,,NOT_FOUND
Can digital transformation catalyze green technological innovation? Evidence from a moderated mediation model in Chinese manufacturing firms,"Cheng Hu, Mingxing Li, Jialu Su",Technology Analysis & Strategic Management,,,p1 - p18,5187,10.1080/09537325.2026.2646609,23-Mar-2026,https://doi.org/10.1080/09537325.2026.2646609,117.0,0.0,,,NOT_FOUND
Applications of computer-based information and communication technologies in the construction engineering and management industry for a future digital framework,"Bittu Ghosh, Somnath Karmakar",International Journal of Construction Management,26.0,11,p2310 - p2327,2026,10.1080/15623599.2025.2595503,13-Dec-2025,https://doi.org/10.1080/15623599.2025.2595503,186.0,1.0,"The construction industry faces persistent productivity, sustainability, regulatory compliance, and stakeholder collaboration challenges. While digitalisation is gaining momentum, its implementation remains fragmented and inconsistent across the construction engineering and management (CEM) industry. This study defines digitalisation as the strategic integration of intelligent, connected, and autonomous Information and Communication Technologies (ICTs), including Building Information Modeling (BIM), Internet of Things (IoT), Artificial Intelligence (AI), and blockchain into construction processes to improve decision-making, operational efficiency, and lifecycle performance. In addressing knowledge gaps and providing an application-oriented foundation, this study conducts a systematic literature review (SLR) of 105 peer-reviewed articles published between 2013 and 2024 from Scopus and Web of Science databases. The review examines the use of Smart and Innovative Technologies (SITs) across five critical CEM domains: advanced construction techniques, quality management, safety management, supply chain management, and claim and dispute resolution. The study proposes a multidimensional integration framework that maps the technological enablers to their functional roles across project phases, highlighting interoperability challenges, workforce skill gaps, and governance issues. This research contributes to academic and industrial sectors with a generalised, technology-driven roadmap for advanced digital transformation in construction, with transferable insights applicable to other legacy sectors undergoing ICT adoption.",SemanticScholar,FOUND
Exploring the role of information technology in tourism informatics: state of the art,"Yuting Chai, Shuangying Ding, Jiaojiao Sun, Fengyi Wang, Wei Wei",Asia Pacific Journal of Tourism Research,29.0,8,p995 - p1016,2024,10.1080/10941665.2024.2358311,05-Jun-2024,https://doi.org/10.1080/10941665.2024.2358311,419.0,5.0,"With the deepening application of information technology in the field of tourism, tourism informatics as a new research field came into being. In this study, qualitative and quantitative approaches were used to systematically summarize and evaluate the related research of tourism informatics. First, the history and global structure were summarized; Second, the research theories, data, and methods were analyzed. Third, five genres of content were explored: the tourism information industry; spatiotemporal analysis of tourism informatics; data mining in tourism informatics; tourism information behavior; tourism network marketing. The study found that the emerging topics of tourism informatics are constantly proposed, and the research boundaries are constantly expanded. The research gradually develops from the static phenomenon to the comprehensive application of multidisciplinary methods, theories and multiple heterogeneous data. But the research of tourism informatics has many problems, this paper discusses these problems and puts forward the the future research direction.",SemanticScholar,FOUND
Factors influencing the success and failure of crowdfunding campaigns: a systematic review and bibliometric analysis,"Slimane Ed-Dafali, Andrea Paltrinieri, Ritesh Patel",Venture Capital,,,p1 - p66,5187,10.1080/13691066.2025.2451853,24-Jan-2025,https://doi.org/10.1080/13691066.2025.2451853,533.0,8.0,,,NOT_FOUND
"The internet of things in supply chain management: past, present, and future - a systematic literature review and implementation framework","Gary Graham, Ilias Vlachos",International Journal of Production Research,63.0,24,p10555 - p10585,2025,10.1080/00207543.2025.2553824,15-Sep-2025,https://doi.org/10.1080/00207543.2025.2553824,1066.0,10.0,"The Internet of Things (IoT) was initially adopted to enhance efficiency and inform decision-making in supply chains (SC), but it is now increasingly utilised as a strategic tool to transform them. No prior study has systematically reviewed the past, present, and future of IoT in the SC context, especially amid the rise of advanced technologies like Generative Artificial Intelligence (GenAI). This study conducts a bibliometric analysis of 572 articles and a systematic literature review of 196 IoT studies published in the SC context between 2009 and 2025 (as of March). It applies descriptive, topic, and thematic analyses. This study develops the Theories, Context, Methods – Antecedents, Implementation, Outcomes – Emerging themes (TCM-AIO-E) framework. It tracks the ‘past’ and evolution of IoT applications on SC with several methods, like topic evolution analysis. The TCM-AIO-E framework guides scholars and practitioners with ‘present’ adoption and implementation mechanisms for transportation, warehouse, procurement, and resource management, focusing on decision-making, visibility, traceability, and agility. It reveals ‘future’ opportunities, significant barriers, and research gaps in the transformative role of IoT. The study proposes research questions to guide future research and help companies transition from IoT automation to autonomous and autodidact supply chains and production systems.",SemanticScholar,FOUND
Spatio-temporal data fusion techniques for modeling digital twin City,"Shengpeng Chen, Kai Hwang, Xiaoqiang Ji, Zhen Lei, Yuejin Li, Mengjun Liu, Feng Ye, Yi Zhu",Geo-spatial Information Science,28.0,2,p541 - p564,2025,10.1080/10095020.2024.2350175,17-May-2024,https://doi.org/10.1080/10095020.2024.2350175,5299.0,23.0,"The digital twin city technique maps the massive city environmental and social data on a three-dimensional virtual model. It presents the operational status of physical world and supports intelligent city governance. However, the inefficient utilization of distributed data resources, and the lack of sharing and collaboration among multiple departments restrict the data formulation of digital twin city construction. This research proposes a new cross-domain spatio-temporal data fusion framework for supporting complex urban governance. It integrates the heterogeneous urban information generated and stored by different government departments using multiple-information techniques. A specified geographic base reflecting the real city status is established, using geographical entities with unified address as identifiers to encapsulate the urban elements information. We introduce a comprehensive urban spatio-temporal data center construction process, which has already supported multiple urban governance projects. The two distinct advantages in using this data fusion system are: 1) The proposed Bert+PtrNet+ESIM-based address mapping method associates the urban elements information to their corresponding geographic entities with 99.3% F1-Score on real-world dataset. 2) The Wuhan spatio-temporal data center operation illustrates the capability of our framework for complex urban governance, which significantly improves the efficiency of urban management and services. This integrated system engineering provides reference and inspiration for further spatio-temporal data management, which contributes to the future social governance in digital twin city platform.",SemanticScholar,FOUND
A GPT-Aided literature review process for total quality management and business excellence (2020-2023),"Sheng-Hsun Hsu, Jung-Tang Hsueh",Total Quality Management & Business Excellence,35.0,7-8,p835 - p859,2024,10.1080/14783363.2024.2345897,22-Apr-2024,https://doi.org/10.1080/14783363.2024.2345897,430.0,2.0,"In an era of rapid technological evolution and competitive pressures, Total Quality Management (TQM) requires up-to-date literature reviews to reflect its evolving nature. This study addresses this need through a comprehensive analysis of TQM&BE journal articles from 2020 to 2023 and by introducing the LitRev-GPT framework. The research data was collected from the Scopus database, specifically targeting articles published in the TQM&BE journal from 2020 to 2023. This LitRev-GPT framework employs the Generative Pretrained Transformer (GPT) for efficient categorization and summarization of academic papers, setting new standards for reproducibility and methodological soundness. We identified emergent themes such as ‘Corporate Social Responsibility’, intertwining TQM with ethical practices, and ‘Industry 4.0’, showcasing TQM's adaptability to technological advancements. Additionally, trend analysis highlighted a sustained interest in foundational TQM themes, with a growing emphasis on innovation management. The LitRev-GPT framework demonstrates significant methodological advancements, enhancing the efficiency and depth of literature reviews beyond traditional AI capabilities.",SemanticScholar,FOUND
Digital Transformation and Corporate Reputation: Evidence and Policy Lessons from China,"Yuchen Chen, Lewei Liao",The Chinese Economy,59.0,5,p422 - p440,2026,10.1080/10971475.2026.2656007,05-May-2026,https://doi.org/10.1080/10971475.2026.2656007,26.0,0.0,"This article investigates how digital transformation affects corporate reputation among Chinese listed firms, utilizing a comprehensive panel dataset covering firms from 2000 to 2022. Leveraging a novel textual analysis approach based on digital-related keywords, we construct a robust digitalization index, while corporate reputation is measured through a latent-variable method incorporating diverse stakeholder perceptions. Employing fixed-effects and instrumental variable estimations to address endogeneity concerns, we find that digital transformation significantly enhances corporate reputation. Mechanism analyses reveal two critical pathways: improved corporate transparency, which reduces informational asymmetry, and enhanced competitive advantage in product markets. Further, the impact is more pronounced for smaller firms and recently listed companies, suggesting that digitalization effectively alleviates resource constraints and market-entry barriers. These findings underscore the intangible value generated by China’s digital economy initiatives, offering timely policy insights for regulators aiming to enhance corporate governance and market transparency.",SemanticScholar,FOUND
A model and knowledge-driven reliability optimisation approach for complex systems,"Han Gao, Shan Ren, Haoliang Shi, Chuang Wang, Jin Wang, Xin Zhao",Journal of Engineering Design,,,p1 - p38,5187,10.1080/09544828.2025.2558337,22-Sep-2025,https://doi.org/10.1080/09544828.2025.2558337,140.0,4.0,,,NOT_FOUND
"Charting the path to a sustainable, competitive and green industry in an era of rapid change: proposing a research agenda","Nina Bozic, Mattias Elg, Ida Gremyr, Ulrika Harlin, Jason Martin, Katrin Skagert, Andreas Wallo, Anna Williamsson",Cogent Business & Management,11.0,1,,2024,10.1080/23311975.2024.2344189,22-Apr-2024,https://doi.org/10.1080/23311975.2024.2344189,2018.0,10.0,"Global labor market shifts have spurred the need for innovations and adaptations in workplace norms. This evolution demands a workforce with technical and soft skills to meet sustainability and industry advancements. The paper aims to elucidate the complex challenges related to the ambition to develop a socially sustainable, competitive, and green industry subjected to an accelerating pace of change. It outlines the findings of a Delphi study conducted in Sweden, which integrated workshops, interviews, and surveys with experts from various sectors to identify 14 key challenges. These challenges were synthesized into five themes: innovative competence supply management practices, resilient organizations and production systems, analytics for improvement and learning, socially sustainable work, and green transformation practices. The study provides a set of propositions within these themes, offering a strategic roadmap for future research to foster the growth of industries that are socially responsible, competitive, and committed to environmental sustainability. A practical implication of the study is the recognition of the larger competence ecosystem of which industrial companies are a part. This community must work together to create the knowledge needed to manage the shift to a green, sustainable, and digital working life.",SemanticScholar,FOUND
"A systematic literature review of sustainable design of complex customised products in Industry 5.0: connotation, methodologies and prospects","Xu He, Yihan Huo, Rong Li, Jiajun Liu, Hao Yang, Haizhu Zhang",Journal of Engineering Design,37.0,2,p273 - p310,2026,10.1080/09544828.2025.2476877,17-Mar-2025,https://doi.org/10.1080/09544828.2025.2476877,730.0,10.0,"With the increasingly urgent requirements of environmental friendliness, resource conservation and industrial sustainability, Industry 5.0 aims to lead the industry towards efficiency, intelligence and sustainable development through technological innovation and industrial upgrading. The sustainability of a product largely depends on the design stage, and enterprises have identified sustainable design as a key development strategy. For complex customised products (CCPs) with high technology integration and multidisciplinary knowledge fusion, sustainable design is required to go beyond traditional material and shape considerations and focus more on the entire development process. However, the numerous concepts related to the connotation of sustainable design and the lack of systematisms and integrity make it difficult to effectively integrate and respond to the uniqueness and complexity of the development process of CCPs. Therefore, this review attempts to summarise the existing concepts of sustainable design from environment, economy, and society, and comprehensively explore the connotation of comprehensive sustainable design (CSD) in Industry 5.0. Subsequently, integrating systems engineering (SE), this review discusses the applicability and differences between traditional and advanced methodologies in comprehensive sustainability and analyses process sustainability-related factors. Finally, a CSD reference framework is developed, providing a direction for enterprises to achieve sustainable transformation.",SemanticScholar,FOUND
Cognition and emotion in the information systems field: a review of twenty-four years of literature,"Wen-Lung Shiau, Yung Po Tsang, Xiaoqun Wang, Fei Zheng",Enterprise Information Systems,16.0,6,,2022,10.1080/17517575.2021.1992675,24-Oct-2021,https://doi.org/10.1080/17517575.2021.1992675,1825.0,11.0,"Cognition and emotion play important roles in information systems (IS) research, yet existing studies have not provided a comprehensive picture of these issues in the IS field. In this study, a citation network including 2,061 related academic articles published between 1996 and 2019 is established. Two novel indicators are proposed, through which 57 influential articles are identified, namely annual average degree centrality (AADC) and annual average betweenness centrality (AABC). A backward search process is performed preceding the co-citation analysis to exhaustively collect co-citation data. Finally, integrating multidimensional scaling analysis with clustering analysis, six core knowledge groups are revealed.",SemanticScholar,FOUND
A semantic similarity analysis of Internet of Things,"Tommy Cheung, Wai Hung Ip, Chun Kit Ng, Chun Ho Wu, Kai Leung Yung",Enterprise Information Systems,12.0,7,p820 - p855,2018,10.1080/17517575.2018.1464666,24-Apr-2018,https://doi.org/10.1080/17517575.2018.1464666,1476.0,68.0,,,NOT_FOUND
The Use of ICTs in Conflict and Peacebuilding: A Feminist Analysis,Clare Brown,Australian Feminist Law Journal,44.0,1,p137 - p153,2018,10.1080/13200968.2018.1465332,01-Aug-2018,https://doi.org/10.1080/13200968.2018.1465332,460.0,4.0,,,NOT_FOUND
Artificial intelligence-driven risk management for enhancing supply chain agility: A deep-learning-based dual-stage PLS-SEM-ANN analysis,"Yogesh K Dwivedi, Binshan Lin, Keng-Boon Ooi, Garry Wei-Han Tan, Lai-Wan Wong",International Journal of Production Research,62.0,15,p5535 - p5555,2024,10.1080/00207543.2022.2063089,23-May-2022,https://doi.org/10.1080/00207543.2022.2063089,43311.0,269.0,"This study posits that the use of artificial intelligence (AI) enables supply chains (SCs) to dynamically react to volatile environments, and alleviate potentially costly decision-makings for small-medium enterprises (SMEs). Building on a resource-based view, this work examines the impact of AI on SC risk management for SMEs. A structural model comprising of AI-risk management capabilities, SC re-engineering capabilities and supply chain agility (SCA) was developed and tested based on data collected from executives, managers and senior managers of SMEs The main methodological approach used in this study is partial least squares-based structural equation modelling (PLS-SEM) and artificial neural network (ANN). The results identified the use of AI for risk management influences SC re-engineering capabilities and agility. Re-engineering capabilities further affect and mediate agility. PLS-SEM and ANN were compared and the results revealed consistency for models A and B. Current levels of demand uncertainties in the SC challenges managers in making complex trade-off decisions that require huge management resources in very limited time. With AI, it is possible to model various scenarios to answer crucial questions that archaic infrastructures are not able to. This study combines a multi-construct agility concept and identified non-linear relationships in the model.",SemanticScholar,FOUND
An organizational framework for sustainable supply chain management: An integrated theoretical perspective,"Ying Cao, Xianghui Peng, Victor Prybutok, Xinyu Wei, Lu Xu",Quality Management Journal,29.0,4,p267 - p288,2022,10.1080/10686967.2022.2112928,20-Sep-2022,https://doi.org/10.1080/10686967.2022.2112928,1079.0,11.0,"This study reviews the existing approaches and frameworks on sustainable supply chain management (SSCM). Theories from other fields including quality management, supply chain management, and management (stakeholder theory and institutional theory) are explored to identify their contribution to theory development in SSCM. Drawing upon these theories an organizational framework for SSCM is developed with an integrated theoretical perspective. Based on the developed framework and supporting theories, testable research models are proposed for future testing and theory building. The proposed organizational framework integrates a quality management framework and SSCM practices within the umbrella of the organizational profile emphasizing instrumental motives, relational motives, and moral motives. The proposed organizational framework provides a comprehensive overview on the functioning mechanism at an organizational level. The proposed organizational framework results in positive research models that provide future research directions and suggestions relevant to industry.",SemanticScholar,FOUND
When Human Meets Technology: Unlocking Hybrid Intelligence Role in Breakthrough Innovation Engagement via Self-Extension and Social Intelligence,"Syed Mudasser Abbas, Muhammad Khushnood, Zhiqiang Liu",Journal of Computer Information Systems,63.0,5,p1183 - p1200,2023,10.1080/08874417.2022.2139781,16-Nov-2022,https://doi.org/10.1080/08874417.2022.2139781,1561.0,16.0,"The advances in the field of Information System (IS) has resulted in increased adoption of Artificial Intelligence (AI) with Human Resource Management (HRM) for being valuable to employees and organization. However, extant research revealed that organizations are yet to receive promised benefits, despite investing time, energy and resources as a consequence of the limited role of human resources. Drawing upon socio-technical system (STS) theory, the study formulated moderated mediation model to explicate the mechanism and conditions under which hybrid intelligence (HI) impact breakthrough innovation engagement (BIE). Specifically, the research empirically examines the mediating impact of self-extension (SE) and how social intelligence (SI) moderates the indirect relationship between hybrid intelligence and breakthrough innovation engagement via self-extension. The survey was conducted among 352 employees of Chinese and Pakistani firms using a time-lagged data collection method. The study applied structural equation modeling (SEM) using MPlus 8.3 to test the proposed model. The findings revealed that hybrid intelligence was positively related to breakthrough innovation engagement, and social intelligence partially mediated the relationship. Besides, the study also found that social intelligence positively moderated the relationship between social intelligence and breakthrough innovation engagement, and the indirect effect of hybrid intelligence on breakthrough innovation engagement via self-extension was stronger for employees with a high level of social intelligence. Based on these findings, the study advances the AI scholarship in HRM by empirically testing the impact of hybrid intelligence on breakthrough innovation engagement of employees. It also uncovers how social intelligence can regulate employees’ work engagement in the organization via extending one’s abilities.",SemanticScholar,FOUND
Gauging opinions about the COVID-19: a multi-channel social media approach,"Prajwal Eachempati, Praveen Ranjan Srivastava, Zuopeng Justin Zhang",Enterprise Information Systems,15.0,6,p794 - p828,2021,10.1080/17517575.2020.1856418,20-Dec-2020,https://doi.org/10.1080/17517575.2020.1856418,2003.0,13.0,"Social media has been engulfed with one burning epidemic – the Coronavirus impacting both the society and businesses. This study examines the impact of social media opinions through a multi-channel social media approach encompassing Twitter, Facebook and YouTube from February 10th to March 10th, 2020. A country-wise analysis is performed for both major developed and developing economies, like the US, India, China, Italy and Iran. The analysis reveals that public opinion is unanimously negative. The impact of the pandemic on businesses, society and education has been highlighted to help formulate country-specific strategies to mitigate stigmatization of people impacted by the virus.",SemanticScholar,FOUND
Exploring the influencing mechanisms of different digital transformation stages: an industry perspective,"Lingjun Ou, Yihui Tian",Enterprise Information Systems,18.0,12,,2024,10.1080/17517575.2024.2417407,20-Oct-2024,https://doi.org/10.1080/17517575.2024.2417407,546.0,13.0,"This study examines influencing mechanisms of digital transformation across a range of industries using literature review method. Through the analysis of 114 papers from the comprehensive search of related databases, we have obtained the following results. Firstly, digital transformation unfolds in three phases: initial readiness, intermediate implementation, and innovation disruption. Secondly, internal challenges include unclear strategies, insufficient technology infrastructure, and employee resistance, while external challenges involve limited government incentives and customer resistance. Finally, the study highlights the importance of specific assets, capabilities, and organizational structures for success and develops industry-specific growth strategies based on each industry’s unique characteristics.",SemanticScholar,FOUND
From Loom to Algorithm: How Digital Technologies Drive Quality Development in the Textile Sector,"Ding Li, Huifang Liu, Shenglin Ma, Han Yan, Hongjun Zeng",The Journal of The Textile Institute,117.0,8,p2200 - p2216,2026,10.1080/00405000.2026.2622882,13-Feb-2026,https://doi.org/10.1080/00405000.2026.2622882,157.0,4.0,"The digital transformation of traditional manufacturing sectors serves as a vital driver for structural optimization and industrial resilience. While the digital economy provides a novel paradigm for economic growth, its specific mechanisms in fostering the high-quality development of the textile industry remain underexplored. This study utilizes Chinese provincial panel data from 2014 to 2023 to empirically evaluate the impact of the digital economy on the textile sector. The findings demonstrate that the digital economy significantly enhances the development quality of textile enterprises through technological diffusion and efficiency optimization. Mechanism analysis reveals that technological innovation functions as a pivotal mediating channel, facilitating the translation of digital dividends into industrial value-added growth. Furthermore, environmental regulation exerts a positive moderating effect, indicating that the promotional impact of the digital economy is amplified when situated within stringent environmental compliance frameworks. Regional heterogeneity analysis further suggests that the promotional effect is most prominent in the eastern region, reflecting disparities in digital infrastructure and industrial absorptive capacity. This research advances the understanding of digital empowerment by delineating its conditional boundaries and transmission logic, offering a refined framework for the technology-intensive transition of traditional industrial clusters.",SemanticScholar,FOUND
Ontologies to interpret remote sensing images: why do we need them?,"Damien Arvor, Mariana Belgiu, Laurent Durieux, Zoe Falomir, Isabelle Mougenot",GIScience & Remote Sensing,56.0,6,p911 - p939,2019,10.1080/15481603.2019.1587890,26-Mar-2019,https://doi.org/10.1080/15481603.2019.1587890,7947.0,57.0,"The development of new sensors and easier access to remote sensing data are significantly transforming both the theory and practice of remote sensing. Although data-driven approaches based on innovative algorithms and enhanced computing capacities are gaining importance to process big Earth Observation data, the development of knowledge-driven approaches is still considered by the remote sensing community to be one of the most important directions of their research. In this context, the future of remote sensing science should be supported by knowledge representation techniques such as ontologies. However, ontology-based remote sensing applications still have difficulty capturing the attention of remote sensing experts. This is mainly because of the gap between remote sensing experts’ expectations of ontologies and their real possible contribution to remote sensing. This paper provides insights to help reduce this gap. To this end, the conceptual limitations of the knowledge-driven approaches currently used in remote sensing science are clarified first. Then, the different modes of definition of geographic concepts, their duality, vagueness and ambiguity, and the sensory and semantic gaps are discussed in order to explain why ontologies can help address these limitations. In particular, this paper focuses on the capacity of ontologies to represent both symbolic and numeric knowledge, to reason based on cognitive semantics and to share knowledge on the interpretation of remote sensing images. Finally, a few recommendations are provided for remote sensing experts to comprehend the advantages of ontologies in interpreting satellite images.",SemanticScholar,FOUND
Augmenting Human Decision-Making in K-12 Education: The Role of Artificial Intelligence in Assisting the Recruitment and Retention of Teachers of Color for Enhanced Diversity and Inclusivity,"Chunling Niu, Soheila Sadeghi",Leadership and Policy in Schools,25.0,3,p522 - p542,2026,10.1080/15700763.2024.2358303,27-May-2024,https://doi.org/10.1080/15700763.2024.2358303,962.0,25.0,"There is a growing need for a more diverse teacher workforce in the United States to close the racial and ethnic gap between students and teachers. Due to the significant gap in the literature and the practical relevance of the topic, we propose a conceptual framework to apply artificial intelligence (AI) to address inequities in recruiting, hiring, and retention of Teachers of Color (ToCs) in K-12 education. The model aims to increase access, opportunity, and support for ToCs across their careers using data-driven AI systems. It assists human decision-makers who play the central role in recruitment, hiring, and retention processes.",SemanticScholar,FOUND
Assessing the maturity of supply chain integration in industry 4.0: a context-specific application cycle using a weighted fuzzy rule-based approach,"Rodrigo Goyannes Gusmão Caiado, Bernd Hellingrath, Eduardo Israel, Luiz Felipe Scavarda",Production Planning & Control,37.0,8,p821 - p852,2026,10.1080/09537287.2025.2586782,21-Nov-2025,https://doi.org/10.1080/09537287.2025.2586782,120.0,2.0,"The goal of this paper is to develop a novel supply chain integration (SCI) maturity model, which embraces the opportunities given by Industry 4.0 (I4.0) related technologies in its assessment model, a weighted fuzzy rule-based assessment method, and a flexible assessment procedure (cycle) to address the context-specific nature of SCI. The research builds on design science. A confirmatory real-world application tested the model’s consistency and usability. Results reveal that the offered artefact is a robust/practical tool for assessing and guiding organisations in their maturation paths, providing support on how to work tighter together internally and externally with suppliers and customers. The weighted fuzzy rule-based assessment method generated consistent results while dealing with the highly subjective task of assessing SCI maturity in the scope of I4.0. To the best of the authors’ knowledge, this is the first SCI artefact that considers I4.0 opportunities in different implementation levels, along with an assessment procedure for contextualised maturity assessment and guidelines generation.",SemanticScholar,FOUND
Developments in B to B and B to C Marketing and Sales Automation Systems,"Merlin Stone, Neil Woodcock",Journal of Business-to-Business Marketing,28.0,2,p203 - p222,2021,10.1080/1051712x.2021.1920702,02-Sep-2021,https://doi.org/10.1080/1051712x.2021.1920702,6218.0,16.0,"Purpose This viewpoint article considers the impact of the latest developments in information and communications technology on the automation of and support for marketing and sales. It compares the situation in business to business and business to consumer markets and identifies the similarities and differences between the two. It compares the situation with what is being covered in academic literature – mostly CRM systems, social media and platform supply – and identifies gaps in academic research – with the purpose of giving clear guidance for academics who are researching or teaching in this area, from practitioners who are involved deeply in the area. Methodology The methodology is a review of academic and gray literature and conceptual analysis, with a strong autoethnographic input from the, one of whom is actively involved in delivery situations involving marketing and sales automations and the other in advising companies in this area. It draws on discussions with practitioners in leading firms, on the trade press, supplier case studies and the experiences of a leading marketing communications agency with its clients to identify best and normal practice. The discussions and advisory input are confidential so cannot be referenced. Findings The automation of marketing and sales activity is progressing quickly, supported by developments in information technology. The review of academic literature shows that academics tend to focus on specific aspects of marketing and sales automation and not on the comprehensive approach followed by leading companies. It is important for academics to keep up with these developments, by reading the professional literature, particularly that relating to comprehensive marketing and sales automation, and by becoming involved in projects with companies that are automating their approaches, focusing particularly on projects which aim to automate the entire marketing and sales process rather than individual parts of it. Practical implications Companies which are falling behind in their use of marketing and sales automation should consider how to embody it in their approach, on a comprehensive rather than a piecemeal basis. This would normally be initiated by a review of the company’s marketing and sales processes and comparison with best practice (overall rather than in specific areas), and then engagement with one or more suppliers of marketing and sales automation systems and services, to identify the benefits of the automation approach and the roadmap to its implementation. Research implications Academics should build into their career plans research projects which will bring them into direct contact with advanced practitioners of marketing and sales automation, probably by case study rather than survey work. This might be through collaboration with consultancy firms which require some secondary research or training inoput.",SemanticScholar,FOUND
"Two decades of innovation: A bibliometric study of digital marketing, risk management, and business process evaluation (2000-2025)",Muna F Hanoon,EDPACS,,,p1 - p17,5187,10.1080/07366981.2025.2596984,15-Dec-2025,https://doi.org/10.1080/07366981.2025.2596984,33.0,1.0,,,NOT_FOUND
Value-Based Guiding Principles for Managing Cognitive Computing Systems in the Public Sector,"Kevin C Desouza, Tendai Makasi, Alireza Nili, Mary Tate",Public Performance & Management Review,44.0,4,p929 - p959,2021,10.1080/15309576.2021.1879883,03-Feb-2021,https://doi.org/10.1080/15309576.2021.1879883,1026.0,15.0,"Cognitive Computing Systems (CCSs) are increasing in prominence in the public sector. This paper develops a framework drawing on public value and information technology service management literature to guide the management of CCSs in the public sector. We draw on academic literature, gray literature, legislation and government reports, and examples on CCS initiatives in the public sector to develop insights for research and practice. We then outline the themes and present the insights in the form of guiding principles and specific (detailed) recommendations. These include guiding principles and recommendations for establishing legitimacy, understanding the required capabilities, executing capabilities, creating and measuring public value.",SemanticScholar,FOUND
Product development process for a new healthcare service in the Industry 4.0 context: an action research approach,"Carlos Alberto Castaño-Moraga, Juan Manuel Maqueira-Marín, José Moyano-Fuentes, Miguel Núñez-Merino",Production Planning & Control,36.0,2,p177 - p196,2025,10.1080/09537287.2024.2349224,06-May-2024,https://doi.org/10.1080/09537287.2024.2349224,570.0,16.0,"Precision Medicine (PM) is a personalised approach that uses genetic, environmental, and lifestyle information to prevent, diagnose, and treat disease more effectively. This study aims to explore how Industry 4.0 technologies can enable the development of a new healthcare product, specifically a new PM service. Action Research has been used to identify the needs and orient the design and development of a technological platform that enables PM to be applied in healthcare institutions. This methodology can also act as a guide for advancing research and making the service a regular clinical practice. This research furthers understanding of how I4.0 technologies enable the generation of specific capabilities and their use to create other innovative healthcare products, in general, and PM products, in particular. Study findings offer practical and governmental implications and can serve as the basis for digital platform design and development to facilitate PM practices in healthcare institutions.",SemanticScholar,FOUND
Resilience building in service firms during and post COVID-19,"Melissa Farboudi Jahromi, Arthur Huang",The Service Industries Journal,41.0,1-2,p138 - p167,2021,10.1080/02642069.2020.1862092,18-Dec-2020,https://doi.org/10.1080/02642069.2020.1862092,10735.0,107.0,"The COVID-19 pandemic has affected millions of service firms worldwide; therefore, they must be resilient during these uncertain economic times. This paper develops a new conceptual framework of resilience-building strategies for the service industry. This framework encompasses five major practical strategies and several sub-strategies that can help service firms to survive and thrive amid and post COVID-19 pandemic. The proposed strategies include market orientation, supply chain optimization, strategic corporate reorganization, innovation, and business model transformation. The successful implementation of each strategy depends on various factors, which are discussed in the study. In addition, four major resources, including financial, human, social, and technological capital, are reviewed as prerequisites for adopting the resilience-building strategies. This new framework contributes to the organizational resilience literature and provides practical implications for service firms to become resilient during and post COVID-19.",SemanticScholar,FOUND
Digitalisation and emerging market enterprises' global open innovation: Evidence from China,"Chengbo Fu, Huilin Xu, Wang Yang",Investment Analysts Journal,,,p1 - p32,5187,10.1080/10293523.2025.2537491,14-Oct-2025,https://doi.org/10.1080/10293523.2025.2537491,139.0,18.0,,,NOT_FOUND
Unpacking the effects of R&D strategy proximity on inter-firm knowledge flow: evidence from the global 3D printing industry,"Weijie Hu, Nazrul Islam, Ning Kang, Guannan Xu, Yuan Zhou",Technology Analysis & Strategic Management,37.0,11,p2284 - p2301,2025,10.1080/09537325.2024.2358429,06-Jun-2024,https://doi.org/10.1080/09537325.2024.2358429,231.0,1.0,"The determinants of inter-organisational knowledge flow have shifted from bilateral and static factors to network and dynamic factors. Therefore, this paper aims to explore the impact mechanism of firms’ dynamic behaviours on knowledge flow in a multiplex inter-firm strategy proximity network. The paper proposes a conceptual model to examine how the different research and development (R&D) dynamic strategies impact the inter-firm knowledge flow from a network-to-network lens, considering the moderating effect of the firm size heterogeneity. To test the hypotheses, we conducted an empirical study on 150 listed firms in the global 3D printing industry from 2005 to 2016 using multi-source heterogeneous data and Quadratic Assignment Procedure (QAP) regression model. Results show that the proximities of the R&D internationalisation strategy and R&D domain strategy are positively associated with the inter-firm knowledge flow. Firm size heterogeneity plays a moderating role, and these effects vary at different stages of industrialisation.",SemanticScholar,FOUND
Entrepreneurial challenges of COVID-19: Re-thinking entrepreneurship after the crisis,"Umesh Kumar Bamel, Ritika Chopra, Sascha Kraus, Eric Liguori, Gagan Deep Sharma",Journal of Small Business Management,62.0,2,p824 - p846,2024,10.1080/00472778.2022.2089676,15-Jul-2022,https://doi.org/10.1080/00472778.2022.2089676,8849.0,137.0,"The COVID-19 pandemic substantially influenced the world economy, affecting entrepreneurs and SMEs alike. This paper critically examines the relationship between entrepreneurship and COVID-19 through an integrative review analyzing 79 existing studies on the topic. We posit a novel framework for postcrisis recovery, identifying three phases of activity: business resumption (the decision to restart operations following a crisis), crisis impact analysis (understanding how the firm has changed as a result of the crisis), and future review and modification (examining how businesses need to move forward in the latter days following a crisis). Further, we call for additional entrepreneurship research embedded in a crisis environment, with the hope that new scholarship in this regard will provide a chance to increase awareness of the critical role of entrepreneurial management in society.",SemanticScholar,FOUND
AEGC 2021: Short abstracts,,Preview,2021.0,213,p63 - p112,2021,10.1080/14432471.2021.1957452,31-Aug-2021,https://doi.org/10.1080/14432471.2021.1957452,2245.0,0.0,"Longwall automation depends on the development of automatic coal seam (horizon) tracking and lateral guidance systems to keep mining the target coal seam while steering to the desired target. While inertial sensing has provided some success for lateral control of mining machinery, horizon control, i.e. establishing a “flight plan” for the longwall shearer, is a critical component of longwall automation that requires spatial accuracy for changes in a horizon’s depth of the order of 10 cm, and positions of structures (faults and rolls) within fractions of a metre tens of metres ahead of the longwall machine. However, securing this is still largely unachieved. Much depends on our precise prior knowledge of the coal seam’s location.",SemanticScholar,FOUND
The synergetic role of Lean and Industry 4.0 in the Industry 5.0 transition: a literature-informed framework,"Maria Pia Ciano, Patrick Dallasega, Guido Orzes, Mirco Peron, Nicolò Saporiti",Production Planning & Control,,,p1 - p32,5187,10.1080/09537287.2026.2667353,01-Jun-2026,https://doi.org/10.1080/09537287.2026.2667353,159.0,0.0,,,NOT_FOUND
Generative AI and digital resilience: a research agenda,"Christine Große, Leif Sundberg",Journal of Risk Research,,,p1 - p26,5187,10.1080/13669877.2025.2539105,07-Aug-2025,https://doi.org/10.1080/13669877.2025.2539105,4216.0,10.0,,,NOT_FOUND
Operations & supply chain management: principles and practice,"Henk Akkermans, O Zeynep Aksin, Imran Ali, Nico André Schmid, Mohamed Zied Babai, Ana Barbosa-Povoa, Olga Battaïa, Ayse Begüm Kilic-Ararat, Maria Besiou, Nils Boysen, Stephen Brammer, Alistair Brandon-Jones, Dirk Briskorn, Tyson R Browning, Paul Buijs, Piera Centobelli, Andrea Chiarini, Paul Cousins, Elizabeth A Cudney, Andrew Davies, Steven J Day, Rommert Dekker, Juliano Denicol, Mélanie Despeisse, Stephen M Disney, Alexandre Dolgui, Linh Duong, Malek El-Qallali, Behnam Fahimnia, Fatemeh Fakhredin, Stanley B Gershwin, Salar Ghamat, Vaggelis Giannikas, Christoph H Glock, Janet Godsell, Kannan Govindan, Claire Hannibal, Anders Haug, Tomislav Hernaus, Juliana Hsuan, Dmitry Ivanov, Marianne Jahre, Björn Johansson, Madan Shankar Kalidoss, Argyris Kanellopoulos, Devika Kannan, Elif Karul, Konstantinos V Katsikopoulos, Rainer Kolisch, Maximilian Koppenberg, Maneesh Kumar, Yong-Hong Kuo, Andrew Kusiak, Michael A Lewis, Stanley Frederick W T Lim, Veronique Limère, Jiyin Liu, Omid Maghazei, Matija Marić, Joern Meissner, Miranda Meuwissen, Pietro Micheli, Samudaya Nanayakkara, Bengü Nur Özdemir, Thanos Papadopoulos, Stephen Pavelin, Srinath Perera, Fotios Petropoulos, Wendy Phillips, Dennis Prak, Hubert Pun, Sharfah Ahmad Qazi, Usha Ramanathan, Gerald Reiner, Ewout Reitsma, Jens K Roehrich, Nada R Sanders, Joseph Sarkis, Christoph G Schmidt, Andreas Schroeder, Kostas Selviaridis, Stefan Seuring, Chuan Shi, Byung-Gak Son, Martin Spring, Brian Squire, Miriam Wilhelm, Finn Wynstra, Ting Zheng, René de Koster, Wendy van der Valk, Dirk Pieter van Donk, Geert-Jan van Houtum",International Journal of Production Research,64.0,1,p330 - p513,2026,10.1080/00207543.2025.2555531,08-Oct-2025,https://doi.org/10.1080/00207543.2025.2555531,108000.0,38.0,,,NOT_FOUND
From aspirational to transformed: configurational recipes for analytics-driven operational excellence,"Liangliang Hua, Huimin Lu, Di Mao, Rekha Rao-Nicholson, Yichuan Wang, Chia-Hui Yu",Enterprise Information Systems,20.0,1,,2026,10.1080/17517575.2025.2595700,01-Dec-2025,https://doi.org/10.1080/17517575.2025.2595700,89.0,0.0,"Analytics technologies are vital for improving operational performance, yet the configurations that maximise their value remain unclear. Drawing on complexity theory and contingency theory, this study examines how supply chain governance, organisational capability, and environmental conditions interact with different levels of analytics capability. Using secondary data from 205 Chinese high-tech firms over two years, we combine content analysis with fuzzy-set qualitative comparative analysis to uncover configurations that enhance performance. Results show that firms must align governance, capabilities, and environmental strategies with their analytics maturity, aspirational, experienced, or transformed. The study advances understanding of analytics implementation and offers practical guidance.",SemanticScholar,FOUND
Industry 4.0: state of the art and future trends,"Ling Li, Eric L Xu, Li da Xu",International Journal of Production Research,56.0,8,p2941 - p2962,2018,10.1080/00207543.2018.1444806,09-Mar-2018,https://doi.org/10.1080/00207543.2018.1444806,62095.0,2641.0,,,NOT_FOUND
"A systematic review of technological innovation in marketing: implications for individuals, organizations, and the broader environment",Dennis Franscico Chandiona,Cogent Business & Management,13.0,1,,2026,10.1080/23311975.2026.2621458,09-Feb-2026,https://doi.org/10.1080/23311975.2026.2621458,2147.0,2.0,,,NOT_FOUND
A bibliometric review of early-stage entrepreneurial equity financing: an overview and future research agenda,"Jing Li, Siqi Liu, Dan Wang, Miles M Yang, Yucheng Zhang",Venture Capital,27.0,3,p299 - p344,2025,10.1080/13691066.2023.2295252,21-Dec-2023,https://doi.org/10.1080/13691066.2023.2295252,650.0,3.0,"Rich research on the sources of entrepreneurial capital has gradually been developed in the field of entrepreneurial equity financing. However, diverse and segmented research approaches hinder our understanding of the overall development of early-stage entrepreneurial equity financing in this context. Supplementing the previous methods for conducting research reviews and exploiting visual networks, this study uses a combination of bibliometrics and textual analysis to review the scope and evolution of early-stage entrepreneurial equity financing-related research. Our primary sample of 3,713 studies includes 108,385 secondary documents; these documents comprise the references cited by our primary sample records. We visually describe the field distribution, conceptual structure, and network connections of early-stage entrepreneurial equity financing-related publications over the 36-year period from 1987 to 2022. This paper also maps out hot topics and burgeoning trends through an analysis of the evolution of keywords in relevant publications. Our study contributes to the early-stage entrepreneurial equity financing literature by systematically reviewing the knowledge landscape in this field and identifying and articulating promising new research directions.",SemanticScholar,FOUND
"AI Adoption, Audit Outcomes, and Professional Reputation","Yusran Bachtiar, Hasdiana, Parman, Yasri Tarawiru",Journal of Computer Information Systems,,,p1 - p17,5187,10.1080/08874417.2025.2581114,29-Oct-2025,https://doi.org/10.1080/08874417.2025.2581114,435.0,1.0,,,NOT_FOUND
Human work in the shift to Industry 4.0: a road map to the management of technological changes in manufacturing,"Jari Kaivo-Oja, Theresa Lauraeus, Elina Parviainen, Arto Reiman, Esa-Pekka Takala",International Journal of Production Research,62.0,16,p5613 - p5630,2024,10.1080/00207543.2023.2291814,12-Dec-2023,https://doi.org/10.1080/00207543.2023.2291814,5069.0,24.0,"The fourth industrial revolution tempts manufacturing companies to transform into smart factories, which in turn affects the human work. We examine this complexity from the perspective of human factors and ergonomics (HF/E) by analysing the organisational capabilities needed when seeking and selecting new technology solutions, and designing and implementing them into local application. This qualitative study focuses on manufacturing companies that have pioneered adopting high technologies in their processes. Empirical material was collected from 15 Finnish manufacturing companies of different sizes. Particular attention is paid to how HF/E are present when companies (1) sense new opportunities for technological development of their production, (2) seise these opportunities through design actions, and (3) shift the solutions into use. Analyses revealed that companies, regardless of their size and the technology being implemented, do not fully understand the fundamentals and value of HF/E, resulting in technology and production-oriented solutions in which human skills and capabilities are often neglected. A novel road map is proposed for integrating HF/E expertise and knowledge when seeking, selecting, and utilising new production technologies. This study increases understanding of the role of HF/E when adopting new technologies in manufacturing. The road map improves possibilities for fact-based decision-making.",SemanticScholar,FOUND
Mapping the competency landscape for librapreneurship: perspectives from the LIS community in Pakistan,"Pervaiz Ahmad, Kiran Butt",Journal of Business & Finance Librarianship,31.0,2,p116 - p151,2026,10.1080/08963568.2025.2569929,17-Oct-2025,https://doi.org/10.1080/08963568.2025.2569929,148.0,0.0,"The study explores the integration of entrepreneurship into library and information sciences by examining the perceptions of the LIS community in Pakistan regarding the importance of entrepreneurial competencies to venture as a librapreneurs- a concept that blends librarianship with entrepreneurship, enabling the LIS community to take innovative approaches to become self-reliant rather than solely relying on traditional employment. Furthermore, the study seeks perceptions of LIS faculty regarding the strength or integration of entrepreneurial concepts into the BLIS/MLIS curriculum. Using an Explanatory Sequential Method, a mixed method approach, quantitative data was gathered using a semi-structured questionnaire from university librarians and LIS faculty and analyzed using SPSS. Later, qualitative data were collected from BLIS/MLIS program coordinators through semi-structured interviews and analyzed using NVivo 21. The findings highlight key entrepreneurial competencies, including decision-making, technology proficiency, information literacy, communication skills, and knowledge of customer psychology and relationships. Despite the inclusion of entrepreneurship as a subject in the LIS curriculum by the Higher Education Commission, perceptions reveal that gaps remain in fostering a librapreneurial mindset. The LIS curriculum has a number of subjects supporting entrepreneurship but is not being taught or designed to foster entrepreneurship in a true sense. Furthermore, the study revealed that the LIS curriculum is preparing graduates for librarianship rather than librapreneurship. The study suggests that the LIS institutes, policymakers, and HEC should play a vital role in fostering entrepreneurial culture. Special attention is needed to revise the curriculum and provide faculty training to support and encourage entrepreneurship. The practical implications of the study extend to LIS institutions, policymakers, and the LIS community themselves. By addressing the identified gaps, the LIS institutions can play a significant role in preparing graduates for librapreneurial endeavors.",SemanticScholar,FOUND
Analytics competence and IT business value: the role of metric ambidexterity,"Gaurav Jetley, Leo R Vijayasarathy",Journal of Business Analytics,8.0,4,p267 - p291,2025,10.1080/2573234x.2025.2485213,31-Mar-2025,https://doi.org/10.1080/2573234x.2025.2485213,221.0,1.0,"Organizations have invested in analytics to understand, predict, and influence phenomena germane to their success. Despite significant investments in analytics, there is a lack of comprehensive, theory-based models explaining how analytics contributes to IT business value through the development and exploitation of metrics. We address this gap by introducing metric ambidexterity – an organization’s ability to simultaneously explore new metrics and exploit existing ones – as a critical mechanism linking analytics competence and analytics culture to enhanced market competence. We test our research model with a matched pair sample of business managers and IT managers. Our results show that the interaction between analytics competence and analytics culture is related to metric ambidexterity, which subsequently affects market competence. Further, by demonstrating metric ambidexterity’s role as a significant mediator between aspects of the analytics environment and market competence, we provide a theory-based model that clarifies the processes through which analytics contributes to IT business value, offering timely insights for organizations seeking to leverage analytics more effectively in an increasingly competitive landscape.",SemanticScholar,FOUND
The role of Project managers in navigating digitalization in a supply chain for resilience,"Jude Jegan Joseph Jerome, Arunkumar O N, Vandana Sonwaney",Production & Manufacturing Research,12.0,1,,2024,10.1080/21693277.2023.2291649,12-Dec-2023,https://doi.org/10.1080/21693277.2023.2291649,4397.0,10.0,"This study talks about the challenges faced by the project manager to implement a digitized supply chain quickly and ways to overcome them in the healthcare industry. A combination of the Best-Worst Method and fuzzy DEMATEL is used to study the factors that would pose a challenge to a Project Manager. The output from the Best-Worst Method is fed as the input to the fuzzy DEMATEL method. The study showed that Presenteeism is one of the most influential factors in the system. It also shows that a Project Manager must be someone with a good knowledge of the business and its working. The findings indicate that for a project to become successful during novel working conditions, the Project Manager and the project team as a whole are responsible and need to come together.",SemanticScholar,FOUND
Shockproof or exposed? The moderating role of tariff shocks in the link between artificial intelligence and firm supply chain resilience,"Francesco Caputo, Tachia Chin, Zhisheng Li, Hanrong Xu",International Journal of Production Research,,,p1 - p15,5187,10.1080/00207543.2026.2726315,01-Sep-2026,https://doi.org/10.1080/00207543.2026.2726315,29.0,0.0,,,NOT_FOUND
From innovation to transformation: Digital technologies and the redefinition of public sector accountants' skills,"Giovanna Dabbicco, Giorgia Mattei",Public Money & Management,,,p1 - p12,5187,10.1080/09540962.2026.2708853,04-Aug-2026,https://doi.org/10.1080/09540962.2026.2708853,36.0,0.0,,,NOT_FOUND
Cataloging News,Violet B Fox,Cataloging & Classification Quarterly,55.0,5,p328 - p345,2017,10.1080/01639374.2017.1316655,23-May-2017,https://doi.org/10.1080/01639374.2017.1316655,325.0,0.0,,,NOT_FOUND
Artificial intelligence and human integration: a conceptual exploration of its influence on work processes and workplace learning,"Jessica Li, Roland K Yeo",Human Resource Development International,27.0,3,p367 - p387,2024,10.1080/13678868.2024.2348987,13-May-2024,https://doi.org/10.1080/13678868.2024.2348987,2617.0,31.0,"This paper examines the influence of Artificial Intelligence (AI) on job and organizational processes, drawing on sociotechnical systems (STS) theory. It discusses the emergence of AI and its implications for HRD on individual, group, and organizational learning. AI has changed the trajectory of work processes and outcomes, paving the way for the future of work. An AI-human integration process model is proposed to reinforce its influence on job design in response to AI applications in the workplace. Learning is experienced between humans and between humans and AI. AI’s cognitive intelligence is capable of learning from each other through a process of deep learning. Humans, too, can learn from AI to modify their response towards working with AI-enabled applications. The model illustrates the relationships between individuals, work processes, and sociotechnical systems through multilevel interactions. Of relevance to HRD are two critical processes, namely learning and innovating, that facilitate the continuation of AI-human integration, enabling employees to embrace AI as an integral part of their work life. The paper offers several implications for HRD research and practice, recognizing opportunities for workplace learning and the potential constraints and risks arising from AI adoption that are applicable globally and internationally.",SemanticScholar,FOUND
AI acceptance among non-IT professionals in real estate and construction: an exploratory factor structure and priority analysis using PLS-SEM and IPMA,"Jeonghyub Kweon, Byunguk Lee",Journal of Asian Architecture and Building Engineering,,,p1 - p22,5187,10.1080/13467581.2026.2710515,29-Jul-2026,https://doi.org/10.1080/13467581.2026.2710515,345.0,0.0,,,NOT_FOUND
"The role of flexibility, digitalization, and crisis response strategy for SMEs: Case of COVID-19","Zehra Binnur Avunduk, Tuğrul Daim, Eyup Kahveci, Selim Zaim",Journal of Small Business Management,63.0,3,p1198 - p1235,2025,10.1080/00472778.2024.2377671,09-Aug-2024,https://doi.org/10.1080/00472778.2024.2377671,1265.0,35.0,"We explore the impact of COVID-19 on small- and medium-sized enterprises (SMEs) and examine how crisis management strategies, particularly related to flexibility and digitalization, have influenced their responses during and after the pandemic. In this regard, we investigate the relationships between strategic flexibility, digitalization, digital technology adoption, COVID-19 perception, and firm strategy after the pandemic by specifically incorporating the mediating role of the crisis response strategy. Based on a survey of 206 Turkish SMEs in manufacturing and service industries, our research employs structural equation modeling using Smart PLS. Our findings indicate that crisis response strategies play a significant role in shaping the firm strategy after COVID-19, mediating the impact of strategic flexibility, digitalization, digital technology adoption, and COVID-19 perception. The findings highlight the importance of crisis response strategies—including optimizing business models, developing marketing channels, investing in technological innovation, diversifying into new business areas, and integrating the supply chain—during the COVID-19 period. These strategies are crucial influencers in shaping the firm strategies of SMEs beyond the pandemic. In particular, SMEs demonstrate adaptation by reassessing and restructuring their product portfolios, expanding their presence in regional markets, and establishing strategic collaborations to thrive in the evolving business landscape.",SemanticScholar,FOUND
Smart cities in developing countries: a review of research literature,"Purnama Alamsyah, Galuh Syahbana Indraprahasta",International Journal of Urban Sciences,29.0,sup1,p232 - p264,2025,10.1080/12265934.2024.2346153,29-Apr-2024,https://doi.org/10.1080/12265934.2024.2346153,668.0,5.0,"This paper departs from the need to better understand the intellectual map of smart city research in the context of developing countries which tends to be overlooked within the current smart city literature. A more refined landscape of smart city literature has been therefore carried out by using bibliometric analysis, i.e. a quantitative analysis method to measure and map the current body of knowledge in a scientific discipline, based on academic articles indexed in the Scopus database. In this paper, we employ a provincializing smart urbanism stance, particularly by looking through the lenses of socio-technical system and (variegated) development paths to arrive at a more nuanced understanding of smart cities. First, by looking at the research trends, geographical origins of knowledge production, research themes, and the overall intellectual structure of smart city research we unpack the similarities and differences between the general and developing countries categories. Second, reflecting upon these findings, we provide a more contextualized view of smart city research in developing countries and propose a number of research areas that have so far been overlooked. Given some peculiarities in the intellectual landscape of the smart city in developing countries due to different socio-technical contextual conditions, we suggest the need to attune the smart city label to national and local specifics so that it can aptly address real and multiplex urban challenges.",SemanticScholar,FOUND
Toward intelligent education: understanding the cognitive upgrading phenomenon among university students,"Jian Xu, Chao Yu, Dong Zhang, Tongyang Zhang",Cogent Education,13.0,1,,2026,10.1080/2331186x.2026.2615500,20-Jan-2026,https://doi.org/10.1080/2331186x.2026.2615500,819.0,0.0,,,NOT_FOUND
The Sustainability Performance of SMEs in Industry 5.0: A Proposal for a Synergetic Digital Sustainable Development Maturity Model (SDSDMM),"Delia Deliu, Adriana Tiron-Tudor",Eastern European Economics,63.0,5,p739 - p783,2025,10.1080/00128775.2024.2442306,21-Dec-2024,https://doi.org/10.1080/00128775.2024.2442306,714.0,15.0,"This paper explores the intersection of digitalization and sustainability for SMEs in Eastern Europe (EE), recognizing the challenges in their awareness, understanding, and resource constraints. It introduces an innovative Maturity Model (MM) tailored to SMEs, capturing both digitalization and sustainability dimensions. Validated through focus group sessions, the proposed Synergetic Digital Sustainable Development Maturity Model (SDSDMM) provides a user-friendly tool for SMEs to assess and enhance their sustainable digital development. Acknowledged by experts as transparent and practical, the proposed MM fills a gap in the SMEs’ literature, offering strategic insights and promoting continuous improvement in their digital sustainability journey.",SemanticScholar,FOUND
The construction of shield machine fault diagnosis knowledge graph based on joint knowledge extraction model,"Chuan Jiang, Wei Wei",Journal of Engineering Design,36.0,3,p355 - p374,2025,10.1080/09544828.2024.2419317,27-Jan-2025,https://doi.org/10.1080/09544828.2024.2419317,319.0,4.0,"Traditional shield machine fault diagnosis methods rely on engineers’ experience and unstructured maintenance data, lacking a logically clear fault diagnosis knowledge base. Creating a fault knowledge graph can better organise, store, and manage complex fault information, aiding the development of automated fault diagnosis. However, current methods struggle with joint learning tasks for entity recognition and relation extraction, especially with polysemy and relation overlap. This paper proposes a novel XLNet-BiLSTM-LSTM model for knowledge extraction. The pre-trained XLNet model uses dynamic word vectors to serialise the text, making the contextual semantic representation more accurate. The Bi-directional Long Short-Term Memory (BiLSTM) encoding layer captures deep contextual features of the text. The LSTM decoding layer handles complex contextual dependencies and long-distance relationships, enabling joint decoding. Experimental results indicate that this model enhances the joint extraction of fault entities and relations, achieving an F1-score of 86.91%. Additionally, this paper introduces a new method for joint annotation of entities and relations, enabling the model to address the issue of overlapping relationships. Based on this, a construction framework for the shield machine fault diagnosis knowledge graph is proposed, ultimately developing a shield machine fault diagnosis knowledge graph comprising 1,330 triples.",SemanticScholar,FOUND
Post-pandemic sustainable supply chain recovery planning: a case study from an automobile industry,"Naimur Rahman Chowdhury, Sharmine Akther Liza, Shah Murtoza Morshed, Rafia Munjerin, Sanjoy Kumar Paul, Rafat Rahman, Md Doulotuzzaman Xames",Journal of Management Analytics,12.0,3,p509 - p551,2025,10.1080/23270012.2025.2519916,23-Jul-2025,https://doi.org/10.1080/23270012.2025.2519916,2131.0,1.0,,,NOT_FOUND
Towards a knowledge base to support global change policy goals,"Gregory Giuliani, Paolo Mazzetti, Stefano Nativi, Mattia Santoro",International Journal of Digital Earth,13.0,2,p188 - p216,2020,10.1080/17538947.2018.1559367,20-Apr-2019,https://doi.org/10.1080/17538947.2018.1559367,4042.0,46.0,"In 2015, it was adopted the 2030 Agenda for Sustainable Development to end poverty, protect the planet and ensure that all people enjoy peace and prosperity. The year after, 17 Sustainable Development Goals (SDGs) officially came into force. In 2015, GEO (Group on Earth Observation) declared to support the implementation of SDGs. The GEO Global Earth Observation System of Systems (GEOSS) required a change of paradigm, moving from a data-centric approach to a more knowledge-driven one. To this end, the GEO System-of-Systems (SoS) framework may refer to the well-known Data-Information-Knowledge-Wisdom (DIKW) paradigm. In the context of an Earth Observation (EO) SoS, a set of main elements are recognized as connecting links for generating knowledge from EO and non-EO data – e.g. social and economic datasets. These elements are: Essential Variables (EVs), Indicators and Indexes, Goals and Targets. Their generation and use requires the development of a SoS KB whose management process has evolved the GEOSS Software Ecosystem into a GEOSS Social Ecosystem. This includes: collect, formalize, publish, access, use, and update knowledge. ConnectinGEO project analysed the knowledge necessary to recognize, formalize, access, and use EVs. The analysis recognized GEOSS gaps providing recommendations on supporting global decision-making within and across different domains.",SemanticScholar,FOUND
Generative AI: Current Status and Future Directions,"Teck-Soon Hew, Alex Koohang, Lai-Ying Leong, Keng-Boon Ooi, Garry Wei-Han Tan",Journal of Computer Information Systems,,,p1 - p34,5187,10.1080/08874417.2025.2482571,01-Apr-2025,https://doi.org/10.1080/08874417.2025.2482571,2165.0,15.0,,,NOT_FOUND
Put not down your hedge: exploring the impact of coworkers' AI usage on employees' knowledge hiding,"Chenqian Xu, Zhu Yao, Jingyi Yi",The Service Industries Journal,,,p1 - p28,5187,10.1080/02642069.2026.2654153,06-Apr-2026,https://doi.org/10.1080/02642069.2026.2654153,483.0,4.0,,,NOT_FOUND
Building AI-enabled capabilities for improved environmental and manufacturing performance: evidence from the US and the UK,"Samuel Fosso-Wamba, Cameron Guthrie, Adegboyega Oyedijo, Maciel M Queiroz",International Journal of Production Research,64.0,2,p545 - p564,2026,10.1080/00207543.2024.2428427,20-Nov-2024,https://doi.org/10.1080/00207543.2024.2428427,1853.0,23.0,"Drawing on the emerging literature on the environmental and manufacturing roles of artificial intelligence (AI), this study proposes a research model that connects AI-enabled capabilities to environmental and manufacturing performance. We collected data from 128 managers from manufacturing companies in the United States (US) and the United Kingdom (UK) and tested the proposed model using partial least squares structural equation modelling. The findings lend strong empirical support to the research model and confirm the influence of AI-enabled capabilities on environmental and manufacturing performance. We also discovered significant differences in AI use and impact between US and UK respondents, highlighting the importance of context in AI research. These findings advance practice and theory while also contributing to the emerging literature on artificial intelligence for sustainability.",SemanticScholar,FOUND
"Beliefs, anxiety and change readiness for artificial intelligence adoption among human resource managers: the moderating role of high-performance work systems","Chiachi Chang, Eddy S Fang, Marek Hudik, Yuliani Suseno",The International Journal of Human Resource Management,33.0,6,p1209 - p1236,2022,10.1080/09585192.2021.1931408,12-Jul-2021,https://doi.org/10.1080/09585192.2021.1931408,11663.0,151.0,"This study examines the change readiness for artificial intelligence (AI) adoption among human resource (HR) managers. In particular, it investigates the effects of the three elements of attitudes (cognitive, affective and behavioural elements) related to the HR managers’ beliefs about AI, their AI anxiety, and their change readiness for AI adoption. The research also seeks to explore the moderating role of high-performance work systems (HPWS) in the relationships between HR managers’ beliefs, AI anxiety, and change readiness. Data were obtained from 417 HR managers working in China, with findings indicating that HR managers’ beliefs about AI and their AI anxiety have a significant effect on their change readiness for AI adoption. Specifically, HR managers’ beliefs positively influence their change readiness, while their AI anxiety negatively predicts their change readiness. Our results further highlight that HPWS can attenuate the negative effect of AI anxiety on HR managers’ change readiness for AI adoption. The study’s theoretical and practical implications, limitations and directions for future research are also discussed accordingly.",SemanticScholar,FOUND
Human-centric Industry 5.0 manufacturing: a multi-level framework from design to consumption within Society 5.0,"Lucy Binfield, Kelly D Chandler, Victoria Diederichs, Galen O Fox, Salar Ghotb, Eric Hansen, Nastaran Hasani, Abbas Hosseini, Ashley J McCann, Vahid Nasir, Mariapaola Riggio",International Journal of Sustainable Engineering,18.0,1,,2025,10.1080/19397038.2025.2551000,30-Aug-2025,https://doi.org/10.1080/19397038.2025.2551000,8508.0,34.0,"Current literature on human-centric Industry 5.0 manufacturing largely focuses on operator–technology integration at manufacturing process level, often treating ‘human’ as synonymous with ‘operator’ and overlooking designers, consumers, and public non-consumers. Links between human-centricity with sustainability, resilience, and circular economy are poorly developed, and connections to Society 5.0 values remain weak. This perspective proposes a hierarchical framework for human-centricity in Industry 5.0 across manufacturing process, system, and management levels. At the process level, it addresses worker safety, occupational health, human-robot-collaboration, and customer co-creation, customisation, and personalisation. At system level, it integrates ergonomic layout design, human-centred logistics and production planning, and resource execution. At management level, it emphasises ethical business practices, inclusive workplace culture, and corporate social responsibility. The framework merges Industry 4.0 tools (e.g. digital twins, AI, IoT, blockchain) with the active role of Consumer 5.0 for balancing consumption and production in sustainable manufacturing, while detailing circular economy practices across manufacturing stages, including design for reuse, remanufacture, and recycling. By connecting diverse human roles with key Industry 5.0 pillars and Society 5.0 principles, we avoid fragmented solutions for human-centric manufacturing. While discussing its social, economic, and technological limitations, we offered a comprehensive framework, which is technologically innovative, socially responsible, and environmentally sustainable.",SemanticScholar,FOUND
Analysis of approaches to assessing the maturity level of network security centers,"Natalia Miloslavskaya, Sergey Veligodskiy",Information Security Journal: A Global Perspective,,,p1 - p17,5187,10.1080/19393555.2026.2639344,03-Mar-2026,https://doi.org/10.1080/19393555.2026.2639344,30.0,0.0,,,NOT_FOUND
"The nexus between digital collaboration, analytics capability and supply chain resilience of the food processing industry in Jordan","Amani Rajab Abu Rumman, Lina Hamdan Al-Abbadi, Rawan Odeh Alshawabkeh",Cogent Business & Management,11.0,1,,2024,10.1080/23311975.2023.2296608,25-Jan-2024,https://doi.org/10.1080/23311975.2023.2296608,3324.0,25.0,"The major aim of the study is to examine the impact of Digital Collaboration (DC) and Analytics Capability (AC) on Supply Chain Resilience (SCRES). The study used data gathered from senior managers of the food processing industry in Jordan using a self-reported questionnaire designed and distributed to a purposive sample via email. A purposive sample consisted of 200 managers. To achieve the aim of the study, Structural Equation Modeling (SEM) with Partial Least Squares (PLS) was used for analysis. Responses used in data analysis composed 71% of the distributed questionnaires. The study results supported the hypotheses that AC has positive significant effects on DC and visibility of the SCRES while DC shows significant effects on velocity and flexibility of the supply chain. The study contributes to the body of knowledge on Resource-based view (RBV) and Supply chain literature by emphasizing that the AC between companies is a key antecedent of DC as well as AC and DC are crucial prerequisites for organizations to improve their performance by supporting the resilience of their supply chains. In light of the study results, managers and decision-makers need to prioritize and invest in improving their AC and fostering DC due to their impact on SCRES, which is especially critical considering the increasing challenges that organizations are currently facing, the increasing state of uncertainty in the external environment, and the limited ability of organizations to predict their ability to obtain the resources and production inputs they need. IMPACT STATEMENT In today’s dynamic and unpredictable business environment, the importance of supply chain resilience, analytics capability, and digital collaboration cannot be overstated. These elements serve as the backbone of organizations striving to thrive in an era marked by rapid technological advancements, global connectivity, and unforeseen disruptions, such as the recent global health crisis. Our article delves into the critical intersection of these three vital components and their profound impact on the sustainability and success of modern businesses. We seek to contribute to the advancement of knowledge in the field of supply chain management. Our findings aim to benefit practitioners, researchers, policymakers, and the broader public by promoting more resilient, efficient, and sustainable supply chains. In doing so, we hope to inspire organizations to embrace the transformative potential of analytics capability and digital collaboration, ultimately strengthening supply chain resilience in an increasingly interconnected world.",SemanticScholar,FOUND
Relationship between Social Exchanges and Financial Performance: Examining a Virtual Community Sponsored by a Cloud Provider,Zhengzhong Shi,International Journal of Electronic Commerce,26.0,3,p355 - p387,2022,10.1080/10864415.2022.2076198,24-Jun-2022,https://doi.org/10.1080/10864415.2022.2076198,345.0,4.0,"To attract a stream of potential clients and transform them into competent cloud adopters for sustained growth, cloud providers (CPs) sponsor YouTube virtual communities to build an interactive knowledge base and manage client relationships. This study investigates both the long- term equilibrium and the short-term dynamics of the relationships between social exchanges in CP sponsored virtual community and its financial performance. Social exchanges are measured with the number of unique posters (UP) and CP-posted quality content (QC), and financial performance is measured with quarterly CP revenue. With the advancement of CP-sponsored virtual community structure and dynamics laying the foundation, hypotheses are developed from multiple theoretical perspectives and time series data from Amazon Web Service sponsored YouTube community are analyzed. It is found that the long-run equilibrium and the short-run dynamics (of the relationships between social exchanges and financial performance) sharply contrast with each other, reminding community sponsors that they need to balance the long-run survival with the short-run success of their communities. Empirical results also reveal the steepness of the learning curve in the cloud computing industry as an entry barrier with implications for CPs and their clients. Further, based on empirical findings, both a stage model (about the impact of increase in CP revenue on increase in UP) and feedback loops (among participation, content, and value) are developed to help social media management visualize how their communities may dynamically evolve over time. This paper contributes not only to the cloud computing literature on the role social media plays in developing a competent client base, but also to the social media literature regarding the relationships between social exchanges and financial performance in knowledge intensive industries.",SemanticScholar,FOUND
Artificial intelligence in supply chain and operations management: a multiple case study research,"Violetta Giada Cannas, Maria Pia Ciano, Mattia Saltalamacchia, Raffaele Secchi",International Journal of Production Research,62.0,9,p3333 - p3360,2024,10.1080/00207543.2023.2232050,12-Jul-2023,https://doi.org/10.1080/00207543.2023.2232050,69135.0,203.0,"Artificial intelligence (AI) is increasingly considered a source of competitive advantage in operations and supply chain management (OSCM). However, many organisations still struggle to adopt it successfully and empirical studies providing clear indications are scarce in the literature. This research aims to shed light on how AI applications can support OSCM processes and to identify benefits and barriers to their implementation. To this end, it conducts a multiple case study with semi-structured interviews in six companies, totalling 17 implementation cases. The Supply Chain Operations Reference (SCOR) model guided the entire study and the analysis of the results by targeting specific processes. The results highlighted how AI methods in OSCM can increase the companies’ competitiveness by reducing costs and lead times and improving service levels, quality, safety, and sustainability. However, they also identify barriers in the implementation of AI, such as ensuring data quality, lack of specific skills, need for high investments, lack of clarity on economic benefits and lack of experience in cost analysis for AI projects. Although the nature of the study is not suitable for wide generalisation, it offers clear guidance for practitioners facing AI dilemmas in specific SCOR processes and provides the basis for further future research.",SemanticScholar,FOUND
Librarians' behavior toward AI technology in academic libraries of Khyber Pakhtunkhwa: a UTAUT-based study,"Abid Hussain, Kalim Ullah, Sami Ullah",Journal of Electronic Resources Librarianship,,,p1 - p21,5187,10.1080/1941126x.2026.2722380,08-Sep-2026,https://doi.org/10.1080/1941126x.2026.2722380,0.0,0.0,,,NOT_FOUND
Identifying Student Behavior in Smart Classrooms: A Systematic Literature Mapping and Taxonomies,"Jorge Luis Victória Barbosa, Luís Guilherme Eich, Rosemary Francisco",International Journal of Human–Computer Interaction,41.0,11,p6743 - p6764,2025,10.1080/10447318.2024.2383812,07-Aug-2024,https://doi.org/10.1080/10447318.2024.2383812,351.0,11.0,"The integration of the Internet of Things (IoT) and Artificial Intelligence (AI) in educational settings has revolutionized the traditional teaching-learning environment, giving rise to the concept of smart classrooms. This transformation not only enhances the monitoring of people and processes but also impacts the dynamics of student behaviors, which are influenced by various factors such as the teaching environment and teacher-student interactions. Recognizing and accurately identifying these behaviors is crucial for educators to implement effective interventions and improve learning outcomes. This study conducts a systematic literature mapping to examine the contemporary landscape of student behavior identification in smart classrooms. The analysis reveals a rich diversity of methodologies and approaches used in this area. Key contributions of this research include the development of taxonomies for 37 technologies deployed, 25 challenges faced, 58 student behaviors observed, as well as the identification of nine subjects benefiting from this data and 10 methodologies for processing behavioral information. By offering an overview of the technological and methodological underpinnings of behavior identification in smart classrooms, this study significantly propels forward the domain of smart classroom research, equipping educators and technologists with a holistic understanding of how to navigate and leverage the complexities associated with monitoring student behavior.",SemanticScholar,FOUND
"A Bibliometric Review of Constituents, Themes, and Trends in Online Medical Consultation Research","Wenze Lu, Cindy Sing Bik Ngai, Li Yi",Health Communication,39.0,2,p229 - p243,2024,10.1080/10410236.2022.2163108,29-Dec-2022,https://doi.org/10.1080/10410236.2022.2163108,1093.0,17.0,"As an emerging form of health care with accelerated growth in recent years, online medical consultation (OMC) has received extensive attention worldwide. Although the number of studies on OMC has increased substantially, few provide a comprehensive and up-to-date review of OMC’s research constituents, themes, and trends. This study, therefore, extracted 1,801 OMC-related articles published in English from the Web of Science (WoS) Core Collection database during the past 30 years and employed a bibliometric analysis of WoS and CiteSpace to examine major constituents’ distribution, collaboration relationships, themes, and trends. The results indicate that the United States, England, and China contributed the most to the proliferation of OMC studies. The United States had the greatest academic influence and the most collaborative connections, while China demonstrated the sharpest increase and most active development in recent years. However, there is a lack of substantial and close collaboration between researchers worldwide. The main themes of OMC research were Internet hospitals, COVID-19, mixed methods, online health community, and information technology. Researchers have recently shifted their attention to social media, management, efficacy, word of mouth, mental health, and anxiety. This review paper provides researchers and practitioners with a holistic and clear understanding of the features and trends of OMC research. It also identifies potential areas for future OMC research and sheds light on OMC practices.",SemanticScholar,FOUND
GenAI's Impact on Global IT Management: A Multi-Expert Perspective and Research Agenda,"Syed Q Ahmed, Shahriar Akter, Mohammad S Al-Ahmadi, Rahul De', Vincent Dutot, Yogesh K Dwivedi, Laurie Hughes, Keyao Li, Nitish Singh, Paul Walton",Journal of Global Information Technology Management,28.0,1,p49 - p63,2025,10.1080/1097198x.2025.2454192,05-Feb-2025,https://doi.org/10.1080/1097198x.2025.2454192,917.0,5.0,"Generative AI (GenAI) is disrupting global IT management and challenging established practice. The increasing use of GenAI technology is redefining localization, transforming existing workforce roles, outsourcing strategy, and team dynamics. Simultaneously, GenAI’s security complexities have prompted the rethinking of existing risk frameworks to meet a new set of challenges from GenAI enhanced cyber threats. This article explores these complex and converging factors, providing a roadmap to address GenAI’s significant impact on global IT management. We advocate the responsible adoption of GenAI and importance of building resilient, value-driven, globally consistent IT ecosystems able to adapt to the significant challenges and opportunities from the use of GenAI.",SemanticScholar,FOUND
Algorithmic Finance: Algorithmic Trading across Speculative Time-Spaces,Thomas Skou Grindsted,Annals of the American Association of Geographers,112.0,5,p1390 - p1402,2022,10.1080/24694452.2021.1963658,25-Oct-2021,https://doi.org/10.1080/24694452.2021.1963658,3768.0,8.0,"The speeds at which transactions are completed in global financial markets are accelerating and, in the process, connecting financial centers around the globe like never before. Algorithmic trading at high frequency is a form of automated trading in which machines, rather than humans, make the decision to buy or sell in spatiotemporal sequences. Insofar as they have agency of their own, their actions support the owners of the means of production. These techniques codevelop with new financial geographies. Accordingly, I examine technological change and speculative time-spaces of algorithmic strategies at stock exchanges. By analyzing algorithmic finance, I examine how—and to what extent—time, speed, location, and distance become critical for algorithmic finance by configuring time-spaces as competitive factors. The analysis interprets time-spaces of high-frequency trading strategies through the ways in which algorithmic finance constititutes what I term mobile market-informational epicenters. This article discusses the spatiotemporalities of market information and examines whether space-times of privately owned high-frequency trading infrastructures result in a juxtaposition between “public” and “private” market information across digital and physical space. It thereby responds to the questions of what role geography plays when algorithms make money in microseconds and how techno-financial time-spaces turn into competitive advantage.",SemanticScholar,FOUND
Communicability of traditional interfaces VS chatbots in healthcare and smart home domains,"Barbara Rita Barricelli, Serena Di Gaetano, Stefano Valtolina",Behaviour & Information Technology,39.0,1,p108 - p132,2020,10.1080/0144929x.2019.1637025,30-Jun-2019,https://doi.org/10.1080/0144929x.2019.1637025,2917.0,66.0,"This paper presents a study about communicability of conversational interfaces (namely chatbots) under a semiotic perspective. A chatbot is a software system that allows you to simulate real conversations between devices and users by means of a conversational interface (CI). After introducing the chatbot concept, focusing on its advantages and issues, we will present two domains of use in which chatbot interfaces can be effective: healthcare and smart home. For carrying out simple tasks such as finding information or triggering operations, users need an easy-to-use and to an easy-to-learn system to communicate with. To face this, conversational interfaces represent the latest trend in the field of digital design. For studying the communicability aspects of a CI, we carried out a user test to compare traditional and chatbot interfaces. This paper aims at evaluating the benefits at the communicability level of a chatbot in comparison to traditional GUI for incrementing the effectiveness and efficacy of communication between users and the system specifically for users with poor attitude in using technologies. In details, we evaluated the communicability of two prototypes that can be used to solve simple tasks in order to favour user inclusion, including everyone with very little exposure to technologies.",SemanticScholar,FOUND
Open innovation for circular and sustainable business models: case evidence from the bioeconomy sector,"Juan I Dorrego-Viera, Erik G Hansen, Valentina Lazzarotti, Andrea Urbinati",Innovation,28.0,1,p124 - p162,2026,10.1080/14479338.2025.2506731,13-Jun-2025,https://doi.org/10.1080/14479338.2025.2506731,2391.0,7.0,"This study explores the integration of Open Innovation (OI) models with archetypes of sustainable business in Forest-based Bioeconomy (FBB) companies in the digital age. Utilising a multiple case study methodology, four FBB companies were examined to understand their strategic orientations and sustainability practices. Case studies provide detailed insights into processes and interactions within specific contexts, making them suitable for examining emerging phenomena like the Circular Economy (CE). Although OI, CE, and sustainability have been individually studied, little empirical research explores their intersection in the FBB. Existing literature often focuses on theoretical foundations or isolated applications, neglecting how OI supports circular and sustainable business models in the FBB. Additionally, the challenges and opportunities for FBB companies in the Global South remain largely unexamined, despite their importance in global sustainability transitions. Therefore, this research addresses a significant gap by exploring how companies operating in the forest-based bioeconomy sector exploit OI models to enhance circular and sustainable business models in the digital age. The findings reveal that sustainability approaches are dynamic and overlapping strategies rather than fixed archetypes. The study highlights how OI models facilitate the use of both external and internal knowledge at various stages of innovation, demonstrating that the choice of sustainability archetypes both influences and is influenced by companies’ OI models. These insights are valuable for scholars, managers, and policymakers aiming to promote sustainable economic development and environmental stewardship.",SemanticScholar,FOUND
A Business Capability Map for Data-Value Creation,"Nadine Bisswang, Dimitri Petrik, Sebastian Richter, Alfred Zimmermann",Information Systems Management,42.0,4,p644 - p662,2025,10.1080/10580530.2025.2506368,03-Jun-2025,https://doi.org/10.1080/10580530.2025.2506368,282.0,1.0,"Current data-driven transformation projects reveal a gap in understanding the business capabilities (BCs) needed to create value from data. This study introduces a business capability map (BCM) that organizes 34 BCs required for data-value creation. BCs comprise the specification of processes, roles, resources, and information an organization needs to perform its core tasks. The BCM, derived from a structured literature review and expert interviews, was demonstrated by applying it to two data-value projects from a leading German component and system manufacturer. This study contributes to the literature on BCs and facilitates practitioners in developing their BCs for data-value projects.",SemanticScholar,FOUND
Human-machine collaboration processes for AI-enabled product design with expert intervention: an example from research vessel design,"Qian Guo, Lintao Tang",Journal of Engineering Design,,,p1 - p51,5187,10.1080/09544828.2026.2620967,29-Jan-2026,https://doi.org/10.1080/09544828.2026.2620967,378.0,1.0,,,NOT_FOUND
Cultural and organisational variables in blockchain technology acceptance,"Mahtab Kouhizadeh, Karen Leonard, Fatma Pakdil",International Journal of Production Research,64.0,16,p6721 - p6743,2026,10.1080/00207543.2026.2632694,23-Feb-2026,https://doi.org/10.1080/00207543.2026.2632694,239.0,0.0,"The success of implementing and sustaining digital technologies, including blockchain technology in supply chains, may be affected by a variety of mechanisms. This study explores how social culture, individual cultural variables, and organisational and supervisor support may influence blockchain technology adoption at the individual level, an integration that does not seem to have been fully explored. In examining this question, this study employs a version of the theory of reasoned action, Hofstede's culture model at the societal and individual levels, and perceived organisational and supervisor support. In our conceptual exploration, we propose that individuals in some cultures may actively seek to apply this technology, whereas others might be reluctant. We also suggest that some individuals may deviate from the culture of their society to advance or resist blockchain technology adoption. In addition, organisational and supervisor support will have a significant influence on the acceptance of blockchain technology. Overall, this study offers a novel conceptual model integrating societal culture, individual-level cultural variation, and organisational and supervisor support to explain blockchain technology acceptance. By bridging cultural theory with technology adoption frameworks, it provides a foundation for future empirical research and offers practical guidance for cross-cultural implementation of blockchain in supply chains.",SemanticScholar,FOUND
Resilience in agri-food supply chains: a framework for risk assessment and strategy development,"Gourav Dwivedi, Rituraj Singh",International Journal of Logistics Research and Applications,28.0,12,p1659 - p1690,2025,10.1080/13675567.2024.2389050,08-Aug-2024,https://doi.org/10.1080/13675567.2024.2389050,1047.0,9.0,"The COVID-19 pandemic has underscored the critical importance of resilience in the agri-food supply chain (AFSC) to ensure a reliable, uninterrupted, and disruption-free food supply for the ever-increasing global population. This study aims to comprehensively rank the multitude of risks faced by the AFSC, which have predominantly been examined in isolation. It develops a strategic framework for mitigating these risks by implementing appropriate resilient strategies. The study employs novel hybrid multi-criteria decision-making techniques, including the fuzzy analytical hierarchy process (F-AHP), fuzzy technique for order preference by similarity to ideal solution (F-TOPSIS), and fuzzy quality function deployment (F-QFD), to prioritise risks, assign weights, and rank various resilient strategies. The study contributes to the existing literature by proposing a systematic and robust strategic framework to facilitate decision-making processes in AFSC resilience management. It advances theoretical understanding and provides practical insights and recommendations for enhancing resilience in AFSC management.",SemanticScholar,FOUND
Technology-driven gender inclusion in construction: a systematic review and future research directions,"Zahra Ghamarimajd, Amir Naser Ghanbaripour, Roksana Jahan Tumpa, Dena Mahmudnia, Sara Rashidian",International Journal of Construction Management,,,p1 - p18,5187,10.1080/15623599.2026.2658749,05-May-2026,https://doi.org/10.1080/15623599.2026.2658749,684.0,1.0,,,NOT_FOUND
Integrating QMS model and balanced scorecard in higher education in the era of industry 5.0,"Maja Glogovac, Isidora Milošević, Nedeljka Živković",Total Quality Management & Business Excellence,37.0,1-2,p129 - p146,2026,10.1080/14783363.2025.2609811,02-Jan-2026,https://doi.org/10.1080/14783363.2025.2609811,182.0,1.0,"This study aims to explore whether the elements of the standards according to the guidelines of ISO 9004:2018 can be linked with the perspectives of the strategic model Balanced Scorecard in HEIs in the new environment of Industry 5.0. The new era, known as Industry 5.0, is a novel concept based on enhanced collaboration between humans and digital technologies. This new paradigm brings numerous challenges to all organizations, particularly higher education institutions (HEIs), as HEIs are the cornerstone of the development of any society. The new challenges require new solutions through the adoption of innovative quality maturity models for the future environment of Industry 5.0. The sample for this study includes 374 fully completed and valid responses. For the purposes of the research, a survey was conducted among employees in HEIs in Eastern European countries. To test the new integrated maturity model, statistical techniques such as Confirmatory Factor Analysis (CFA) and Structural Equation Modelling (SEM) were used. The results demonstrate the relevance of the integrated maturity model, which can serve as a guideline for the development of sustainable business in the management structures of HEIs for the future environment of Industry 5.0.",SemanticScholar,FOUND
Navigating the sustainable Industry 4.0 transformation in supply chains: a systematic review and future research agenda,"Hamza Pervez, Tero Rantala, Minna Saunila, Juhani Ukko",International Journal of Production Research,64.0,1,p294 - p329,2026,10.1080/00207543.2025.2550458,03-Sep-2025,https://doi.org/10.1080/00207543.2025.2550458,4795.0,5.0,"Despite the growing research interest in mapping the sustainability potential of Industry 4.0 (I4.0), the supply chain perspective is still relatively nascent and fragmented. As modern supply chains undergo simultaneous digital and sustainable transformation, it is important to understand the pathways and mechanisms through which I4.0 can improve supply chain sustainability (SCS). This study conducts a systematic literature review of 96 peer-reviewed journal articles to explain the relationship between I4.0 and SCS. Thematic analysis using the context-intervention-mechanism-outcome (CIMO) logic systematically converged the extant literature into an I4.0 capabilities framework for SCS. Moreover, theory-context-characteristics-methodology (TCCM) provided a multi-dimensional view of the research gaps identified from the literature to propose future research directions. Overall, the results guide how I4.0 technologies and enablers as interventions, under varying contexts, generate mechanisms that improve SCS outcomes. This research contributes to both theory and practice by providing a deeper understanding of the connection between I4.0 and SCS and how relevant I4.0 related capabilities can be effectively developed to achieve sustainability in supply chains.",SemanticScholar,FOUND
A taxonomy of open government data research areas and topics,"Charalampos Alexopoulos, Yannis Charalabidis, Euripidis Loukis",Journal of Organizational Computing and Electronic Commerce,26.0,1-2,p41 - p63,2016,10.1080/10919392.2015.1124720,07-Mar-2016,https://doi.org/10.1080/10919392.2015.1124720,2088.0,83.0,,,NOT_FOUND
A novel design engineering review system with searchable content: knowledge engineering via real-time multimodal recording,"Theodore Lim, James M Ritchie, Aparajithan Sivanathan",Journal of Engineering Design,28.0,10-12,p681 - p708,2017,10.1080/09544828.2017.1393655,24-Oct-2017,https://doi.org/10.1080/09544828.2017.1393655,734.0,21.0,,,NOT_FOUND
The adoption of artificial intelligence in sport management: a systematic review,"M L Balsinhas-Dias, J García-Fernández, S Martelo-Landroguez",Managing Sport and Leisure,,,p1 - p19,5187,10.1080/23750472.2026.2700572,16-Jul-2026,https://doi.org/10.1080/23750472.2026.2700572,174.0,0.0,,,NOT_FOUND
Evolutionary trajectory of AI-enabled information interaction capabilities: an exploratory single-case study of a Chinese smart agriculture firm,"Wenting Li, Lu Sun",Asian Journal of Technology Innovation,,,p1 - p42,5187,10.1080/19761597.2026.2666818,10-May-2026,https://doi.org/10.1080/19761597.2026.2666818,44.0,0.0,,,NOT_FOUND
Judicial education in a brave new world: the Singapore perspective,"Natalie Skead, Justin Yeo",The Law Teacher,59.0,4,p666 - p689,2025,10.1080/03069400.2025.2492469,21-May-2025,https://doi.org/10.1080/03069400.2025.2492469,2139.0,0.0,"Judiciaries are increasingly confronted with pervasive challenges unfolding and gaining momentum across the globe. In this article we examine the crucial role of judicial education in preparing judges for a rapidly changing world. Drawing from the experience of the Singapore Judicial College (SJC), we explore three global challenges facing judiciaries: escalating complexity, accelerating pace of change, and growing distrust in public institutions. Against this backdrop, we share five strategies adopted by the SJC to help equip the Singapore Judiciary to navigate these challenges: structured programming based on a comprehensive Judicial Competency Framework, expanded instructional approaches, judge-led training, continual review and revision of curricula, and international collaboration. By nurturing and inspiring “Learning Judges”, judicial education institutes can equip judges to surmount confounding challenges and lead the charge in a Brave New World.",SemanticScholar,FOUND
The green transformation path of Chinese energy companies: Exploring the role of artificial intelligence and Human-AI Collaboration in the green innovation sustainability,"Shuxiang Li, Xingyue Li",International Journal of Green Energy,23.0,7,p1328 - p1349,2026,10.1080/15435075.2026.2614026,21-Jan-2026,https://doi.org/10.1080/15435075.2026.2614026,282.0,3.0,"Green innovation sustainability (GIS) has emerged as a pivotal driver for the transformation of the energy industry toward sustainability. Artificial intelligence (AI) plays a significant role in promoting continuous green innovation within the energy sector. Using panel data from Chinese listed energy companies from 2013 to 2022, this study empirically examines the impact and mechanisms through which AI influences green innovation sustainability. The findings indicate that a higher level of AI application significantly enhances the sustainability of corporate green innovation. Mechanism analysis reveals that AI indirectly fosters GIS through digital transformation effects, value enhancement effects, and green orientation effects. Furthermore, company size positively moderates the relationship between AI and GIS and exhibits a single threshold effect with nonlinear increments. Heterogeneity analysis shows that the impact of AI is significant across industries with different pollution intensities, companies in eastern China, and companies with higher technological and capital intensity but lower labor intensity. Further research identifies that the synergy between human capital and AI more effectively promotes the development of GIS. The findings of this study offer both theoretical insights and practical implications for advancing China’s energy transition and the sustainable development of a green economy.",SemanticScholar,FOUND
Studies of the Role of a Smart Web for Precision Medicine Supported by Biobanking,"Srinidhi Boray, Barry Robson",Personalized Medicine,13.0,4,p361 - p380,2016,10.2217/pme-2015-0012,05-Jul-2016,https://doi.org/10.2217/pme-2015-0012,49.0,9.0,,,NOT_FOUND
Production ramp-up in European automotive production systems: a performance analysis,"Ramón Bultó, Daniel Jurburg, Ricardo Mateo, Elisabeth Viles",Production Planning & Control,32.0,1,p34 - p51,2021,10.1080/09537287.2020.1711980,08-Jan-2020,https://doi.org/10.1080/09537287.2020.1711980,842.0,7.0,"Many new model launches in Europe do not meet the quality, cost and production targets set by automotive companies during production ramp-up. Although increasing car complexity could be a key factor in explaining this issue, it is not sufficient to explain why production sites are not able to meet these important targets. This article analyses whether the production system used in European car manufacturing plants are suitable for achieving performance goals during the production ramp-up phase. First, the differences between serial production and the production ramp-up phase are analyzed through the conceptual framework of the European Production System in the automotive industry. Second, a case study using real data from a European automotive plant is presented, and the evidence calls into question the appropriateness of maintaining the same production system during the ramp-up phase. The study concludes that there is a need to make the production system in Europe more flexible during the ramp-up phase. In particular, changes should be more oriented towards fostering organizational improvement capability in order to reduce the stops that occur in the production line, avoid using pull systems as a constraint or limitation, and help to build a new culture of stopping to fix problems.",SemanticScholar,FOUND
Identification of the key investment project management factors in the housing construction sector in Poland,"D Metelski, J Sobieraj",International Journal of Construction Management,23.0,1,p1 - p12,2023,10.1080/15623599.2020.1844855,19-Nov-2020,https://doi.org/10.1080/15623599.2020.1844855,6282.0,11.0,"The aim of this paper is to distinguish a number of factors that allow for a better understanding of investment process management in the housing construction industry. The research work that we performed consisted in conducting a questionnaire survey. A total of 192 Polish companies dealing with housing construction took part in the survey. The collected questionnaire responses were then subjected to a thorough analysis and interpretation, with the use of a method called exploratory factor analysis (EFA). In a nutshell, our analysis consisted in reducing the number of survey variables (73) in order to identify a few pivotal factors (4) with the greatest impact on investment processes management in the field of residential construction in Poland. These factors include: the activity of companies in the market environment (1), pro-social policy of the state (2), highly advanced technologies (3) and the use of appropriate market relations (4). In our study, we aim to show how successful construction processes are perceived by industry professionals. The scientific method that we used allows for assignment of a certain order of priority to specific groups of questionnaire variables, dependent on the eigenvalues-related percentage of explained variation.",SemanticScholar,FOUND
ESG in supply chain management: a systematic review,"Baofeng Huo, Min Tian, Hui Wang, Qianwen Wang",International Journal of Production Research,,,p1 - p33,5187,10.1080/00207543.2026.2672754,19-May-2026,https://doi.org/10.1080/00207543.2026.2672754,353.0,1.0,,,NOT_FOUND
"Enterprise systems' life cycle in pursuit of resilient smart factory for emerging aircraft industry: a synthesis of Critical Success Factors'(CSFs), theory, knowledge gaps, and implications","John Ahmet Erkoyuncu, Nawar Khan, Tariq Masood, Asif Rashid, Muiz-Ud-Din Shami, Benny Tjahjono",Enterprise Information Systems,12.0,2,p96 - p136,2018,10.1080/17517575.2016.1258087,31-Jan-2017,https://doi.org/10.1080/17517575.2016.1258087,2100.0,24.0,,,NOT_FOUND
Barriers and opportunities to innovation for legal service firms: a thematic analysis-based contextualization,"David Bamford, Kalliopi Michalakopoulou, Alexandros Nikitas, Iain Reid",Production Planning & Control,34.0,7,p604 - p622,2023,10.1080/09537287.2021.1946329,07-Jul-2021,https://doi.org/10.1080/09537287.2021.1946329,13708.0,18.0,"The paper discusses innovation within the traditionally conservative legal sector as a diverse service improvement mechanism that models positive firm change. A resource-based view and practice-based view blend provided a systematic theoretical benchmark for the study. Fifty-three semi-structured interviews were conducted with law professionals from seven countries capturing their day-to-day work experiences and identifying the barriers that hinder and the opportunities that support innovation adoption in legal firms today. A data-intensive thematic analysis uncovers six core themes: human factor and culture, client and market, technology, organizational transitions, legal processes, and education. The paper contributes to the state of art by (i) contextualizing each of these themes and their diverse underpinning dimensions; (ii) developing an evidence-based conceptual framework that critically assesses legal innovation uptake barriers and opportunities; and (iii) advancing the theoretical and empirical understanding of law service operations demonstrating the rationale for legal firms to invest in technology, multidisciplinary education, and training, and to adopt leaner, hybrid and more client-driven management approaches.",SemanticScholar,FOUND
Section 4: Poster Abstracts,,Preview,2018.0,192,p201 - p234,2018,10.1071/pvv2018n192p201,16-Jan-2019,https://doi.org/10.1071/pvv2018n192p201,175.0,0.0,,,NOT_FOUND
The interplay of critical success factors for enhancing public sector performance in Brazil: a fuzzy DEMATEL approach,"Rosley Anholon, Jefferson de Souza Pinto, Daniel Baldasso Robbi, Milena Pavan Serafim, Tiago F A C Sigahi, Roberto Donato da Silva Júnior, Lucas Gabriel Zanon",Cogent Business & Management,13.0,1,,2026,10.1080/23311975.2025.2607190,08-Jan-2026,https://doi.org/10.1080/23311975.2025.2607190,1177.0,0.0,,,NOT_FOUND
"Data as an economic good, data as a commons, and data governance","Nadya Purtova, Gijs van Maanen","Law, Innovation and Technology",16.0,1,p1 - p42,2024,10.1080/17579961.2023.2265270,01-Nov-2023,https://doi.org/10.1080/17579961.2023.2265270,11875.0,30.0,"This paper provides a systematic and critical review of the economics literature on data as an economic good and draws lessons for data governance. We conclude that focusing on data as an economic good in governance efforts is hardwired to only result in more data production and cannot deliver other societal goals contrary to what is often claimed in the literature and policy. Data governance is often a red herring which distracts from other digital problems. The governance of digital society cannot rely exclusively on data-centric economic models. We review the literatures and the underlying empirical and political claims concerning data commons. While commons thinking is useful to frame digital problems in terms of ecologies, it has important limitations. We propose a political-ecological approach to governing the digital society, defined by ecological thinking about governance problems and the awareness of the political nature of framing the problems and mapping their ecological makeup.",SemanticScholar,FOUND
Modelling critical success factors for sustainability initiatives in supply chains in Indian context using Grey-DEMATEL,"Suresh Jakhar, Sunil Luthra, Sachin Kumar Mangla, Chandra Prakash Garg, Ravi Shankar",Production Planning & Control,29.0,9,p705 - p728,2018,10.1080/09537287.2018.1448126,22-Mar-2018,https://doi.org/10.1080/09537287.2018.1448126,2184.0,168.0,,,NOT_FOUND
Conceptual framework on Internet Born Global's internationalization,"Zulhasni Abdul Rahim, Wang Fu",International Studies of Management & Organization,,,p1 - p35,5187,10.1080/00208825.2025.2515685,12-Jun-2025,https://doi.org/10.1080/00208825.2025.2515685,307.0,3.0,,,NOT_FOUND
"Product development, fashion buying and merchandising","Liz Barnes, Rosy Boardman, Stephen Doyle, Rachel Parker-Strak, Rachel Studd",Textile Progress,54.0,4,p247 - p403,2022,10.1080/00405167.2023.2182062,31-May-2023,https://doi.org/10.1080/00405167.2023.2182062,2437.0,7.0,"This issue of Textile Progress provides a critical literature review and reflection relating to academic research in the field of fashion buying and merchandising, with a specific focus on the fashion product development process. As the topic has not been reviewed before in Textile Progress, the paper follows the process of fashion product development, a key task that forms one of the many responsibilities of fashion buyers and merchandisers and explores the literature from its origins to the present day, capturing the significant elements that have changed and shaped the process over time. Establishing the challenges and changes in contemporary fashion retailing enables the development of an understanding of how and why these fundamental factors impact not only the process of getting products from idea to concept, but also the roles and responsibilities of the buyers and merchandisers; added to this, the review provides a critical overview of the Buying Cycle. The review further explores the external and internal components and participants influencing the fashion product development process, thereby updating what can be found in the existing product development literature to reflect the current state-of-play in the industry. By illustrating and reviewing the process models of new product development and fashion product development from their original and early forms to the present day, the review establishes the links, connections, and differences across both the more-general and specific areas of research. Subsequently, there is a review of the roles and responsibilities of the fashion buyer and merchandiser, alongside a discussion of how the developments, advancements and transformation of the industry have changed the nature of the involvement of these crucial personnel in the fashion product development process over time. This aspect of the review provides a base upon which to analyse the contemporary fashion-retail buying cycle, establishing its early connection to organisational decision-making process models and the implications and challenges that product assortment planning, development, and retailing pose on the cycle. The last two chapters of this review are dedicated to two crucial areas of the contemporary fashion industry, namely sustainability and technology and address how they have become key drivers in determining the roles of the fashion buyer and merchandiser and how the fashion product development process is now addressed.",SemanticScholar,FOUND
The concept of collaborative engineering: a systematic literature review,"Goran Putnik, Fernando Romero, Leonilde Varela",Production & Manufacturing Research,10.0,1,p784 - p839,2022,10.1080/21693277.2022.2133856,03-Nov-2022,https://doi.org/10.1080/21693277.2022.2133856,4408.0,14.0,"Collaborative engineering is not a new subject but it assumes a new importance in the Industry 4.0 (I4.0). There are other concepts frequently mismatched with collaboration. Thus, the main objective of this paper is to put forward a collaborative engineering concept, along its sub concepts, supported by an extensive systematic literature review. A critical analysis and discussion about the fundamental importance of learning, and the central human role in collaboration, in the I4.0, is presented, based on the main insights brought through the literature review. This study also enables to realize about the importance of collaboration in the current digitalization era, along with the importance of recent approaches and technology for enabling or promoting collaboration. Main current practices of human centered and autonomous machine-machine approaches and applications of collaboration in engineering, namely in manufacturing and management, are presented, along with main difficulties and further open research opportunities on collaboration..",SemanticScholar,FOUND
Minimising cybersecurity risk exposures in industrial control system environments: a techno-human vulnerability analysis approach,"Uchenna Daniel Ani, Gregory Epiphaniou, Hongmei He, Petar Radanliev, Jeremy Watson",Journal of Cyber Security Technology,10.0,1,p1 - p40,2026,10.1080/23742917.2024.2421589,10-Nov-2024,https://doi.org/10.1080/23742917.2024.2421589,2224.0,6.0,,,NOT_FOUND
Transformation of skills in the accounting field: the expectation-performance gap perceived by accounting students,"Tytti Elo, Markus Mättö, Satu Pätäri, Helena Sjögrén",Accounting Education,33.0,3,p237 - p273,2024,10.1080/09639284.2023.2191289,23-Mar-2023,https://doi.org/10.1080/09639284.2023.2191289,31425.0,50.0,"Addressing the discussion about accounting students’ readiness for future accounting work, this study aims to explore their perceptions of what kinds of gaps possibly exist between their expectations about the importance of various skills in professional practice and the level of skill development attained during accounting studies. The data for the study were collected using a survey of Finnish accounting students. The findings highlight the expected importance of several professional skills for future accounting work and emphasise the need for further development of technological skills in accounting education. The study’s results also show that students do experience gaps between their expectations and actual performance in various skill areas. The study extends the literature on such gaps by presenting accounting students’ perspectives concerning a comprehensive list of technical and professional skills, including skills related to emerging technologies, and offers suggestions about skill areas probably needing further emphasis in accounting education.",SemanticScholar,FOUND
Section 5: Biographies,,Preview,2018.0,192,p235 - p264,2018,10.1071/pvv2018n192p235,16-Jan-2019,https://doi.org/10.1071/pvv2018n192p235,470.0,0.0,,,NOT_FOUND
Assessing Information Literacy in the Age of Generative AI: A Call to the National Conference of Bar Examiners,Amy A Emerson,Legal Reference Services Quarterly,44.0,1,p41 - p96,2025,10.1080/0270319x.2025.2452717,19-Feb-2025,https://doi.org/10.1080/0270319x.2025.2452717,1790.0,0.0,"Information literacy is crucial to satisfying a lawyer’s duty of technology competence by virtue of its inherent role in conducting legal research—a skill now recognized by the National Conference of Bar Examiners (NCBE) as a priority as it prepares for the NextGen Bar Exam. In light of the rapid rise in the number of attorneys facing disciplinary issues across the country, it is the NCBE’s responsibility to draw upon its rich history to address information literacy as a technological competency on the Multistate Professional Responsibility Exam to protect the public from newly licensed lawyers’ incompetent use of generative artificial intelligence.",SemanticScholar,FOUND
TAD 9:2 Issue PDF,,Technology|Architecture + Design,9.0,2,pi - pcclxiv,2025,10.1080/24751448.2025.2583867,14-Nov-2025,https://doi.org/10.1080/24751448.2025.2583867,88.0,0.0,,,NOT_FOUND
Preview Number 192,,Preview,2018.0,192,p1 - p272,2018,10.1071/pvv2018n192,16-Jan-2019,https://doi.org/10.1071/pvv2018n192,463.0,0.0,,,NOT_FOUND
Navigating the legislative dilemma: evaluating the EU AI Act's approach to regulating emerging technologies,"Stanley Greenstein, Mauro Zamboni",The Theory and Practice of Legislation,13.0,3,p312 - p352,2025,10.1080/20508840.2025.2513177,09-Jun-2025,https://doi.org/10.1080/20508840.2025.2513177,6708.0,7.0,"The rapid advancement of artificial intelligence (AI) presents profound regulatory challenges, as emerging technologies often outpace traditional legislative frameworks. This article critically examines the European Union’s AI Act as a case study in regulating AI, highlighting the inherent tension between the law’s stability and the need for flexibility in governing innovation. The AI Act employs a risk-based approach, categorising AI systems according to their potential societal risks and introducing a multifaceted regulatory governance structure incorporating statutory, administrative, and outsourced legislative policy models. The study identifies key challenges arising from this fragmented regulatory approach, including legal uncertainty, inconsistencies, and concerns over political accountability. Through a comparative analysis of four legislative policy models—statutory, administrative, judicial, and outsourced—the article argues for an administrative model centred on a dedicated EU AI Agency. This proposed model aims to balance regulatory adaptability with legal certainty by consolidating expertise, ensuring procedural clarity, and strengthening accountability. By outlining a refined governance structure, this research offers a preliminary blueprint for a more coherent regulatory framework for emerging technologies, particularly AI.",SemanticScholar,FOUND
