Article title,Authors,Journal title,Volume,Issue,Pages,Volume year,DOI,Published online date,URL,Article views (as of 12-Sep-2026),Crossref citations (as of 12-Sep-2026)
Affective design using machine learning: a survey and its prospect of conjoining big data,"Bilal Abu-Salih, Kit Yan Chan, Chris K Y Fung, Pratima Jain, Huimin Jiang, C K Kwong, Zhixin Liu, T C Wong, Pornpit Wongthongtham",International Journal of Computer Integrated Manufacturing,33,7,p645 - p669,2020,10.1080/0951192x.2018.1526412,04-Oct-2018,https://doi.org/10.1080/0951192x.2018.1526412,1537.0,53.0
Big data analytics and big data science: a survey,"Hong Chen, Yong Chen, Anjee Gorkhali, Ling Li, Yang Lu, Yiqian Ma",Journal of Management Analytics,3,1,p1 - p42,2016,10.1080/23270012.2016.1141332,26-Feb-2016,https://doi.org/10.1080/23270012.2016.1141332,3910.0,83.0
Knowledge generation from Big Data for new product development: a structured literature review,"Gioconda Mele, Giuseppina Passiante, Donata Serra, Pasquale del Vecchio",Knowledge Management Research & Practice,21,4,p892 - p907,2023,10.1080/14778238.2022.2094292,28-Jul-2022,https://doi.org/10.1080/14778238.2022.2094292,555.0,5.0
BIG data - BIG gains? Understanding the link between big data analytics and innovation,"Thomas Niebel, Fabienne Rasel, Steffen Viete",Economics of Innovation and New Technology,28,3,p296 - p316,2019,10.1080/10438599.2018.1493075,17-Jul-2018,https://doi.org/10.1080/10438599.2018.1493075,32882.0,158.0
Big data and the transformation of operations models: a framework and a new research agenda,"G Graham, F Li, A Nucciarelli, S Roden",Production Planning & Control,28,11-12,p929 - p944,2017,10.1080/09537287.2017.1336792,11-Jul-2017,https://doi.org/10.1080/09537287.2017.1336792,3172.0,84.0
A survey of machine learning in additive manufacturing technologies,Jingchao Jiang,International Journal of Computer Integrated Manufacturing,36,9,p1258 - p1280,2023,10.1080/0951192x.2023.2177740,14-Feb-2023,https://doi.org/10.1080/0951192x.2023.2177740,3692.0,65.0
Enhancing discrete-event simulation with big data analytics: A review,"John Steven Edwards, Andrew Greasley",Journal of the Operational Research Society,72,2,p247 - p267,2021,10.1080/01605682.2019.1678406,20-Nov-2019,https://doi.org/10.1080/01605682.2019.1678406,3331.0,53.0
Enhancing production planning in metal-mechanical industries: statistical analysis and machine learning approach for predicting machine failures,"Marcos Alexandruk, Marlene Amorim, Sidnei Alves de Araujo, Valdir Henrique Cardoso, Sergio R Lourenço, Edmilson Alves de Moraes, Henrricco Nieves Pujol Tucci, Marcos Vido, Rodrigo Neri Bueno da Silva, Geraldo Cardoso de Oliveira Neto",Journal of Industrial and Production Engineering,42,6,p571 - p586,2025,10.1080/21681015.2025.2471905,05-Mar-2025,https://doi.org/10.1080/21681015.2025.2471905,153.0,0.0
Managing production systems with machine learning: a case analysis of Suzhou GCL photovoltaic technology,"Wuyue An, Genwang Liu, Huosong Xia, Zuopeng Justin Zhang",Production Planning & Control,33,16,p1559 - p1572,2022,10.1080/09537287.2021.1882693,25-Feb-2021,https://doi.org/10.1080/09537287.2021.1882693,920.0,8.0
A review of the literature on big data analytics in healthcare,"Panagiota Galetsi, Korina Katsaliaki",Journal of the Operational Research Society,71,10,p1511 - p1529,2020,10.1080/01605682.2019.1630328,05-Jul-2019,https://doi.org/10.1080/01605682.2019.1630328,5472.0,94.0
Business analytics and big data research in information systems,"Barbara Dinter, Christian Janiesch, Patrick Mikalef, Olgerta Tona",Journal of Business Analytics,5,1,p1 - p7,2022,10.1080/2573234x.2022.2069426,31-May-2022,https://doi.org/10.1080/2573234x.2022.2069426,10368.0,16.0
Creating Strategic Business Value from Big Data Analytics: A Research Framework,"Roger H L Chiang, Varun Grover, Ting-Peng Liang, Dongsong Zhang",Journal of Management Information Systems,35,2,p388 - p423,2018,10.1080/07421222.2018.1451951,15-May-2018,https://doi.org/10.1080/07421222.2018.1451951,24179.0,760.0
Managing customer knowledge through the use of big data analytics in tourism research,"Piera Centobelli, Valentina Ndou",Current Issues in Tourism,22,15,p1862 - p1882,2019,10.1080/13683500.2018.1564739,15-Jan-2019,https://doi.org/10.1080/13683500.2018.1564739,3121.0,85.0
Transformative role of big data through enabling capability recognition in construction,"Bernard Tuffour Atuahene, Thayaparan Gajendran, Sittimont Kanjanabootra",Construction Management and Economics,41,3,p208 - p231,2023,10.1080/01446193.2022.2132523,19-Oct-2022,https://doi.org/10.1080/01446193.2022.2132523,3858.0,18.0
Knowledge management in industry 4.0 environment for sustainable competitive advantage: a strategic framework,"Ayush Gupta, Sachin Kamble, Rajesh Kr Singh, Ruchi Mishra",Knowledge Management Research & Practice,20,6,p878 - p892,2022,10.1080/14778238.2022.2144512,14-Nov-2022,https://doi.org/10.1080/14778238.2022.2144512,1772.0,34.0
On the Convergence of Nanotechnology and Big Data Analysis for Computer-Aided Diagnosis,"Fernando V Paulovich, Jose F Jr Rodrigues, Maria CF de Oliveira, Osvaldo N Jr de Oliveira",Nanomedicine,11,8,p959 - p982,2016,10.2217/nnm.16.35,16-Mar-2016,https://doi.org/10.2217/nnm.16.35,451.0,32.0
"Big data analytics in medical engineering and healthcare: methods, advances and challenges","Cheryl Ann Alexander, Lidong Wang",Journal of Medical Engineering & Technology,44,6,p267 - p283,2020,10.1080/03091902.2020.1769758,05-Jun-2020,https://doi.org/10.1080/03091902.2020.1769758,3094.0,107.0
"Big Data, Chatbots, and Data Mining: Transforming Academic Libraries - A Bibliometric Analysis","Nur Ahmad, Shakil Ahmad, Sujin Butdiswan, Rupak Chakrabarty, Md Khairul Islam, Md Nurul Islam, Md Abdul Matin, Walton Wider",New Review of Academic Librarianship,32,1,p24 - p51,2026,10.1080/13614533.2025.2544531,21-Aug-2025,https://doi.org/10.1080/13614533.2025.2544531,551.0,4.0
Machine learning algorithms applied to intelligent tyre manufacturing,"Simone Massulini Acosta, Rodrigo Marcel Araujo Oliveira, Ângelo Márcio Oliveira Sant'Anna",International Journal of Computer Integrated Manufacturing,37,4,p497 - p507,2024,10.1080/0951192x.2023.2177734,10-Feb-2023,https://doi.org/10.1080/0951192x.2023.2177734,732.0,20.0
Advancing manufacturing systems with big-data analytics: A conceptual framework,"Peter Butala, Dominik Kozjek, Nada Lavrač, Borut Rihtaršič, Rok Vrabič",International Journal of Computer Integrated Manufacturing,33,2,p169 - p188,2020,10.1080/0951192x.2020.1718765,03-Feb-2020,https://doi.org/10.1080/0951192x.2020.1718765,6769.0,44.0
"Utilizing big data analytics for information systems research: challenges, promises and guidelines","Jan Vom Brocke, Stefan Debortoli, Iris Junglas, Oliver Müller",European Journal of Information Systems,25,4,p289 - p302,2016,10.1057/ejis.2016.2,19-Dec-2017,https://doi.org/10.1057/ejis.2016.2,21951.0,223.0
Novel approach to big data collaboration with network operators network function virtualisation (NFV),"Sasan Adibi, Amin Mobasher, Masood Mortazavi, Tom Tofigh","International Journal of Parallel, Emergent and Distributed Systems",30,1,p65 - p78,2015,10.1080/17445760.2014.930145,10-Jul-2014,https://doi.org/10.1080/17445760.2014.930145,329.0,1.0
Big data and artificial intelligence in the maritime industry: a bibliometric review and future research directions,"Mariia Dushenko, Marius Imset, Veronica Jaramillo Jimenez, Ziaul Haque Munim, Mohammad Hassan Shakil",Maritime Policy & Management,47,5,p577 - p597,2020,10.1080/03088839.2020.1788731,12-Jul-2020,https://doi.org/10.1080/03088839.2020.1788731,53987.0,332.0
The contribution of big data in green supply chain-a systematic review,"Smaïl Benzidia, Samuel Fosso Wamba, Jomana Leroux, Julia Maugran",Supply Chain Forum: An International Journal,26,1,p39 - p54,2025,10.1080/16258312.2024.2446007,30-Dec-2024,https://doi.org/10.1080/16258312.2024.2446007,362.0,4.0
Dynamic mapping of design elements and affective responses: a machine learning based method for affective design,"G Q Huang, Z Li, Z G Tian, J W Wang, W M Wang",Journal of Engineering Design,29,7,p358 - p380,2018,10.1080/09544828.2018.1471671,06-May-2018,https://doi.org/10.1080/09544828.2018.1471671,1323.0,52.0
Organisational project evaluation via machine learning techniques: an exploration,"Moshe Goresh, Yuval Lib, Roger McHaney, Iris Reychav, Hanoch Sapoznikov, Alon Yaakobi, Lin Zhu",Journal of Business Analytics,2,2,p147 - p159,2019,10.1080/2573234x.2019.1675478,11-Oct-2019,https://doi.org/10.1080/2573234x.2019.1675478,494.0,7.0
The future of knowledge management: an agenda for research and practice,"John Edwards, Antti Lönnqvist",Knowledge Management Research & Practice,21,5,p909 - p916,2023,10.1080/14778238.2023.2202509,19-Sep-2023,https://doi.org/10.1080/14778238.2023.2202509,8446.0,24.0
Big data analytics in healthcare: a systematic literature review,"Amandeep Dhir, A K M Najmul Islam, Sayantan Khanra, Matti Mäntymäki",Enterprise Information Systems,14,7,p878 - p912,2020,10.1080/17517575.2020.1812005,12-Oct-2020,https://doi.org/10.1080/17517575.2020.1812005,41563.0,236.0
Big Data in Food: Systematic Literature Review and Future Directions,"Debarun Chakraborty, Sangeeta Khorana, Sunil Luthra, Nripendra P Rana, Hari Babu Singu",Journal of Computer Information Systems,63,5,p1243 - p1263,2023,10.1080/08874417.2022.2132428,19-Oct-2022,https://doi.org/10.1080/08874417.2022.2132428,1484.0,30.0
Digital technologies and knowledge management in project context: a systematic literature review,"Luciano Ferreira da Silva, Paulo Sérgio Gonçalves de Oliveira, Raimundo José Lopes Gomes, Priscila Rezende da Costa",Knowledge Management Research & Practice,23,6,p749 - p764,2025,10.1080/14778238.2024.2419894,04-Nov-2024,https://doi.org/10.1080/14778238.2024.2419894,700.0,18.0
Big data contributions to human resource management: a systematic review,"José Garcia-Arroyo, Amparo Osca",The International Journal of Human Resource Management,32,20,p4337 - p4362,2021,10.1080/09585192.2019.1674357,09-Oct-2019,https://doi.org/10.1080/09585192.2019.1674357,14433.0,108.0
Generative artificial intelligence and organizational knowledge management: four alternative configurations,"Henri Hussinki, Patrick Mikalef, Paavo Ritala",Knowledge Management Research & Practice,,,p1 - p16,5187,10.1080/14778238.2026.2689386,17-Jun-2026,https://doi.org/10.1080/14778238.2026.2689386,1663.0,1.0
Big data analytics and enterprises: a bibliometric synthesis of the literature,"Amandeep Dhir, Sayantan Khanra, Matti Mäntymäki",Enterprise Information Systems,14,6,p737 - p768,2020,10.1080/17517575.2020.1734241,17-Mar-2020,https://doi.org/10.1080/17517575.2020.1734241,2700.0,201.0
Exploring success variables of knowledge management for enhanced organisational performance: an integrated framework,Samsul Alam,Knowledge Management Research & Practice,,,p1 - p29,5187,10.1080/14778238.2025.2550304,26-Aug-2025,https://doi.org/10.1080/14778238.2025.2550304,528.0,5.0
The augmentation of Knowledge Management through Industry 4.0: case of Aviation sector of emerging economy,"Syed Ahsan Ali Zaman, Miao Miao, Cristian Garcia Rodriguez, Arooba Zafar, Syed Imran Zaman",Knowledge Management Research & Practice,20,6,p893 - p912,2022,10.1080/14778238.2022.2113345,15-Oct-2022,https://doi.org/10.1080/14778238.2022.2113345,1008.0,15.0
"After the hype: revisiting Big Data as a management fashion, 2016-2025","Dag Øivind Madsen, Tonny Stenheim",Cogent Business & Management,13,1,,2026,10.1080/23311975.2026.2654847,17-Apr-2026,https://doi.org/10.1080/23311975.2026.2654847,1482.0,0.0
A look back and a leap forward: a review and synthesis of big data and artificial intelligence literature in hospitality and tourism,"Dogan Gursoy, Hui Lv, Si Shi",Journal of Hospitality Marketing & Management,31,2,p145 - p175,2022,10.1080/19368623.2021.1937434,06-Jul-2021,https://doi.org/10.1080/19368623.2021.1937434,6127.0,140.0
"Next generation integrated smart manufacturing based on big data analytics, reinforced learning, and optimal routes planning methods","Hanying Li, Dongtao Lin, Chang Liu, Jiawei Liu, Yuwei Tang",International Journal of Computer Integrated Manufacturing,32,9,p820 - p831,2019,10.1080/0951192x.2019.1636412,30-Jun-2019,https://doi.org/10.1080/0951192x.2019.1636412,887.0,34.0
Big data and artificial intelligence in the fields of accounting and auditing: a bibliometric analysis,"María A Agustí, Manuel Orta-Pérez",Spanish Journal of Finance and Accounting / Revista Española de Financiación y Contabilidad,52,3,p412 - p438,2023,10.1080/02102412.2022.2099675,22-Jul-2022,https://doi.org/10.1080/02102412.2022.2099675,6690.0,53.0
The impact of hard and soft components of big data analytics capabilities on entrepreneurial orientation,"Francesco Ciampi, Fabrizio Cipollini, Jeffrey Covin, Manjul Gupta, Sohvi Heaton, Satish Nambisan",European Journal of Information Systems,35,3,p451 - p484,2026,10.1080/0960085x.2025.2577688,14-Nov-2025,https://doi.org/10.1080/0960085x.2025.2577688,656.0,3.0
Leveraging artificial intelligence and machine learning analytics for development effectiveness: a comprehensive approach to extract insights from project data,"Bia Carneiro, Giovanni Cerulli, Alessandra Garbero, Giuliano Resce",Journal of Development Effectiveness,17,1,p71 - p100,2025,10.1080/19439342.2024.2361008,23-Aug-2024,https://doi.org/10.1080/19439342.2024.2361008,398.0,2.0
Big Data: a loop or a challenge for human morality: mapping Russian tradition in philosophy and methodology,"Anna Kostikova, Alexander Segal, Galina Sorina, Sergey Spartak",Russian Journal of Communication,9,3,p252 - p262,2017,10.1080/19409419.2017.1376533,09-Jan-2018,https://doi.org/10.1080/19409419.2017.1376533,103.0,1.0
"Big Data in Social Welfare: The Development of a Critical Perspective on Social Work's Latest ""Electronic Turn""","Philip Gillingham, Timothy Graham",Australian Social Work,70,2,p135 - p147,2017,10.1080/0312407x.2015.1134606,16-Mar-2016,https://doi.org/10.1080/0312407x.2015.1134606,3308.0,53.0
Revealing deeper relationships between knowledge management leadership and organisational performance: a meta-analytic study,"Aino Kianto, Gang Liu, Eric Tsui",Knowledge Management Research & Practice,20,2,p251 - p265,2022,10.1080/14778238.2021.1970492,05-Sep-2021,https://doi.org/10.1080/14778238.2021.1970492,1117.0,18.0
Big data and organizational design - the brave new world of algorithmic management and computer augmented transparency,Henri Schildt,Innovation,19,1,p23 - p30,2017,10.1080/14479338.2016.1252043,08-Nov-2016,https://doi.org/10.1080/14479338.2016.1252043,24679.0,148.0
View of IJPR contributions to knowledge management in supply chains,David L Olson,International Journal of Production Research,56,1-2,p733 - p742,2018,10.1080/00207543.2017.1398427,13-Nov-2017,https://doi.org/10.1080/00207543.2017.1398427,736.0,17.0
Application of machine learning algorithm in the sheet metal industry: an exploratory case study,"Timo Kankaanpaa, Hoang Nguyen, Huy Nguyen, Ahm Shamsuzzoha",International Journal of Computer Integrated Manufacturing,35,2,p145 - p164,2022,10.1080/0951192x.2021.1972469,03-Sep-2021,https://doi.org/10.1080/0951192x.2021.1972469,7365.0,13.0
Knowledge management for innovation in agri-food systems: a conceptual framework,"Andrea Gardeazabal, Bram Govaerts, Jon Hellin, Molly M Jahn, Tobias Lunt, Nele Verhulst",Knowledge Management Research & Practice,21,2,p303 - p315,2023,10.1080/14778238.2021.1884010,23-Feb-2021,https://doi.org/10.1080/14778238.2021.1884010,19778.0,81.0
Measuring Customer Agility from Online Reviews Using Big Data Text Analytics,"Qianzhou Du, Weiguo Fan, Zhilei Qiao, G Alan Wang, Xiangbin Yan, Shihao Zhou",Journal of Management Information Systems,35,2,p510 - p539,2018,10.1080/07421222.2018.1451956,15-May-2018,https://doi.org/10.1080/07421222.2018.1451956,4822.0,148.0
A design knowledge management model for civil aircraft cabin based on Markov Logic Networks,"Dengkai Chen, Yanhao Chen, Fangmin Cheng, Jianjie Chu, Zhuo Liu, Ning Ma, Yahui Wang, Suihuai Yu",International Journal of Computer Integrated Manufacturing,33,7,p732 - p750,2020,10.1080/0951192x.2019.1699253,09-Dec-2019,https://doi.org/10.1080/0951192x.2019.1699253,423.0,4.0
Detection of financial rumors using big data analytics: the case of the Bombay Stock Exchange,"Indranil Bose, Adrija Majumdar",Journal of Organizational Computing and Electronic Commerce,28,2,p79 - p97,2018,10.1080/10919392.2018.1444337,26-Mar-2018,https://doi.org/10.1080/10919392.2018.1444337,1825.0,19.0
Modeling and prediction fire evolution in Building engineering: a knowledge graph and machine learning approach,"Lifang Huang, Mei Jiang, Hui Xu, Qilin Zhou",Journal of Asian Architecture and Building Engineering,,,p1 - p24,5187,10.1080/13467581.2025.2603751,25-Dec-2025,https://doi.org/10.1080/13467581.2025.2603751,656.0,0.0
Big data analytics and the use of artificial intelligence in the services industry: a meta-analysis,"Shakeb Akhtar, Isaac Cheah, Samer Elhajjar, Wagner Junior Ladeira, Tareq Rasul, Fernando de Oliveira Santini, Naveed Yasin",The Service Industries Journal,44,15-16,p1117 - p1144,2024,10.1080/02642069.2024.2374990,14-Jul-2024,https://doi.org/10.1080/02642069.2024.2374990,10106.0,28.0
Knowledge management based collaboration moderator services to support SMEs in virtual organizations,"Alok K Choudhary, Jennifer A Harding, Ravi Shankar, Manoj K Tiwari",Production Planning & Control,30,10-12,p951 - p970,2019,10.1080/09537287.2019.1582102,30-Jun-2019,https://doi.org/10.1080/09537287.2019.1582102,511.0,10.0
"Big data, little wisdom: trouble brewing? Ethical implications for the information systems discipline","Ali Intezari, David J Pauleen, David Rooney",Social Epistemology,31,4,p400 - p416,2017,10.1080/02691728.2016.1249436,17-Nov-2016,https://doi.org/10.1080/02691728.2016.1249436,1215.0,8.0
Evolution and integration in customer knowledge management: a twenty-four-year review through the TCCM lens,"Kartikeya Bolar, Arunima K. V., Bindu Nambiar",Knowledge Management Research & Practice,,,p1 - p13,5187,10.1080/14778238.2026.2631088,12-Feb-2026,https://doi.org/10.1080/14778238.2026.2631088,1249.0,0.0
"Big data analytics capability, marketing agility, and firm performance: a conceptual framework","Joel Mero, Mika Skippari, Mikko Vesterinen",Journal of Marketing Theory and Practice,33,2,p310 - p330,2025,10.1080/10696679.2024.2322600,01-Mar-2024,https://doi.org/10.1080/10696679.2024.2322600,13721.0,48.0
The current state of big data analytics research in marketing: A systematic review using TCCM approach,Christine Ye,Journal of Global Scholars of Marketing Science,34,3,p393 - p415,2024,10.1080/21639159.2023.2275792,22-Mar-2024,https://doi.org/10.1080/21639159.2023.2275792,459.0,5.0
"The transformation of quality in the digital age: integrating AI and big data with problem-solving frameworks, methodologies, and tools","Zhen He, Man Li, J Ravikant, Marco S Reis, Pedro M Saraiva, Wan Seon Shin, Fugee Tsung",Quality Technology & Quantitative Management,,,p1 - p30,5187,10.1080/16843703.2026.2683972,13-Jun-2026,https://doi.org/10.1080/16843703.2026.2683972,132.0,0.0
How does big data analytics capability affect firm performance? Unveiling the role of organisational resilience and environmental dynamism,"Jiabao Lin, Xin Robert Luo, Shaowu Wu",European Journal of Information Systems,34,3,p502 - p528,2025,10.1080/0960085x.2024.2375262,08-Jul-2024,https://doi.org/10.1080/0960085x.2024.2375262,2940.0,39.0
The impact of big data analytics capability on dual innovation: the mediating role of supply chain agility,"Taiwen Feng, Yanni Gao, Wenbo Jiang, Lifang Wang",Technology Analysis & Strategic Management,38,9,p1549 - p1564,2026,10.1080/09537325.2025.2518565,13-Jun-2025,https://doi.org/10.1080/09537325.2025.2518565,294.0,2.0
Investments in big data analytics and firm performance: an empirical investigation of direct and mediating effects,"Elisabetta Raguseo, Claudio Vitari",International Journal of Production Research,56,15,p5206 - p5221,2018,10.1080/00207543.2018.1427900,29-Jan-2018,https://doi.org/10.1080/00207543.2018.1427900,4503.0,174.0
"Teaching and learning of industry 4.0: expectations, drivers, and barriers from a knowledge management perspective","Paulo A Cauchick Miguel, Enzo Frazzon, Maneesh Kumar, Alberto Portioli-Staudacher, Guilherme Tortorella",Knowledge Management Research & Practice,21,4,p876 - p891,2023,10.1080/14778238.2022.2088418,22-Jul-2022,https://doi.org/10.1080/14778238.2022.2088418,471.0,2.0
The Effect of Big Data and Analytics on Firm Performance: An Econometric Analysis Considering Industry Characteristics,"Maria Fay, Oliver Müller, Jan Vom Brocke",Journal of Management Information Systems,35,2,p488 - p509,2018,10.1080/07421222.2018.1451955,15-May-2018,https://doi.org/10.1080/07421222.2018.1451955,10419.0,418.0
Bridging the theory-practice gap: a genealogical perspective on the most debated knowledge management challenges,"Erik Skov Madsen, Jessica Annalena Steppe, Patricia Wolf",Knowledge Management Research & Practice,23,3,p263 - p286,2025,10.1080/14778238.2024.2379922,27-Jul-2024,https://doi.org/10.1080/14778238.2024.2379922,3822.0,6.0
Harnessing sustainability: the role of organizational resilience and big data in product innovation of Malaysian technology firms,"Tat-Huei Cham, Hui-Ling Huang, WeiLee Lim, Siti Hamisah Tapsir, Yu Zhang",Asia Pacific Business Review,,,p1 - p29,5187,10.1080/13602381.2025.2507733,12-Jun-2025,https://doi.org/10.1080/13602381.2025.2507733,194.0,3.0
Adoption of Big Data Analytics and Artificial Intelligence Among Hospitality and Tourism Companies: Perceive Performance Perspective,"Saif Ahmed, Mst Nilufar Ahsan, Husam Ahmad Kokash, Mohammad Masukujjaman, Syed Shah Alam",Journal of Quality Assurance in Hospitality & Tourism,,,p1 - p35,5187,10.1080/1528008x.2024.2442674,19-Dec-2024,https://doi.org/10.1080/1528008x.2024.2442674,821.0,19.0
Proposing a maturity model for assessing Artificial Intelligence and Big data in the process industry,"Mohammadtaghi Falsafi, Rosanna Fornasiero, Lorenz Kiebler, Saskia Sardesai",International Journal of Production Research,63,4,p1235 - p1255,2025,10.1080/00207543.2024.2372840,09-Jul-2024,https://doi.org/10.1080/00207543.2024.2372840,7886.0,31.0
Digital knowledge management effect on enterprise technological innovation: an empirical study from China's manufacturing industry,"Xianming Kuang, Bing Shao, Hui Wang",Technology Analysis & Strategic Management,37,11,p2240 - p2254,2025,10.1080/09537325.2024.2351926,11-May-2024,https://doi.org/10.1080/09537325.2024.2351926,534.0,11.0
The role of big data analytics for decision-making in projects: uses and challenges,"Clément Desgourdes, Jiwat Ram",Enterprise Information Systems,18,4,,2024,10.1080/17517575.2024.2317153,14-Feb-2024,https://doi.org/10.1080/17517575.2024.2317153,708.0,11.0
Machine learning in the prediction of formability in aluminum hot stamping process with multiple variable blank holder force,"Yong Li, Wei Lu, Yong Wu, Wenchao Xiao, Kailun Zheng",International Journal of Computer Integrated Manufacturing,36,5,p702 - p712,2023,10.1080/0951192x.2022.2128220,27-Sep-2022,https://doi.org/10.1080/0951192x.2022.2128220,417.0,18.0
Machine Learning: When Less Is More,Tom Murarik,Impact,2025,1,p27 - p30,2025,10.1080/2058802x.2025.2513144,30-Jun-2025,https://doi.org/10.1080/2058802x.2025.2513144,452.0,0.0
Knowledge management in data-driven business models during the digital transformation of healthcare organisations,"Wei-Tsong Wang, Su-Ying Wu",Knowledge Management Research & Practice,21,5,p983 - p993,2023,10.1080/14778238.2023.2226409,18-Jun-2023,https://doi.org/10.1080/14778238.2023.2226409,1724.0,9.0
Quantum machine learning a new frontier in smart manufacturing: a systematic literature review from period 1995 to 2021,"Bhaskar B Gardas, Angappa Gunasekaran, Vaibhav S Narwane, Pinyarat Sirisomboonsuk",International Journal of Computer Integrated Manufacturing,38,1,p116 - p135,2025,10.1080/0951192x.2023.2294441,20-Dec-2023,https://doi.org/10.1080/0951192x.2023.2294441,650.0,13.0
Big data analytics capability and strategic metrics for enhancing firm innovation: a PLS-SEM modelling approach,"Anas Hakeem, Wajih Khallouli, Nizar Raissi",Journal of Decision Systems,34,1,,2025,10.1080/12460125.2025.2486407,10-Apr-2025,https://doi.org/10.1080/12460125.2025.2486407,184.0,3.0
Digital twin-driven supervised machine learning for the development of artificial intelligence applications in manufacturing,"Kosmas Alexopoulos, George Chryssolouris, Nikolaos Nikolakis",International Journal of Computer Integrated Manufacturing,33,5,p429 - p439,2020,10.1080/0951192x.2020.1747642,08-Apr-2020,https://doi.org/10.1080/0951192x.2020.1747642,6630.0,271.0
"Connectivity, sport events, and tourism development of Mandalika's special economic zone: A perspective from big data cognitive analytics","Rezzy Eko Caraka, Prana Ugiana Gio, Yunho Kim, Maengseok Noh, Bens Pardamean, Anjar Dimara Sakti, Irwanda Wisnu Wardhana",Cogent Business & Management,10,1,,2023,10.1080/23311975.2023.2183565,13-Mar-2023,https://doi.org/10.1080/23311975.2023.2183565,5211.0,21.0
A Big Data Analytics-driven Lean Six Sigma framework for enhanced green performance: a case study of chemical company,"Amine Belhadi, Angappa Gunasekaran, Sachin S Kamble, Dileep Kumar M., Fatima Ezahra Touriki, Karim Zkik",Production Planning & Control,34,9,p767 - p790,2023,10.1080/09537287.2021.1964868,17-Aug-2021,https://doi.org/10.1080/09537287.2021.1964868,2270.0,70.0
Insights from big Data Analytics in supply chain management: an all-inclusive literature review using the SCOR model,"Marc Barth, Samia Chehbi-Gamoura, David Damand, Ridha Derrouiche",Production Planning & Control,31,5,p355 - p382,2020,10.1080/09537287.2019.1639839,17-Jul-2019,https://doi.org/10.1080/09537287.2019.1639839,4956.0,122.0
Fusing algorithms and analysts: open-source intelligence in the age of 'Big Data',"Christopher Eldridge, Christopher Hobbs, Matthew Moran",Intelligence and National Security,33,3,p391 - p406,2018,10.1080/02684527.2017.1406677,13-Dec-2017,https://doi.org/10.1080/02684527.2017.1406677,8627.0,27.0
"Beyond mathematics, statistics, and programming: data science, machine learning, and artificial intelligence competencies and curricula for clinicians, informaticians, science journalists, and researchers","Jessica S Ancker, Tara B Borlawsky-Payne, Steven Chamberlin, Aditi Gupta, William R Hersh, Robert E Hoyt",Health Systems,12,3,p255 - p263,2023,10.1080/20476965.2023.2237745,18-Jul-2023,https://doi.org/10.1080/20476965.2023.2237745,2491.0,12.0
Enhancing Smart Forestry Through AI-Driven Knowledge Management: A Synergistic Approach to Efficiency and Sustainability,"Robertas Damaševičius, Rytis Maskeliūnas",Journal of Sustainable Forestry,44,1-5,p1 - p31,2025,10.1080/10549811.2025.2513220,03-Jun-2025,https://doi.org/10.1080/10549811.2025.2513220,346.0,6.0
Knowledge management and digital transformation for Industry 4.0: a structured literature review,"Davide Calandra, Federico Lanzalonga, Silvana Secinaro, Andreia de Bem Machado",Knowledge Management Research & Practice,20,2,p320 - p338,2022,10.1080/14778238.2021.2015261,30-Dec-2021,https://doi.org/10.1080/14778238.2021.2015261,51832.0,297.0
"Synergetic legacy of organizational innovativeness, knowledge sharing, artificial intelligence adoption and big data analytic capability in human resource management","Lili He, Maria Palazzo, Zahid Yousaf",The International Journal of Human Resource Management,36,8,p1407 - p1430,2025,10.1080/09585192.2025.2510546,29-May-2025,https://doi.org/10.1080/09585192.2025.2510546,768.0,4.0
A scalable and high-accuracy computational framework for non-convex additive two-stage network data envelopment analysis in big data environments,"Liang Liang, Yuqi Wei, Min Yang, Yu Yu",Journal of the Operational Research Society,,,p1 - p20,5187,10.1080/01605682.2026.2723362,30-Aug-2026,https://doi.org/10.1080/01605682.2026.2723362,43.0,0.0
An online machine learning framework for early detection of product failures in an Industry 4.0 context,"J A Carvajal Soto, D Gyulai, F Tavakolizadeh",International Journal of Computer Integrated Manufacturing,32,4-5,p452 - p465,2019,10.1080/0951192x.2019.1571238,02-Feb-2019,https://doi.org/10.1080/0951192x.2019.1571238,1849.0,79.0
"Statistical, machine learning and deep learning forecasting methods: Comparisons and ways forward","Vassilios Assimakopoulos, Spyros Makridakis, Gary Mulder, Konstantinos Nikolopoulos, Artemios-Anargyros Semenoglou, Evangelos Spiliotis",Journal of the Operational Research Society,74,3,p840 - p859,2023,10.1080/01605682.2022.2118629,05-Sep-2022,https://doi.org/10.1080/01605682.2022.2118629,13229.0,116.0
A data-driven scheduling knowledge management method for smart shop floor,"Shengyi Li, Juan Liu, Xiaoyu Lu, Yumin Ma, Fei Qiao",International Journal of Computer Integrated Manufacturing,35,7,p780 - p793,2022,10.1080/0951192x.2022.2025622,22-Feb-2022,https://doi.org/10.1080/0951192x.2022.2025622,680.0,17.0
Developing capabilities for supply chain resilience in a post-COVID world: A machine learning-based thematic analysis,"Dun Li, Tobias Schoenherr, Xiaojun Wang, Bangdong Zhi",IISE Transactions,55,12,p1256 - p1276,2023,10.1080/24725854.2023.2176951,28-Mar-2023,https://doi.org/10.1080/24725854.2023.2176951,7794.0,26.0
Machine learning and data-driven models in sustainable supply chain management: a systematic literature review with content analysis,"Ali Nikseresht, Nima Pishva, Sina Shokoohyar, Sajjad Shokouhyar, Vladimir Simic, Erfan Babaee Tirkolaee",International Journal of Logistics Research and Applications,29,8,p1006 - p1045,2026,10.1080/13675567.2025.2517639,16-Jun-2025,https://doi.org/10.1080/13675567.2025.2517639,420.0,7.0
"Factors influencing digital transformation adoption in manufacturing: big data analytics, digital literacy, and firm performance","Muhammad Adnan, Muhammad Bilal, Haris Hassan, Muhammad Saeed Uzzaman",Total Quality Management & Business Excellence,37,3-4,p220 - p242,2026,10.1080/14783363.2026.2613218,19-Jan-2026,https://doi.org/10.1080/14783363.2026.2613218,373.0,3.0
Managing knowledge for sustainability: AI-Enhanced retail strategies for real-time consumer segmentation,"Dinesh Chandra Pandey, Roma Trigunait, Sumit Tripathi",Knowledge Management Research & Practice,,,p1 - p20,5187,10.1080/14778238.2026.2647264,22-Mar-2026,https://doi.org/10.1080/14778238.2026.2647264,113.0,0.0
SMEs internationalization by grafting knowledge. Unveiling the enabling mechanisms of strategic knowledge management,"Fabio Cassia, Maria Vincenza Ciasullo, Miriana Ferrara, Angelo Rosa",Knowledge Management Research & Practice,23,6,p690 - p703,2025,10.1080/14778238.2024.2421937,05-Nov-2024,https://doi.org/10.1080/14778238.2024.2421937,216.0,2.0
A Web 3.0 ontology based on similarity: a step toward facilitating learning in the Big Data age,"Dazhi Chong, Abbas Foroughi, Hui Shi, Gongjun Yan",Journal of Management Analytics,2,3,p216 - p232,2015,10.1080/23270012.2015.1067154,24-Aug-2015,https://doi.org/10.1080/23270012.2015.1067154,346.0,6.0
A hybrid machine learning approach to hotel sales rank prediction,"Vincent Charles, Prajwal Eachempati, Nripendra P Rana, Praveen Ranjan Srivastava",Journal of the Operational Research Society,74,6,p1407 - p1423,2023,10.1080/01605682.2022.2096498,21-Jul-2022,https://doi.org/10.1080/01605682.2022.2096498,684.0,12.0
"Enhancing supply chain performance by integrating knowledge management and lean, agile, resilient, and green paradigms","Maghsoud Amiri, Seyyed Jalaladdin Hosseini Dehshiri, Ali Mostafaeipour, Dragan Pamučar, Ttu le",Journal of Management Analytics,11,4,p738 - p769,2024,10.1080/23270012.2024.2408527,07-Oct-2024,https://doi.org/10.1080/23270012.2024.2408527,550.0,7.0
Integrating artificial intelligence for knowledge management systems - synergy among people and technology: a systematic review of the evidence,"Rakshith Bhandary, Komal Jenifer D'souza, Tantri Keerthi Dinesh, Santosh Nayak, Rashmi Yogesh Pai, Adithya D Shetty, Ankitha Shetty, Jyothi Shetty",Economic Research-Ekonomska Istraživanja,35,1,p7043 - p7065,2022,10.1080/1331677x.2022.2058976,11-Apr-2022,https://doi.org/10.1080/1331677x.2022.2058976,14850.0,74.0
A conceptual model of knowledge dynamics in the industry 4.0 smart grid scenario,"Nikolina Dragicevic, Norbert Gronau, Eric Tsui, André Ullrich",Knowledge Management Research & Practice,18,2,p199 - p213,2020,10.1080/14778238.2019.1633893,27-Jun-2019,https://doi.org/10.1080/14778238.2019.1633893,1388.0,53.0
Learning with supervised data for anomaly detection in smart manufacturing,"Meiling He, Phillip LaCasse, Francisco Maturana, Wilkistar Otieno, Matthew Petering",International Journal of Computer Integrated Manufacturing,36,9,p1331 - p1344,2023,10.1080/0951192x.2023.2177747,14-Feb-2023,https://doi.org/10.1080/0951192x.2023.2177747,805.0,26.0
"Enterprise systems, emerging technologies, and the data-driven knowledge organisation","David Pauleen, Nazim Taskin, William Yu Chung Wang",Knowledge Management Research & Practice,20,1,p1 - p13,2022,10.1080/14778238.2022.2039571,31-Mar-2022,https://doi.org/10.1080/14778238.2022.2039571,11918.0,19.0
Do We Need to Understand the World to Know It? Knowledge in a Big Data World,Varun Grover,Journal of Global Information Technology Management,23,1,p1 - p4,2020,10.1080/1097198x.2019.1701623,06-Dec-2019,https://doi.org/10.1080/1097198x.2019.1701623,2497.0,11.0
Rural E-Commerce Model with Attention Mechanism: Role of Li Ziqi's Short Videos from the Perspective of Heterogeneous Knowledge Management,"Yangmei Gao, Juan Weng, Huosong Xia, Justin Zuopeng Zhang",Journal of Global Information Technology Management,25,2,p118 - p136,2022,10.1080/1097198x.2022.2062992,27-Apr-2022,https://doi.org/10.1080/1097198x.2022.2062992,873.0,16.0
A multi-site big data analysis of factors impacting the time to disposition in pediatric mental and behavioural health emergency department visits,"Ann Dietrich, Anjali Joseph, Samuel N Koscelny, David M Neyens, Kevin Taaffe, Farzad Zeinali",Health Systems,15,2,p111 - p124,2026,10.1080/20476965.2025.2577093,25-Oct-2025,https://doi.org/10.1080/20476965.2025.2577093,151.0,1.0
Knowledge identity (KI): a determining factor in the effective use of analytics,"Ali Intezari, Morteza Namvar, Ramin Taghinejad",Knowledge Management Research & Practice,20,1,p14 - p33,2022,10.1080/14778238.2021.1967213,20-Aug-2021,https://doi.org/10.1080/14778238.2021.1967213,393.0,3.0
Information systems and knowledge management in industrial engineering: recent advances and new perspectives,"F T S Chan, A Molina, S Y Nof, H Panetto, F B Vernadat",International Journal of Production Research,56,8,p2707 - p2713,2018,10.1080/00207543.2018.1454615,02-Apr-2018,https://doi.org/10.1080/00207543.2018.1454615,9625.0,22.0
"RETRACTED ARTICLE: Research on the Relationship between Structural Hole Location, Knowledge Management and Cooperative Innovation Performance in Artificial Intelligence","Xiaomin Gu, Wei Liu, Hui Wu, Yuanjun Zhao",Knowledge Management Research & Practice,22,6,pxxvi - pxxxv,2024,10.1080/14778238.2020.1813642,01-Sep-2020,https://doi.org/10.1080/14778238.2020.1813642,1014.0,14.0
The mediating role of knowledge management practices and balanced scorecard in the association between artificial intelligence and organization performance: evidence from MENA region commercial banks,"Mohamed Gaber Ghanem, Rasha Mahboub",Cogent Business & Management,11,1,,2024,10.1080/23311975.2024.2404484,19-Sep-2024,https://doi.org/10.1080/23311975.2024.2404484,6599.0,22.0
"Deep Text: Using Text Analytics To Conquer Information Overload, Get Real Value From Social Media, and Add Big(Ger) text to Big Data",Sonja Streuber,Public Services Quarterly,13,3,p179 - p181,2017,10.1080/15228959.2017.1370065,05-Sep-2017,https://doi.org/10.1080/15228959.2017.1370065,126.0,0.0
AGBWTDRS-EM: Multi-criteria decision-making approach using adaptive granular-ball weighted temporal rough set and ensemble learning,"Xiaoli Chu, Bingzhen Sun, Jin Ye, Xixuan Zhao",Journal of the Operational Research Society,,,p1 - p22,5187,10.1080/01605682.2026.2668095,25-May-2026,https://doi.org/10.1080/01605682.2026.2668095,93.0,1.0
On inexact stochastic splitting methods for a class of nonconvex composite optimization problems with relative error,"Tiande Guo, Congying Han, Jia Hu, Tong Zhao",Optimization Methods and Software,38,1,p1 - p33,2023,10.1080/10556788.2022.2091562,19-Jul-2022,https://doi.org/10.1080/10556788.2022.2091562,249.0,3.0
Wielding Occam's razor: Fast and frugal retail forecasting,"Yael Grushka-Cockayne, Fotios Petropoulos, Enno Siemsen, Evangelos Spiliotis",Journal of the Operational Research Society,76,8,p1564 - p1583,2025,10.1080/01605682.2024.2421339,01-Nov-2024,https://doi.org/10.1080/01605682.2024.2421339,2738.0,11.0
Structural equation modeling for impact of Data Fabric Framework on business decision-making and risk management,"Amani Abu Rumman, Lina Al-Abbadi",Cogent Business & Management,10,2,,2023,10.1080/23311975.2023.2215060,21-May-2023,https://doi.org/10.1080/23311975.2023.2215060,3333.0,6.0
Creating a typology of analytics Master's degrees in UK universities: Implications for employers and educators,"Neil F Doherty, Michael J Mortenson, Stewart Robinson",Journal of the Operational Research Society,71,9,p1327 - p1346,2020,10.1080/01605682.2019.1605468,14-Jun-2019,https://doi.org/10.1080/01605682.2019.1605468,461.0,3.0
Advancing reference-based super-resolution via mitigating clarity inconsistent issue with foundation model guidance,"Yong Shi, Jiayu Xue",International Journal of General Systems,,,p1 - p23,5187,10.1080/03081079.2025.2505933,10-Jun-2025,https://doi.org/10.1080/03081079.2025.2505933,58.0,1.0
Shifting the focus of DSS research: from DSS to Explainable Artificial Intelligence (XAI) - driven DSS,Sean B Eom,Journal of Decision Systems,35,1,,2026,10.1080/12460125.2026.2665330,12-May-2026,https://doi.org/10.1080/12460125.2026.2665330,60.0,0.0
Empirical evaluation of reservoir characteristics for cost and performance optimisation in oilfield operations,"Lamei Hu, Beibei Niu, Ting Wang, Xiangyu Wang, Xiaoping Z'hang",Australian Journal of Electrical and Electronics Engineering,,,p1 - p15,5187,10.1080/1448837x.2026.2618422,23-Jan-2026,https://doi.org/10.1080/1448837x.2026.2618422,47.0,1.0
Predicting non-attendance in hospital outpatient appointments using deep learning approach,"M Dashtban, Weizi Li",Health Systems,11,3,p189 - p210,2022,10.1080/20476965.2021.1924085,24-May-2021,https://doi.org/10.1080/20476965.2021.1924085,5911.0,18.0
The framework design of smart factory in discrete manufacturing industry based on cyber-physical system,"Gaige Chen, Bo Feng, Yihui Li, Dekun Liu, Pei Wang",International Journal of Computer Integrated Manufacturing,33,1,p79 - p101,2020,10.1080/0951192x.2019.1699254,18-Dec-2019,https://doi.org/10.1080/0951192x.2019.1699254,2964.0,146.0
Construction of sentimental knowledge graph of Chinese government policy comments,"Yingluo Dai, Xiaolin Li, Zhiyi Li",Knowledge Management Research & Practice,20,1,p73 - p90,2022,10.1080/14778238.2021.1971056,03-Dec-2021,https://doi.org/10.1080/14778238.2021.1971056,944.0,11.0
Beneficence and the Expert Bureaucracy,Sara R Jordan,Public Integrity,16,4,p375 - p394,2014,10.2753/pin1099-9922160404,07-Dec-2014,https://doi.org/10.2753/pin1099-9922160404,494.0,10.0
Cyber management and value creation: an organisational learning-based approach,"Jestine Philip, Manjula S Salimath",Knowledge Management Research & Practice,18,4,p474 - p487,2020,10.1080/14778238.2020.1730719,25-Feb-2020,https://doi.org/10.1080/14778238.2020.1730719,548.0,8.0
Public Health Emergency Management and Multi-Source Data Technology in China,"Zhidong Cao, Yi Liu, Qiuju Ma, Xinzhi Wang, Hui Zhang",Intelligent Automation & Soft Computing,,Latest Articles,p1 - p8,5187,10.1080/10798587.2016.1267246,23-Jan-2017,https://doi.org/10.1080/10798587.2016.1267246,56.0,11.0
Generative adversarial networks for data augmentation and transfer in credit card fraud detection,"Stephen Adams, Peter Beling, Tyler Cody, Alex Langevin",Journal of the Operational Research Society,73,1,p153 - p180,2022,10.1080/01605682.2021.1880296,01-Mar-2021,https://doi.org/10.1080/01605682.2021.1880296,1059.0,44.0
"The role of smart technology, managerial initiatives and human factors on sustainable manufacturing: a case study of Indonesian oil and gas workers","Fita Amalia, Ilyas Masudin, Teguh Oktiarso, Dian Palupi Restuputri",Ergonomics,67,12,p1884 - p1908,2024,10.1080/00140139.2024.2360095,06-Jun-2024,https://doi.org/10.1080/00140139.2024.2360095,307.0,11.0
A systematic mapping study of process mining,"Marcelo Fantinato, Patrick C K Hung, Carlos Ramón López Paz, Ana Rocío Cárdenas Maita, Lucas Corrêa Martins, Sarajane Marques Peres, Laura Rafferty",Enterprise Information Systems,12,5,p505 - p549,2018,10.1080/17517575.2017.1402371,20-Nov-2017,https://doi.org/10.1080/17517575.2017.1402371,3219.0,41.0
Gaussian relevance vector MapReduce-based annealed Glowworm optimization for big medical data scheduling,"Amir H Gandomi, Thomas Hanne, Suresh Kallam, Rizwan Patan, Manikandan Ramachandran",Journal of the Operational Research Society,73,10,p2204 - p2215,2022,10.1080/01605682.2021.1960908,23-Aug-2021,https://doi.org/10.1080/01605682.2021.1960908,995.0,4.0
Intelligent decision support for maintenance: an overview and future trends,"C Emmanouilidis, R Roy, A Tiwari, T Tomiyama, C J Turner",International Journal of Computer Integrated Manufacturing,32,10,p936 - p959,2019,10.1080/0951192x.2019.1667033,03-Oct-2019,https://doi.org/10.1080/0951192x.2019.1667033,1937.0,66.0
Warranty operation enhancement through social media knowledge: a deep-learning methods,"Arash Omarzadeh, Zahra Sarmast Hasan Kiadeh, Sina Shokoohyar, Sajjad Shokouhyar",INFOR: Information Systems and Operational Research,62,2,p273 - p311,2024,10.1080/03155986.2024.2303907,22-Apr-2024,https://doi.org/10.1080/03155986.2024.2303907,350.0,2.0
A smart driller pilot system for future automatic drilling,"Xingwei Chen, Liang Jin, Chong Lin, Wei Liu, Haodong Qian, Bin Tan, Fan Zhang, Zhifa Zhang",Petroleum Science and Technology,42,25,p3981 - p4004,2024,10.1080/10916466.2023.2271520,18-Oct-2023,https://doi.org/10.1080/10916466.2023.2271520,165.0,0.0
Early warning model based on support vector machine ensemble algorithm,"Zi-Yu Chen, Peng-Fei Cheng, Sang-Sang He, Wen-Hui Hou, Hui Liu, Jian-Qiang Wang",Journal of the Operational Research Society,76,3,p411 - p425,2025,10.1080/01605682.2024.2360111,03-Jun-2024,https://doi.org/10.1080/01605682.2024.2360111,292.0,5.0
Data analytics in quality 4.0: literature review and future research directions,"Dimitris Apostolou, Alexandros Bousdekis, Katerina Lepenioti, Gregoris Mentzas",International Journal of Computer Integrated Manufacturing,36,5,p678 - p701,2023,10.1080/0951192x.2022.2128219,28-Sep-2022,https://doi.org/10.1080/0951192x.2022.2128219,12632.0,63.0
"Artificial Intelligence in Drug Design: Algorithms, Applications, Challenges and Ethics",Alya A Arabi,Future Drug Discovery,3,2,,2021,10.4155/fdd-2020-0028,29-Apr-2021,https://doi.org/10.4155/fdd-2020-0028,18374.0,63.0
Business Analytics-Based Enterprise Information Systems,"Sally Firmin, Kenneth Strang, Zhaohao Sun",Journal of Computer Information Systems,57,2,p169 - p178,2017,10.1080/08874417.2016.1183977,11-Aug-2016,https://doi.org/10.1080/08874417.2016.1183977,2615.0,55.0
Explainable AI for evaluating hospitalization outcomes based on electronic health records for chronic disease patients,"Ofir Ben-Assuli, Gaya Geva, Roni Ramon-Gonen",Health Systems,,,p1 - p15,5187,10.1080/20476965.2026.2728627,08-Sep-2026,https://doi.org/10.1080/20476965.2026.2728627,0.0,0.0
The origins of business analytics and implications for the information systems field,Nik Rushdi Hassan,Journal of Business Analytics,2,2,p118 - p133,2019,10.1080/2573234x.2019.1693912,22-Nov-2019,https://doi.org/10.1080/2573234x.2019.1693912,1656.0,6.0
Mining of affective responses and affective intentions of products from unstructured text,"Z Li, Layne Liu, Z G Tian, Eric Tsui, W M Wang",Journal of Engineering Design,29,7,p404 - p429,2018,10.1080/09544828.2018.1448054,12-Mar-2018,https://doi.org/10.1080/09544828.2018.1448054,683.0,44.0
Knowledge Organization Systems: A Network for AI with Helping Interdisciplinary Vocabulary Engineering,"Joan Boone, Sam Grabus, Jane Greenberg, Michal Monselise, Xintong Zhao",Cataloging & Classification Quarterly,59,8,p720 - p739,2021,10.1080/01639374.2021.1995918,10-Nov-2021,https://doi.org/10.1080/01639374.2021.1995918,1361.0,11.0
Heterogeneous distributed clustering by the fuzzy membership and hierarchical structure,Jih-Jeng Huang,Journal of Industrial and Production Engineering,35,3,p189 - p198,2018,10.1080/21681015.2018.1451401,20-Mar-2018,https://doi.org/10.1080/21681015.2018.1451401,95.0,4.0
Condition monitoring of an industrial book-cutting machine using a novel mixture of vibration and physics-based features,"Salvatore Caronia, Alessandro Paolo Daga, Ilaria Ronchi, Luca Viale",International Journal of Computer Integrated Manufacturing,39,9,p1223 - p1242,2026,10.1080/0951192x.2025.2544540,21-Aug-2025,https://doi.org/10.1080/0951192x.2025.2544540,73.0,0.0
Real estate rental market: a 10-year bibliometric-based review,"Jichang Dong, Zhou He, Yixi Liu, Peilong Wang",Economic Research-Ekonomska Istraživanja,34,1,p1752 - p1788,2021,10.1080/1331677x.2020.1848605,14-Dec-2020,https://doi.org/10.1080/1331677x.2020.1848605,6185.0,9.0
Linking data science to lean production: a model to support lean practices,"Violetta Giada Cannas, Maria Pia Ciano, Rossella Pozzi",International Journal of Production Research,60,22,p6866 - p6887,2022,10.1080/00207543.2021.1946192,06-Jul-2021,https://doi.org/10.1080/00207543.2021.1946192,1727.0,24.0
Perspectives on the future of manufacturing within the Industry 4.0 era,"Yogesh K Dwivedi, Laurie Hughes, Vishnupriya Raghavan, Nripendra P Rana, Michael D Williams",Production Planning & Control,33,2-3,p138 - p158,2022,10.1080/09537287.2020.1810762,30-Aug-2020,https://doi.org/10.1080/09537287.2020.1810762,3812.0,156.0
DataWarrior: an evaluation of the open-source drug discovery tool,"Edgar López-López, José L Medina-Franco, J Jesús Naveja",Expert Opinion on Drug Discovery,14,4,p335 - p341,2019,10.1080/17460441.2019.1581170,26-Feb-2019,https://doi.org/10.1080/17460441.2019.1581170,874.0,139.0
Dynamic resource configuration approach for production-logistics synchronization systems based on predictive opti-state control strategy,"Zhicong Hong, George Q Huang, Mingxing Li, Ting Qu, Linping Yu, Yongheng Zhang, Zhongfei Zhang",International Journal of Computer Integrated Manufacturing,,,p1 - p20,5187,10.1080/0951192x.2026.2642262,10-Mar-2026,https://doi.org/10.1080/0951192x.2026.2642262,142.0,0.0
"AI, the internet of legal things, and lawyers",Kenneth Tung,Journal of Management Analytics,6,4,p390 - p403,2019,10.1080/23270012.2019.1671242,14-Nov-2019,https://doi.org/10.1080/23270012.2019.1671242,1319.0,32.0
An integrated CRN-SVR approach for the quality consistency improvement in a diesel engine assembly process,"Qun-Long Chen, Jin-Hua Hu, Wei Qin, Xiao-Xiao Shen, Yan-Ning Sun, Hong-Wei Xu, Zi-Long Zhuang",International Journal of Computer Integrated Manufacturing,,,p1 - p16,5187,10.1080/0951192x.2023.2204469,20-Apr-2023,https://doi.org/10.1080/0951192x.2023.2204469,377.0,14.0
The chequered past and risky future of digital forensics,Eoghan Casey,Australian Journal of Forensic Sciences,51,6,p649 - p664,2019,10.1080/00450618.2018.1554090,02-Feb-2019,https://doi.org/10.1080/00450618.2018.1554090,3109.0,73.0
AI-enabled Enterprise Information Systems for Manufacturing,"Hervé Panetto, Georg Weichhart, Milan Zdravković",Enterprise Information Systems,16,4,p668 - p720,2022,10.1080/17517575.2021.1941275,14-Jul-2021,https://doi.org/10.1080/17517575.2021.1941275,3552.0,111.0
Digital academic entrepreneurship: knowledge and public value from an Italian case study,"Vittorio Dell'Atti, Grazia Dicuonzo, Matteo Palmaccio, Giuseppe Russo",Knowledge Management Research & Practice,21,5,p943 - p956,2023,10.1080/14778238.2023.2174909,07-Feb-2023,https://doi.org/10.1080/14778238.2023.2174909,475.0,5.0
21st century toolkit for optimizing population health through precision nutrition,"Daniela Barile, Bonnie Dixon, J Bruce German, Bethany Henrick, Danielle Lemay, William Martin, Aifric O'Sullivan, Sara Elizabeth Schaefer, Jennifer Smilowitz, Angela Zivkovic",Critical Reviews in Food Science and Nutrition,58,17,p3004 - p3015,2018,10.1080/10408398.2017.1348335,22-Aug-2017,https://doi.org/10.1080/10408398.2017.1348335,1588.0,32.0
Exploring the complementary effects of business analytics capabilities and π-shaped skills on innovation outcomes,"A Mohammed Abubakar, Volkan Işik, Patrick Mikalef, Ofir Turel, Ahmet Türkmen",European Journal of Information Systems,34,1,p146 - p163,2025,10.1080/0960085x.2024.2304030,29-Jan-2024,https://doi.org/10.1080/0960085x.2024.2304030,1608.0,21.0
A meta-analytic study on the organisational learning-performance relationships via country cultural and economic contexts,"Aino Kianto, Gang Liu, Eric Tsui",Knowledge Management Research & Practice,22,1,p17 - p31,2024,10.1080/14778238.2022.2147459,21-Nov-2022,https://doi.org/10.1080/14778238.2022.2147459,446.0,6.0
"Natural language processing in drug discovery: bridging the gap
                    between text and therapeutics with artificial intelligence","Melissa Harrison, Sebastian Lobentanzer, Amina Mardiyyah Rufai, Santosh Tirunagari, Aravind Venkatesan, Christine Ann Withers, Barbara Zdrazil",Expert Opinion on Drug Discovery,20,6,p765 - p783,2025,10.1080/17460441.2025.2490835,30-Apr-2025,https://doi.org/10.1080/17460441.2025.2490835,4712.0,21.0
Early detection of vessel delays using combined historical and real-time information,"Heeyoung Kim, Sungil Kim, Yongro Park",Journal of the Operational Research Society,68,2,p182 - p191,2017,10.1057/s41274-016-0104-4,21-Dec-2017,https://doi.org/10.1057/s41274-016-0104-4,605.0,46.0
The fitness and survival of the OR profession in the age of artificial intelligence,Richard Ormerod,Journal of the Operational Research Society,72,1,p4 - p22,2021,10.1080/01605682.2019.1650619,17-Feb-2020,https://doi.org/10.1080/01605682.2019.1650619,636.0,8.0
Delphi Assessment of Home-Based Digital Healthcare for Aging Patients: A Biopsychosocial Perspective,"Miguel Ángel Gandarillas, Nandu Goswami, Adolfo Muñoz-Carrero, Ricardo Sánchez-De-Madariaga",Clinical Interventions in Aging,20,,p1455 - p1470,2025,10.2147/cia.s525246,01-Sep-2025,https://doi.org/10.2147/cia.s525246,566.0,1.0
A new xG model for football analytics,"Maurizio Carpita, Mattia Cefis",Journal of the Operational Research Society,76,1,p1 - p13,2025,10.1080/01605682.2024.2323669,28-Feb-2024,https://doi.org/10.1080/01605682.2024.2323669,1084.0,14.0
The role of artificial intelligence in shaping the future of Agile fashion industry,"Shahriar Akter, Md Morsaline Billah, Dieu Hack-Polay, Mujahid Mohiuddin Babu, Mahfuzur Rahman",Production Planning & Control,35,15,p2084 - p2098,2024,10.1080/09537287.2022.2060858,26-Apr-2022,https://doi.org/10.1080/09537287.2022.2060858,7468.0,93.0
Flexibility management and decision making in cyber-physical systems utilizing digital lean principles with Brain-inspired computing pattern recognition in Industry 4.0,"Success L Babhare, Aditya D Dhepe, Prayag S Jadhav, Vaibhav Devidas Shevale, Praful P Ulhe, Yash S Warghane",International Journal of Computer Integrated Manufacturing,37,6,p708 - p725,2024,10.1080/0951192x.2023.2257633,11-Sep-2023,https://doi.org/10.1080/0951192x.2023.2257633,793.0,22.0
Knowledge backgrounds and additive manufacturing: moderating effects on part identification approaches and supply chain outcomes,"Jeppe Foshammer, Iñigo Flores Ituarte, Peder Veng Søberg",International Journal of Production Research,64,10,p3766 - p3786,2026,10.1080/00207543.2025.2584722,27-Nov-2025,https://doi.org/10.1080/00207543.2025.2584722,913.0,2.0
Resilient Framework for Managing a Pandemic in a Smart City,"Wala Abdalla, Gabriel Martinez Volquez, Vikram Patil, Suresh Renukappa, Redouane Sarrakh, Subashini Suresh, Tonny Veenith",Engineering Management Journal,37,5,p557 - p570,2025,10.1080/10429247.2025.2538369,11-Aug-2025,https://doi.org/10.1080/10429247.2025.2538369,1165.0,3.0
Combined peak price tracking strategies for online portfolio selection based on the meta-algorithm,"Jiahao Li, Hong Lin, Xingyu Yang, Yong Zhang",Journal of the Operational Research Society,75,10,p2032 - p2051,2024,10.1080/01605682.2023.2295975,06-Mar-2024,https://doi.org/10.1080/01605682.2023.2295975,249.0,3.0
Automating data collection methods in electronic health record systems: a Social Determinant of Health (SDOH) viewpoint,"Kelsey Berg, Chelsea Doktorchik, Hude Quan, Vineet Saini",Health Systems,12,4,p472 - p480,2023,10.1080/20476965.2022.2075796,19-May-2022,https://doi.org/10.1080/20476965.2022.2075796,5998.0,19.0
"Real-time data exploitation supported by model- and event-driven architecture to enhance situation awareness, application to crisis management","Anne-Marie Barthe-Delanoë, Frédérick Bénaben, Audrey Fertier, Aurélie Montarnal, Sébastien Truptil",Enterprise Information Systems,14,6,p769 - p796,2020,10.1080/17517575.2019.1691268,29-Nov-2019,https://doi.org/10.1080/17517575.2019.1691268,554.0,12.0
OMIR: Ontology-Based Multimedia Information Retrieval System for Web Usage Mining,"K Muneeswaran, R Uma",Cybernetics and Systems,48,4,p393 - p414,2017,10.1080/01969722.2017.1285163,13-Mar-2017,https://doi.org/10.1080/01969722.2017.1285163,186.0,4.0
Building supply-chain resilience: an artificial intelligence-based technique and decision-making framework,"Amine Belhadi, Samuel Fosso Wamba, Sachin Kamble, Maciel M Queiroz",International Journal of Production Research,60,14,p4487 - p4507,2022,10.1080/00207543.2021.1950935,13-Jul-2021,https://doi.org/10.1080/00207543.2021.1950935,17732.0,321.0
Getting along with frenemies: enhancing multi-competitor coopetition governance through artificial intelligence and blockchain,Jennifer L Woolley,Industry and Innovation,30,9,p1156 - p1189,2023,10.1080/13662716.2023.2168519,19-Jan-2023,https://doi.org/10.1080/13662716.2023.2168519,1472.0,20.0
Digitalising the Systematic Literature Review process: the MySLR platform,"Salvatore Ammirato, Vincenzo Corvello, Alberto M Felicetti, Roberto Linzalone, Daniele Rogano",Knowledge Management Research & Practice,21,4,p777 - p794,2023,10.1080/14778238.2022.2041375,27-Feb-2022,https://doi.org/10.1080/14778238.2022.2041375,3456.0,57.0
Computational Target Fishing: What Should Chemogenomics Researchers Expect for the Future of in silico Drug Design and Discovery?,"Lirong Wang, Xiang-Qun Xie",Future Medicinal Chemistry,6,3,p247 - p249,2014,10.4155/fmc.14.5,28-Feb-2014,https://doi.org/10.4155/fmc.14.5,3317.0,48.0
The importance of information technology to organizational results within the Baldrige award,"Xianghui Peng, Victor Prybutok, Yuchen Wang",Quality Management Journal,29,1,p3 - p17,2022,10.1080/10686967.2021.2006584,03-Jan-2022,https://doi.org/10.1080/10686967.2021.2006584,595.0,8.0
Design and development of automobile assembly model using federated artificial intelligence with smart contract,"S C Lenny Koh, Arunmozhi Manimuthu, Yangyan Shi, V Raja Sreedharan, V G Venkatesh",International Journal of Production Research,60,1,p111 - p135,2022,10.1080/00207543.2021.1988750,26-Oct-2021,https://doi.org/10.1080/00207543.2021.1988750,11829.0,72.0
Skills Expectations in Cybersecurity: Semantic Network Analysis of Job Advertisements,"C Matt Graham, Yonggang Lu",Journal of Computer Information Systems,63,4,p937 - p949,2023,10.1080/08874417.2022.2115954,09-Sep-2022,https://doi.org/10.1080/08874417.2022.2115954,1465.0,17.0
"A review on three decades of manufacturing maintenance research: past, present and future directions","Simone Arena, Emmanuel Francalanza, Roberto Sala",Production & Manufacturing Research,13,1,,2025,10.1080/21693277.2025.2469037,20-Feb-2025,https://doi.org/10.1080/21693277.2025.2469037,4142.0,2.0
Unpacking data analytics: rhetorical analysis,"Kirsi-Mari Kallio, Lauri Lepistö, Sinikka Lepistö",Technology Analysis & Strategic Management,35,8,p993 - p1004,2023,10.1080/09537325.2021.1990876,19-Oct-2021,https://doi.org/10.1080/09537325.2021.1990876,5018.0,3.0
Resource deployment system implications of migrating the firm into a digital value creation paradigm,Göran Roos,Knowledge Management Research & Practice,16,3,p281 - p291,2018,10.1080/14778238.2018.1489358,10-Jul-2018,https://doi.org/10.1080/14778238.2018.1489358,285.0,7.0
Enhancing Product Manufacturing through Smart Virtual Product Development (SVPD) for Industry 4.0,"Muhammad Bilal Ahmed, Farhat Majeed, Cesar Sanin, Edward Szczerbicki",Cybernetics and Systems,51,2,p246 - p257,2020,10.1080/01969722.2019.1705544,20-Jan-2020,https://doi.org/10.1080/01969722.2019.1705544,361.0,12.0
Philosophical foundations for informing the future(S) through IS research,"Mike Chiasson, Elizabeth Davidson, Jenifer Winter",European Journal of Information Systems,27,3,p367 - p379,2018,10.1080/0960085x.2018.1435232,01-Mar-2018,https://doi.org/10.1080/0960085x.2018.1435232,1985.0,31.0
DMAIC 4.0 in Action: introducing MSA 4.0 and Poka Yoke 4.0,"Jiju Antony, Tim Komkowski, Jonas Neustock, Tanawadee Pongboonchai-Empl, Michael Sony, Dietmar Stemann",International Journal of Computer Integrated Manufacturing,,,p1 - p21,5187,10.1080/0951192x.2025.2599558,10-Dec-2025,https://doi.org/10.1080/0951192x.2025.2599558,2049.0,4.0
"Operational research for sustainability: a synthesis of methods, applications and challenges",Adolf Acquaye,Journal of the Operational Research Society,77,1,p8 - p42,2026,10.1080/01605682.2025.2523362,29-Jun-2025,https://doi.org/10.1080/01605682.2025.2523362,4315.0,10.0
The impact of chemoinformatics on drug discovery in the pharmaceutical industry,"Abraham Madariaga-Mazon, Gerald Maggiora, Karina Martinez-Mayorga, José L Medina-Franco",Expert Opinion on Drug Discovery,15,3,p293 - p306,2020,10.1080/17460441.2020.1696307,22-Jan-2020,https://doi.org/10.1080/17460441.2020.1696307,784.0,81.0
Theorising Algorithmic Justice,"Dubravka Cecez-Kecmanovic, Olivera Marjanovic, Richard Vidgen",European Journal of Information Systems,31,3,p269 - p287,2022,10.1080/0960085x.2021.1934130,21-Jun-2021,https://doi.org/10.1080/0960085x.2021.1934130,5216.0,50.0
Establishing environment sustentation strategies for urban and rural/town tourism based on a hybrid MCDM approach,Chia-Li Lin,Current Issues in Tourism,23,19,p2360 - p2395,2020,10.1080/13683500.2019.1642308,20-Jul-2019,https://doi.org/10.1080/13683500.2019.1642308,1049.0,59.0
How do micro-psychological and macro-socioeconomic factors influence construction safety knowledge sharing? Insights from a mixed-AI approach,"Rebecca Kechen Dong, Rita Yi Man Li, Ruihui Pu, Liyun Zeng",Labour and Industry,35,1,p15 - p40,2025,10.1080/10301763.2025.2466252,26-Feb-2025,https://doi.org/10.1080/10301763.2025.2466252,1649.0,5.0
Analysing repeated hospital readmissions using data mining techniques,"Ofir Ben-Assuli, Rema Padman",Health Systems,7,3,p166 - p180,2018,10.1080/20476965.2018.1510040,09-Nov-2018,https://doi.org/10.1080/20476965.2018.1510040,277.0,9.0
Refined dimensional accuracy in FDM components via ensemble weight-optimized surrogates and hybrid NSGA-II-TOPSIS optimization,"Amir Hosein Adhami, Mohammad Baraheni, Farid Gholipour, Ali Mahdavi Tabatabaee, Mohammad Reza Shabgard, Behzad Hashemi Soudmand",International Journal of Computer Integrated Manufacturing,38,10,p1377 - p1398,2025,10.1080/0951192x.2024.2426145,14-Nov-2024,https://doi.org/10.1080/0951192x.2024.2426145,285.0,7.0
Utilizing knowledge graphs for explainable artificial intelligence in manufacturing,"Ramy Harik, Amit Sheth, Revathy Venkataramanan, Fadi el Kalach",International Journal of Computer Integrated Manufacturing,,,p1 - p14,5187,10.1080/0951192x.2026.2619782,20-Jan-2026,https://doi.org/10.1080/0951192x.2026.2619782,175.0,2.0
Robust outcome weighted learning for optimal individualized treatment rules,"Sheng Fu, Qinying He, Yufeng Liu, Sanguo Zhang",Journal of Biopharmaceutical Statistics,29,4,p606 - p624,2019,10.1080/10543406.2019.1633657,16-Jul-2019,https://doi.org/10.1080/10543406.2019.1633657,378.0,7.0
"The more you buy, the more you pay? Commodity procurement under price uncertainty and market impact","Stefan Minner, Moritz Rettinger",Journal of the Operational Research Society,77,2,p555 - p581,2026,10.1080/01605682.2025.2491513,16-Apr-2025,https://doi.org/10.1080/01605682.2025.2491513,1958.0,1.0
Utilization of acoustic signals with generative Gaussian and autoencoder modeling for condition-based maintenance of injection moulds,"I López-Espejo, D Michelsanti, P Popovski, G Ø Rønsch, Z - H Tan, Y Xie",International Journal of Computer Integrated Manufacturing,37,4,p438 - p453,2024,10.1080/0951192x.2022.2128218,05-Oct-2022,https://doi.org/10.1080/0951192x.2022.2128218,283.0,2.0
Analysing repeated hospital readmissions using data mining techniques,"Ofir Ben-Assuli, Rema Padman",Health Systems,7,2,p120 - p134,2018,10.1080/20476965.2017.1390635,07-Nov-2017,https://doi.org/10.1080/20476965.2017.1390635,301.0,8.0
How do platforms improve social capital within sharing economy-based service triads: an information processing perspective,"Fu Jia, Dun Li, Guoquan Liu, Tobias Schoenherr",Production Planning & Control,35,5,p507 - p524,2024,10.1080/09537287.2022.2101959,19-Jul-2022,https://doi.org/10.1080/09537287.2022.2101959,3232.0,24.0
Comparative effectiveness for oral anti-diabetic treatments among newly diagnosed type 2 diabetics: data-driven predictive analytics in healthcare,"Vasant Dhar, Jon Maguire",Health Systems,2,2,p73 - p92,2013,10.1057/hs.2012.20,19-Dec-2017,https://doi.org/10.1057/hs.2012.20,145.0,17.0
CRISP-eSNeP: Towards a data-driven knowledge discovery process for electronic social networks,"Daniel Adomako Asamoah, Ramesh Sharda",Journal of Decision Systems,28,4,p286 - p308,2019,10.1080/12460125.2019.1696614,02-Dec-2019,https://doi.org/10.1080/12460125.2019.1696614,393.0,11.0
Analysis of cutting-edge technologies for enterprise information system and management,"Varsha Arya, Akshat Gaurav, Brij Bhooshan Gupta, Prabin Kumar Panigrahi",Enterprise Information Systems,17,11,,2023,10.1080/17517575.2023.2197406,06-Apr-2023,https://doi.org/10.1080/17517575.2023.2197406,456.0,9.0
Industrial internet platform provider and end-user perceptions of platform openness impacts,"Hannu Kärkkäinen, Karan Menon, Thorsten Wuest",Industry and Innovation,27,4,p363 - p389,2020,10.1080/13662716.2019.1673150,01-Oct-2019,https://doi.org/10.1080/13662716.2019.1673150,1137.0,36.0
Managing technological knowledge for supporting R&D activities: scientometrics-based approach,"Sungjoo Lee, Byungun Yoon",Knowledge Management Research & Practice,10,3,p237 - p251,2012,10.1057/kmrp.2012.18,19-Dec-2017,https://doi.org/10.1057/kmrp.2012.18,152.0,8.0
Ten years of mapping the growth and trends research of artificial intelligence in the financial sector: a bibliometric analysis,Uus Ahmad Husaeni,Journal of Chinese Economic and Business Studies,,,p1 - p29,5187,10.1080/14765284.2026.2633662,24-Feb-2026,https://doi.org/10.1080/14765284.2026.2633662,171.0,1.0
Turning Data into Value - Exploring the Role of Synergy in Leveraging Value among Data,"Thomas Hess, Johannes Weibl",Information Systems Management,37,3,p227 - p239,2020,10.1080/10580530.2020.1696585,29-Nov-2019,https://doi.org/10.1080/10580530.2020.1696585,822.0,14.0
Assessment of the effect of IT infrastructure on the relationship between knowledge sharing and technological innovation capability: survey in multinational companies,"Adalberto Ramos Cassia, Ivanir Costa, Geraldo Cardoso de Oliveira Neto",Technology Analysis & Strategic Management,36,5,p1016 - p1036,2024,10.1080/09537325.2022.2069005,26-Apr-2022,https://doi.org/10.1080/09537325.2022.2069005,472.0,9.0
Laplacian large margin distribution machine for semi-supervised classification,"Jian Luo, Ye Tian, Qianru Zhai, Jingyue Zhou",Journal of the Operational Research Society,73,8,p1889 - p1904,2022,10.1080/01605682.2021.1931497,29-Jun-2021,https://doi.org/10.1080/01605682.2021.1931497,131.0,1.0
Creating and managing knowledge towards managerial competence development in contemporary business environment,"Inga Lapiņa, Tatjana Nikitina",Knowledge Management Research & Practice,17,1,p96 - p107,2019,10.1080/14778238.2019.1569487,18-Feb-2019,https://doi.org/10.1080/14778238.2019.1569487,817.0,24.0
Data-driven perspective for improving first-time attempts in last-mile deliveries: evidence from a chinese home appliance retailer,"Huaxin Qiu, Dujuan Wang, Sutong Wang, Qihang Xu, Yunqiang Yin, Yugang Yu",Journal of the Operational Research Society,,,p1 - p21,5187,10.1080/01605682.2026.2636606,06-Apr-2026,https://doi.org/10.1080/01605682.2026.2636606,97.0,0.0
Building data driven culture for digital competitiveness in construction industry: a theoretical exploration,"Che Khairil Izam Che Ibrahim, Ahmad Tarmizi Haron, Muhammad Adib Hashim, Nur Amni Liyana Jaafar, Nurul Elma Kordi, Nnedinma Umeokafor",International Journal of Construction Management,25,3,p334 - p346,2025,10.1080/15623599.2024.2322237,06-Mar-2024,https://doi.org/10.1080/15623599.2024.2322237,718.0,11.0
Ontology-based automated knowledge identification of safety risks in Metro shield construction,"Xueqiang Jin, Ping Liu, Yongtao Shang",Journal of Asian Architecture and Building Engineering,25,2,p1295 - p1324,2026,10.1080/13467581.2025.2467241,17-Feb-2025,https://doi.org/10.1080/13467581.2025.2467241,2010.0,2.0
Experience-Oriented Intelligence for Internet of Things,"Fei Li, Cesar Sanín, Edward Szczerbicki, Juan Wang, Zuli Wang, Haoxi Zhang",Cybernetics and Systems,48,3,p162 - p181,2017,10.1080/01969722.2016.1276771,02-Mar-2017,https://doi.org/10.1080/01969722.2016.1276771,344.0,7.0
Building a cognitive analytics capability: a resource-based perspective,"Ambuj Anand, Proma Chowdhury, Siddharth Gaurav Majhi, Arindam Mukherjee",Journal of Decision Systems,35,1,,2026,10.1080/12460125.2025.2599919,18-Dec-2025,https://doi.org/10.1080/12460125.2025.2599919,183.0,1.0
Smart recommendation for tourist hotels based on multidimensional information: a deep neural network model,"Wuyue An, Runjiu Hu, Genwang Liu, Yuan Wang, Huosong Xia, Justin Zuopeng Zhang",Enterprise Information Systems,17,4,,2023,10.1080/17517575.2021.1959651,02-Aug-2021,https://doi.org/10.1080/17517575.2021.1959651,534.0,23.0
Smart manufacturing systems: a futuristics roadmap towards application of industry 4.0 technologies,"Swapna Hr, Anuj Kumar, Geetika Madaan, Amrinder Singh",International Journal of Computer Integrated Manufacturing,36,3,p411 - p428,2023,10.1080/0951192x.2022.2090607,26-Jun-2022,https://doi.org/10.1080/0951192x.2022.2090607,1598.0,67.0
How does intelligent manufacturing affects enterprise innovation? The mediating role of organisational learning,"Menghao Li, Xiaojing Liu, Lipeng Sun, Pishi Xiu, Jie Yang, Limeng Ying",Enterprise Information Systems,16,4,p630 - p667,2022,10.1080/17517575.2021.1939424,22-Jun-2021,https://doi.org/10.1080/17517575.2021.1939424,1229.0,42.0
Industry 4.0: survey from a system integration perspective,"Jose Aguilar, Ernesto Exposito, Manuel Sanchez",International Journal of Computer Integrated Manufacturing,33,10-11,p1017 - p1041,2020,10.1080/0951192x.2020.1775295,25-Jun-2020,https://doi.org/10.1080/0951192x.2020.1775295,2719.0,113.0
Material feeding and scheduling method for smart discrete manufacturing workshops based on a temporal knowledge graph and dual neural networks,"Youling Chen, Ying Hu, Weimin Jing, Xinyi Lin, Jian Liu, Xinyu Niu, Yonghui Zhang",International Journal of Computer Integrated Manufacturing,39,9,p1382 - p1417,2026,10.1080/0951192x.2025.2544558,20-Aug-2025,https://doi.org/10.1080/0951192x.2025.2544558,87.0,3.0
Child Protection Informatics: A Scoping Review,"Ulla-Mari Kinnunen, Ville Kivivirta, Onni Westlund",Journal of Technology in Human Services,44,1,p19 - p55,2026,10.1080/15228835.2026.2647020,21-Apr-2026,https://doi.org/10.1080/15228835.2026.2647020,782.0,0.0
Methodology combining industry 4.0 technologies and KPI's reliability for supply chain performance,"Driss Amegouz, Yves Ducq, Ahmed Lfakir, Anne Zouggar Amrani, Yousra el Kihel",International Journal of Computer Integrated Manufacturing,36,8,p1128 - p1152,2023,10.1080/0951192x.2022.2162605,13-Jan-2023,https://doi.org/10.1080/0951192x.2022.2162605,875.0,9.0
BEKG: A built environment knowledge graph,"Penglin Du, Xingjin Lai, Yik Lun Lau, Yangqiu Song, Liyaning Tang, Zhengdong Wang, Xiaojun Yang, Haoyu Zhong, Heping Zhou, Keyi Zhou",Building Research & Information,52,1-2,p19 - p37,2024,10.1080/09613218.2023.2238851,31-Jul-2023,https://doi.org/10.1080/09613218.2023.2238851,3155.0,4.0
"Augmenting human cognition to enhance strategic, operational, and tactical intelligence",James L Regens,Intelligence and National Security,34,5,p673 - p687,2019,10.1080/02684527.2019.1579410,18-Feb-2019,https://doi.org/10.1080/02684527.2019.1579410,3514.0,12.0
"Implementation of Quality 4.0, a systematic review of approaches, root causes, and challenges","Julie K Dunston, Tama Rani Sarker",Quality Engineering,37,2,p204 - p218,2025,10.1080/08982112.2024.2373360,03-Jul-2024,https://doi.org/10.1080/08982112.2024.2373360,1146.0,12.0
New technologies for bridge inspection and monitoring: a perspective from European Union research and innovation projects,"Ilias Cheimariotis, Konstantinos Gkoumas, Fabio Marques Dos Santos, Marcin Stepniak",Structure and Infrastructure Engineering,20,7-8,p1120 - p1132,2024,10.1080/15732479.2024.2311898,12-Feb-2024,https://doi.org/10.1080/15732479.2024.2311898,5918.0,29.0
Leaning towards resilience: mapping and exploring the literature on lean management,Anil Yasin Ar,Production & Manufacturing Research,13,1,,2025,10.1080/21693277.2025.2512753,04-Jun-2025,https://doi.org/10.1080/21693277.2025.2512753,2063.0,6.0
Learning how to do AI: managing organizational boundaries in an intergovernmental learning forum,"Heather Broomfield, Christopher Wilson",Public Management Review,25,10,p1938 - p1957,2023,10.1080/14719037.2022.2055119,10-Apr-2022,https://doi.org/10.1080/14719037.2022.2055119,3028.0,17.0
Artificial Intelligence Applications in the B2B Sales Funnel,"David Fehrenbach, Carolina Herrando, Benjamin Österle",Journal of Business-to-Business Marketing,33,1,p1 - p24,2026,10.1080/1051712x.2025.2481374,24-Mar-2025,https://doi.org/10.1080/1051712x.2025.2481374,2190.0,7.0
Does regional innovation policy really work for Industry 4.0? Evidence for industrial districts,"Jose Antonio Belso-Martínez, Sofia Estelles-Miguel, Jose-Luis Hervas-Oliver, Marta Peris-Ortiz",European Planning Studies,31,7,p1358 - p1376,2023,10.1080/09654313.2022.2135368,06-Nov-2022,https://doi.org/10.1080/09654313.2022.2135368,515.0,15.0
Rethinking key issues for understanding the new challenges of disruption and digital transformation in companies and economies,"José Emilio Labra Gayo, Patricia Ordóñez de Pablos",Behaviour & Information Technology,38,9,p873 - p875,2019,10.1080/0144929x.2019.1641663,19-Aug-2019,https://doi.org/10.1080/0144929x.2019.1641663,4247.0,3.0
Emerging disruptive technologies in tourism: an LLM-based identification framework,"Yang Guan, Luan Guo, Chenyuan Liang, Zhen Su, Xu Zhang",Current Issues in Tourism,,,p1 - p23,5187,10.1080/13683500.2025.2581155,01-Nov-2025,https://doi.org/10.1080/13683500.2025.2581155,408.0,1.0
An ontology-based hybrid methodology for image synthesis and identification with convex objects,"Jian Denny Lin, Nanfei Sun, Michael Yu-Chi Wu",The Imaging Science Journal,66,8,p492 - p501,2018,10.1080/13682199.2018.1532670,31-Oct-2018,https://doi.org/10.1080/13682199.2018.1532670,52.0,1.0
Imbalanced classification of manufacturing quality conditions using cost-sensitive decision tree ensembles,"Jae-Yoon Jung, Aekyung Kim, Bohyun Kim, Kyuhyup Oh",International Journal of Computer Integrated Manufacturing,31,8,p701 - p717,2018,10.1080/0951192x.2017.1407447,01-Dec-2017,https://doi.org/10.1080/0951192x.2017.1407447,1249.0,58.0
Smart Innovation Engineering: Toward Intelligent Industries of the Future,"Cesar Sanin, Edward Szczerbicki, Mohammad Maqbool Waris",Cybernetics and Systems,49,5-6,p339 - p354,2018,10.1080/01969722.2017.1418708,22-Jan-2018,https://doi.org/10.1080/01969722.2017.1418708,378.0,8.0
Legal decision support systems in Cuba: some background and notes for future projects,"Yarina Amoroso Fernández, Marieta Peña Abreu, Carlos Rafael Rodríguez Rodríguez, Denis Sergeevich Zuev","International Review of Law, Computers & Technology",35,3,p301 - p321,2021,10.1080/13600869.2021.1942401,17-Jun-2021,https://doi.org/10.1080/13600869.2021.1942401,192.0,2.0
Transforming decision-making processes: a research agenda for understanding the impact of business analytics on organisations,"Atreyi Kankanhalli, Sunil Mithas, Rajeev Sharma",European Journal of Information Systems,23,4,p433 - p441,2014,10.1057/ejis.2014.17,19-Dec-2017,https://doi.org/10.1057/ejis.2014.17,43877.0,400.0
Tech-Driven Transformation: Unravelling the Role of Artificial Intelligence in Shaping Strategic Decision-Making,"Anurag Chaturvedi, Meeta Dasgupta, Neetu Yadav",International Journal of Human–Computer Interaction,41,19,p12305 - p12324,2025,10.1080/10447318.2025.2456534,23-Feb-2025,https://doi.org/10.1080/10447318.2025.2456534,1472.0,17.0
Evolution of digital transformation in traditional enterprises: evidence from China,"Sajjad M Jasimuddin, Huosong Xia, Peiwen Ye, Justin Zuopeng Zhang",Technology Analysis & Strategic Management,36,9,p2014 - p2034,2024,10.1080/09537325.2022.2124909,16-Sep-2022,https://doi.org/10.1080/09537325.2022.2124909,1087.0,25.0
Data-driven digital transformation for sustainability: a systematic review of outcome-oriented practices and impacts,"Hillol Bala, Danupol Hoonsopon, Pimmanee Rattanawicha, Assadaporn Sapsomboon, Wattana Viriyasitavat",Journal of Management Analytics,,,p1 - p31,5187,10.1080/23270012.2026.2673006,31-Aug-2026,https://doi.org/10.1080/23270012.2026.2673006,15.0,0.0
Seen Elsewhere,,Impact,2022,2,p4 - p5,2022,10.1080/2058802x.2022.2134668,17-Nov-2022,https://doi.org/10.1080/2058802x.2022.2134668,368.0,0.0
Data science and productivity: A bibliometric review of data science applications and approaches in productivity evaluations,"Vincent Charles, Yu Shi, Joe Zhu",Journal of the Operational Research Society,72,5,p975 - p988,2020,10.1080/01605682.2020.1860661,19-Jan-2021,https://doi.org/10.1080/01605682.2020.1860661,1766.0,12.0
Guidelines to develop demonstration models on industry 4.0 for engineering training,"Serafín Alonso, Juan J Fuertes, Raúl González-Herbón, Guzmán González-Mateos, Antonio Morán, José R Rodríguez-Ossorio",International Journal of Computer Integrated Manufacturing,36,10,p1465 - p1481,2023,10.1080/0951192x.2023.2189308,17-Mar-2023,https://doi.org/10.1080/0951192x.2023.2189308,2620.0,8.0
"AI-Integrated Libraries: A Review of Recent Developments, Issues, and Strategic Initiatives","Adithya, Sheshadri K. N.",The International Information & Library Review,,,p1 - p14,5187,10.1080/10572317.2026.2710527,07-Aug-2026,https://doi.org/10.1080/10572317.2026.2710527,108.0,0.0
A DEALG methodology for prediction of effective customers of internet financial loan products,"Bingqing Liu, Zifang Lu, Yu Yu, Weiwei Zhu",Journal of the Operational Research Society,72,5,p1033 - p1041,2021,10.1080/01605682.2019.1700188,27-Jan-2020,https://doi.org/10.1080/01605682.2019.1700188,639.0,5.0
Seen Elsewhere,,Impact,2020,1,p4 - p6,2020,10.1080/2058802x.2020.1724710,03-May-2020,https://doi.org/10.1080/2058802x.2020.1724710,455.0,0.0
Artificial intelligence as digital agency,Pär J Ågerfalk,European Journal of Information Systems,29,1,p1 - p8,2020,10.1080/0960085x.2020.1721947,17-Feb-2020,https://doi.org/10.1080/0960085x.2020.1721947,30124.0,170.0
Universities Making an Impact,,Impact,2019,2,p24 - p24,2019,10.1080/2058802x.2019.1674539,07-Nov-2019,https://doi.org/10.1080/2058802x.2019.1674539,377.0,3.0
"Information Seeking Behaviors, Attitudes, and Choices of Academic Mathematicians","Brian D Cameron, Debbie Chaves, Ian D Gordon, Rebecca Hutchinson",Science & Technology Libraries,39,3,p253 - p280,2020,10.1080/0194262x.2020.1758284,05-Jun-2020,https://doi.org/10.1080/0194262x.2020.1758284,12704.0,19.0
Call for Papers,,Journal of the Operational Research Society,69,3,p485 - p486,2018,10.1080/01605682.2018.1429707,05-Feb-2018,https://doi.org/10.1080/01605682.2018.1429707,640.0,1.0
Computational approaches and data analytics in financial services: A literature review,"Dimitris Andriosopoulos, Michalis Doumpos, Panos M Pardalos, Constantin Zopounidis",Journal of the Operational Research Society,70,10,p1581 - p1599,2019,10.1080/01605682.2019.1595193,28-May-2019,https://doi.org/10.1080/01605682.2019.1595193,4494.0,52.0
Deciphering the Status of Library and Information Science Research in BRICS Nations: A Research Visualization Approach,"Rupak Chakravarty, Nidhi Gupta",Journal of Library Administration,62,3,p404 - p418,2022,10.1080/01930826.2022.2043695,08-Apr-2022,https://doi.org/10.1080/01930826.2022.2043695,421.0,8.0
Seen Elsewhere,,Impact,2,1,p4 - p6,2016,10.1080/2058802x.2016.11963987,29-Jan-2018,https://doi.org/10.1080/2058802x.2016.11963987,128.0,0.0
Operational Research: methods and applications,"Emel Aktas, Sibel A Alumur, Claudia Archetti, Hayriye Ayhan, Maria Battarra, Julia A Bennell, Greet Vanden Berghe, Jean-Marie Bourjolly, John E Boylan, Michèle Breton, David Canca, Laurent Charlin, Bo Chen, Cihan Tugrul Cicek, Louis Anthony Jr Cox, Christine S M Currie, Erik Demeulemeester, Li Ding, Stephen M Disney, Matthias Ehrgott, Martin J Eppler, Güneş Erdoğan, Bernard Fortz, L Alberto Franco, Jens Frische, Salvatore Greco, Amanda J Gregory, Willy Herroelen, Mike Hewitt, Jan Holmström, John N Hooker, Raimo P Hämäläinen, Tuğçe Işık, Jill Johnes, Bahar Y Kara, Özlem Karsu, Katherine Kent, Martin Kunc, Yong-Hong Kuo, Charlotte Köhler, Gilbert Laporte, Adam N Letchford, Janny Leung, Dong Li, Haitao Li, Judit Lienert, Ivana Ljubić, Andrea Lodi, Sebastián Lozano, Virginie Lurkin, Silvano Martello, Ian G McHale, Gerald Midgley, John D W Morecroft, Akshay Mutha, Ceyda Oğuz, Fotios Petropoulos, Sanja Petrovic, Ulrich Pferschy, Harilaos N Psaraftis, Sam Rose, Lauri Saarinen, Said Salhi, Jing-Sheng Song, Dimitrios Sotiros, Kathryn E Stecke, Arne K Strauss, İstenç Tarhan, Clemens Thielen, Paolo Toth, Christos Vasilakis, Vikrant Vaze, Daniele Vigo, Kai Virtanen, Xun Wang, Rafał Weron, Leroy White, Mike Yearworth, E Alper Yıldırım, Georges Zaccour, Xuying Zhao, Tom van Woensel",Journal of the Operational Research Society,75,3,p423 - p617,2024,10.1080/01605682.2023.2253852,27-Dec-2023,https://doi.org/10.1080/01605682.2023.2253852,82125.0,109.0
A VISION FOR DATA SCIENCE AT BRITISH AIRWAYS,"Stefan Jackson, John Tozer",Impact,2020,1,p15 - p19,2020,10.1080/2058802x.2020.1720206,03-May-2020,https://doi.org/10.1080/2058802x.2020.1720206,9809.0,2.0
Seen Elsewhere,,Impact,2,2,p4 - p5,2016,10.1080/2058802x.2016.11964001,29-Jan-2018,https://doi.org/10.1080/2058802x.2016.11964001,130.0,0.0
Analysing human-computer interaction behaviour in human resource management system based on artificial intelligence technology,"Yuegang Song, Ruibing Wu",Knowledge Management Research & Practice,,,p1 - p10,5187,10.1080/14778238.2021.1955630,27-Jul-2021,https://doi.org/10.1080/14778238.2021.1955630,1297.0,35.0
The role of business analytics in supporting strategy processes: Opportunities and limitations,"Martin Kunc, Frances A O'Brien",Journal of the Operational Research Society,70,6,p974 - p985,2019,10.1080/01605682.2018.1475104,18-May-2018,https://doi.org/10.1080/01605682.2018.1475104,4720.0,42.0
"Methodology for data-driven predictive maintenance models design, development and implementation on manufacturing guided by domain knowledge","Julian Ramirez de Okariz, Jon Rodriguez, Oscar Serradilla, Ekhi Zugasti, Urko Zurutuza",International Journal of Computer Integrated Manufacturing,35,12,p1310 - p1334,2022,10.1080/0951192x.2022.2043562,02-Mar-2022,https://doi.org/10.1080/0951192x.2022.2043562,709.0,19.0
A taste for travel: improving tourism forecasts via online restaurant reviews,"Evangelos Spiliotis, Konstantinos Vogklis",Journal of the Operational Research Society,,,p1 - p17,5187,10.1080/01605682.2025.2591712,25-Nov-2025,https://doi.org/10.1080/01605682.2025.2591712,115.0,0.0
PriMa: a prescriptive maintenance model for cyber-physical production systems,"Fazel Ansari, Robert Glawar, Tanja Nemeth",International Journal of Computer Integrated Manufacturing,32,4-5,p482 - p503,2019,10.1080/0951192x.2019.1571236,20-Feb-2019,https://doi.org/10.1080/0951192x.2019.1571236,14034.0,184.0
An approach to firm's innovation from the explicit and tacit knowledge spiral,"M Ángeles López-Cabarcos, Suresh Srinivasan, Paula Vázquez-Rodríguez",Knowledge Management Research & Practice,22,4,p340 - p353,2024,10.1080/14778238.2023.2173679,31-Jan-2023,https://doi.org/10.1080/14778238.2023.2173679,730.0,18.0
A Survey of 15 Years of Data-Driven Persona Development,"Kathleen Guan, Bernard J Jansen, Soon-Gyo Jung, Joni Salminen",International Journal of Human–Computer Interaction,37,18,p1685 - p1708,2021,10.1080/10447318.2021.1908670,12-Apr-2021,https://doi.org/10.1080/10447318.2021.1908670,15372.0,72.0
A new era for digital twins: progress and industry adoption,"Colin William Crawford, S K Khairul Hasan",Digital Twin,2,4,,2025,10.1080/27525783.2025.2555877,19-Sep-2025,https://doi.org/10.1080/27525783.2025.2555877,6243.0,24.0
A new wave of innovation in Semantic web tools for drug discovery,"Jeremy Graham Frey, Samantha Kanza",Expert Opinion on Drug Discovery,14,5,p433 - p444,2019,10.1080/17460441.2019.1586880,19-Mar-2019,https://doi.org/10.1080/17460441.2019.1586880,6253.0,28.0
Predictive maintenance: assessment of potentials for residential heating systems,"Sahil-Jai Arora, Markus Rabe",International Journal of Computer Integrated Manufacturing,36,12,p1876 - p1900,2023,10.1080/0951192x.2023.2204471,23-Apr-2023,https://doi.org/10.1080/0951192x.2023.2204471,189.0,3.0
A knowledge-based model for context-aware smart service systems,"le Nguyen Hoai Nam, Thanh Thoa Pham Thi, Cuong Pham-Nguyen, Thang le Dinh",Journal of Information and Telecommunication,6,2,p141 - p162,2022,10.1080/24751839.2021.1962105,23-Aug-2021,https://doi.org/10.1080/24751839.2021.1962105,4141.0,10.0
"Decision making mechanism in resource based theory: A literature review, synthesis, and future research","Utomo Sarjono Putro, Mochammad Ridwan Ristyawan, Manahan Siallagan",Cogent Business & Management,10,2,,2023,10.1080/23311975.2023.2247217,28-Aug-2023,https://doi.org/10.1080/23311975.2023.2247217,9228.0,12.0
"The intersection of AI, HRM, and organizational learning: review of emerging trends and unanswered questions",Aneerban Roy,Knowledge Management Research & Practice,,,p1 - p20,5187,10.1080/14778238.2026.2648157,26-Mar-2026,https://doi.org/10.1080/14778238.2026.2648157,217.0,0.0
Transformative AI in human resource management: enhancing workforce planning with topic modeling,"Vandana Madhavan, Rajiv Prasad, Raghu Raman, Murale Venugopal",Cogent Business & Management,11,1,,2024,10.1080/23311975.2024.2432550,26-Nov-2024,https://doi.org/10.1080/23311975.2024.2432550,38415.0,88.0
A dimensional exploration and scale development study of algorithm aversion,"Xia Li, Lin Wang, Yang Zhao, Huiyu Zhu",Journal of the Operational Research Society,76,8,p1531 - p1552,2025,10.1080/01605682.2024.2419544,19-Nov-2024,https://doi.org/10.1080/01605682.2024.2419544,1956.0,3.0
Artificial intelligence in logistics and supply chain operations: state-of-the-art and research avenues towards AI-empowered Physical Internet,"George Q Huang, Ming K Lim, Shenle Pan, Shengan Yu, Mengdi Zhang, Zhiheng Zhao",International Journal of Logistics Research and Applications,,,p1 - p29,5187,10.1080/13675567.2026.2685107,17-Jun-2026,https://doi.org/10.1080/13675567.2026.2685107,167.0,0.0
SEEN ELSEWHERE,,Impact,2018,2,p4 - p5,2018,10.1080/2058802x.2018.1526450,20-Dec-2018,https://doi.org/10.1080/2058802x.2018.1526450,367.0,0.0
Transformation of China's business model in the new economic reality,Pengfei Li,Asian Journal of Technology Innovation,,,p1 - p18,5187,10.1080/19761597.2026.2716082,10-Aug-2026,https://doi.org/10.1080/19761597.2026.2716082,18.0,0.0
Cognitive digital twin in manufacturing process: integrating the knowledge graph for enhanced human-centric Industry 5.0,"Yong Han, Dongsheng Jiang, Chang Su, Xin Tang, Tao Wang",International Journal of Production Research,64,12,p4980 - p5001,2026,10.1080/00207543.2024.2435583,03-Dec-2024,https://doi.org/10.1080/00207543.2024.2435583,1013.0,25.0
Journal of Computer Information Systems: Intellectual and Conceptual Structure,"Salma S Abed, Yogesh K Dwivedi, Alex Koohang, Nripendra P Rana, Anuj Sharma",Journal of Computer Information Systems,63,1,p37 - p67,2023,10.1080/08874417.2021.2021114,20-Jan-2022,https://doi.org/10.1080/08874417.2021.2021114,1063.0,9.0
Skipping class: improving human-driven data exploration and querying through instances,"Jeffrey Parsons, Arash Saghafi, Yair Wand",European Journal of Information Systems,31,4,p463 - p491,2022,10.1080/0960085x.2020.1869507,29-Jan-2021,https://doi.org/10.1080/0960085x.2020.1869507,3948.0,4.0
Pretty Persuasion: The Advantages of Data Visualisation,Robert Grant,Impact,2019,2,p19 - p23,2019,10.1080/2058802x.2019.1633814,07-Nov-2019,https://doi.org/10.1080/2058802x.2019.1633814,1144.0,0.0
Environmental sustainability performance of US airlines: implications of financial performance and technical efficiency,"Emel Aktas, Fahimeh Chomachaei, Sepideh Kaffash",Journal of the Operational Research Society,77,1,p64 - p84,2026,10.1080/01605682.2024.2429567,21-Nov-2024,https://doi.org/10.1080/01605682.2024.2429567,5610.0,13.0
Reimagining quality management systems with AI: Beyond inspection to enterprise-wide implementation,"Kuldeep Agarwal, Pawan Bhandari, John Ruprecht, Ryan Walerius",Quality Management Journal,,,p1 - p20,5187,10.1080/10686967.2025.2611724,26-Jan-2026,https://doi.org/10.1080/10686967.2025.2611724,282.0,3.0
The role of data analytics within operational risk management: A systematic review from the financial services and energy sectors,"Christopher Bilson, Nikki Cornwell, Adrian Gepp, Steven Stern, Bruce J Vanstone",Journal of the Operational Research Society,74,1,p374 - p402,2023,10.1080/01605682.2022.2041373,27-Feb-2022,https://doi.org/10.1080/01605682.2022.2041373,20250.0,41.0
Antecedents and performance outcomes of employees' data analytics skills: an adaptation structuration theory-based empirical investigation,"Aseel Ajamieh, Jose Benitez, Zhen Shao, Jing Zhang, Hanqing Zheng",European Journal of Information Systems,32,6,p921 - p940,2023,10.1080/0960085x.2022.2078235,24-May-2022,https://doi.org/10.1080/0960085x.2022.2078235,3156.0,30.0
Smart cities for people with disabilities: a systematic literature review and future research directions,"Nima Kordzadeh, Eleanor T Loiacono, Shimi Zhou",European Journal of Information Systems,33,6,p845 - p862,2024,10.1080/0960085x.2023.2297974,27-Dec-2023,https://doi.org/10.1080/0960085x.2023.2297974,2216.0,31.0
An Ontology-based Knowledge Mining Model for Effective Exploitation of Agro Information,"S Margret Anouncia, E Murali",IETE Journal of Research,69,11,p7856 - p7873,2023,10.1080/03772063.2022.2058629,10-Apr-2022,https://doi.org/10.1080/03772063.2022.2058629,230.0,6.0
Soft and hard TQM practices: future research agenda for industry 4.0,"Kashif Ali, Satirenjit Kaur Johl",Total Quality Management & Business Excellence,33,13-14,p1625 - p1655,2022,10.1080/14783363.2021.1985448,23-Oct-2021,https://doi.org/10.1080/14783363.2021.1985448,3125.0,80.0
How long can this party last? What the rise and fall of OR/MS can teach us about the future of business analytics,Robert F Otondo,European Journal of Information Systems,28,5,p473 - p495,2019,10.1080/0960085x.2019.1598609,25-Apr-2019,https://doi.org/10.1080/0960085x.2019.1598609,1204.0,7.0
A Precision Medicine Initiative for Alzheimer's disease: the road ahead to biomarker-guided integrative disease modeling,"K Broich, J-C Corvol, B Dubois, S Durrleman, V Escott-Price, H Hampel, S Lista, S E O'Bryant, K Rojkova, E Younesi",Climacteric,20,2,p107 - p118,2017,10.1080/13697137.2017.1287866,09-Feb-2017,https://doi.org/10.1080/13697137.2017.1287866,1936.0,135.0
Understanding dark side of artificial intelligence (AI) integrated business analytics: assessing firm's operational inefficiency and competitiveness,"Shahriar Akter, Sheshadri Chatterjee, Yogesh K Dwivedi, Nripendra P Rana",European Journal of Information Systems,31,3,p364 - p387,2022,10.1080/0960085x.2021.1955628,01-Aug-2021,https://doi.org/10.1080/0960085x.2021.1955628,67073.0,346.0
Information systems in the age of pandemics: COVID-19 and beyond,"Kieran Conboy, Michael D Myers, Pär J Ågerfalk",European Journal of Information Systems,29,3,p203 - p207,2020,10.1080/0960085x.2020.1771968,14-Jun-2020,https://doi.org/10.1080/0960085x.2020.1771968,62236.0,123.0
Digital twin enhanced agile design of ship pipeline systems,"Kang Cui, Xiaofen Shan, Xin Wang, Zhinan Zhang",Digital Twin,1,4,,2024,10.12688/digitaltwin.17918.2,06-Jan-2025,https://doi.org/10.12688/digitaltwin.17918.2,511.0,2.0
A systematic literature review of Auditing Practices research landscape and future research propositions using bibliometric analysis,"Amar Johri, Raj Kumar Singh",Cogent Business & Management,11,1,,2024,10.1080/23311975.2024.2344743,26-Apr-2024,https://doi.org/10.1080/23311975.2024.2344743,9634.0,17.0
Information as a difference: toward a subjective theory of information,"Earl H Jr McKinney, Charles J II Yoos",European Journal of Information Systems,28,4,p355 - p369,2019,10.1080/0960085x.2019.1581441,14-Mar-2019,https://doi.org/10.1080/0960085x.2019.1581441,1423.0,14.0
Sustainability Design Principles for a Wildlife Management Analytics System: An Action Design Research,"Mingwei Li, Shan L Pan, L G Pee, M S Sandeep",European Journal of Information Systems,30,4,p452 - p473,2021,10.1080/0960085x.2020.1811786,06-Sep-2020,https://doi.org/10.1080/0960085x.2020.1811786,3341.0,30.0
"Simplicity, robustness and speed in time series forecasting: LEAF-learning by exponentially adaptive forecasting, a novel univariate predictive analytics benchmark","Foteini Kyriazi, Dimitrios Thomakos",Journal of the Operational Research Society,77,4,p951 - p962,2026,10.1080/01605682.2025.2510530,24-Jun-2025,https://doi.org/10.1080/01605682.2025.2510530,132.0,1.0
How blockchain technology can change medicine,"E Carlos Rodriguez-Merchan, Juan M Roman-Belmonte, Hortensia de la Corte-Rodriguez",Postgraduate Medicine,130,4,p420 - p427,2018,10.1080/00325481.2018.1472996,10-May-2018,https://doi.org/10.1080/00325481.2018.1472996,1905.0,110.0
The use of Generative Artificial Intelligence (GenAI) in operations research: review and future research agenda,"Jiuh-Biing Sheu, Qin Zhou",Journal of the Operational Research Society,77,7,p1675 - p1695,2026,10.1080/01605682.2025.2561762,17-Sep-2025,https://doi.org/10.1080/01605682.2025.2561762,8740.0,17.0
Optimizing Information Flow in Manufacturing Operations Management Through Lean-Industry 4.0 Integration,"Danyuan Li, Li Zheng",Engineering Management Journal,38,4,p418 - p442,2026,10.1080/10429247.2025.2510224,22-Jul-2025,https://doi.org/10.1080/10429247.2025.2510224,269.0,5.0
"An integrated model of supply chain quality management, Industry 3.5 and innovation to improve manufacturers' performance - a case study of Vietnam","Hiep Minh Ha, Hien Thu Pham, Trang Thi Thu Tran, Thanh van Nguyen",International Journal of Logistics Research and Applications,27,2,p261 - p283,2024,10.1080/13675567.2022.2059457,13-Apr-2022,https://doi.org/10.1080/13675567.2022.2059457,11142.0,31.0
Real Estate valuation and forecasting in non-homogeneous markets: A case study in Greece during the financial crisis,"Antonios K Alexandridis, Dimitrios Andritsos, Dimitrios Karlis, Dimitrios Papastamos",Journal of the Operational Research Society,70,10,p1769 - p1783,2019,10.1080/01605682.2018.1468864,19-Jun-2018,https://doi.org/10.1080/01605682.2018.1468864,904.0,14.0
Technology Roadmap Construction Based on Structural Theme Model and SAO Semantic Analysis,"Jiao Li, Baijun Liu, Longhui Pan, Hongmei Yuan",Engineering Management Journal,,,p1 - p15,5187,10.1080/10429247.2025.2542670,16-Sep-2025,https://doi.org/10.1080/10429247.2025.2542670,143.0,1.0
Scopus scientific mapping production in industry 4.0 (2011-2018): a bibliometric analysis,"Rejane Frozza, Leonardo Bertolin Furstenau, Daniel Hoppe, Sandra Iepsen, Liane Mahlmann Kipper",International Journal of Production Research,58,6,p1605 - p1627,2020,10.1080/00207543.2019.1671625,09-Oct-2019,https://doi.org/10.1080/00207543.2019.1671625,4461.0,222.0
Markov Walk and Walmart sales prediction,Giacomo Sbrana,Journal of the Operational Research Society,,,p1 - p12,5187,10.1080/01605682.2025.2569661,16-Oct-2025,https://doi.org/10.1080/01605682.2025.2569661,176.0,2.0
Reflecting on digital technologies and knowledge assets in the public sector: exploring the dark side,Elisa Bonollo,Knowledge Management Research & Practice,24,2,p200 - p216,2026,10.1080/14778238.2025.2494772,30-May-2025,https://doi.org/10.1080/14778238.2025.2494772,322.0,4.0
An integrated optimization and analytics approach for planning mental healthcare services,"Kathy Kotiadis, Emily Musara, Sheema Noorain, Maria Paola Scaparra",Journal of the Operational Research Society,77,4,p1150 - p1177,2026,10.1080/01605682.2025.2519996,24-Jun-2025,https://doi.org/10.1080/01605682.2025.2519996,1723.0,1.0
Special issue on recent advances in design analytics,"Vimal Dhokia, George Q Huang, Zhi Li, Rainer Stark",International Journal of Computer Integrated Manufacturing,33,7,p643 - p644,2020,10.1080/0951192x.2020.1800097,04-Aug-2020,https://doi.org/10.1080/0951192x.2020.1800097,941.0,0.0
Stratified acceptance-probability-based adaptive simulated annealing for efficient optimization: applications in econometrics and graph analytics,"Hana Rabbouch, Foued Saâdaoui",Journal of the Operational Research Society,,,p1 - p27,5187,10.1080/01605682.2026.2714306,10-Aug-2026,https://doi.org/10.1080/01605682.2026.2714306,24.0,0.0
Representing instances: the case for reengineering conceptual modelling grammars,"Roman Lukyanenko, Jeffrey Parsons, Binny M Samuel",European Journal of Information Systems,28,1,p68 - p90,2019,10.1080/0960085x.2018.1488567,03-Jul-2018,https://doi.org/10.1080/0960085x.2018.1488567,846.0,23.0
Forecasting number of corner kicks taken in association football using compound Poisson distribution,"Ronald Tsz Hin Hung, Stan Yip, Ka Fai Cedric Yiu, Yinghong Zou",Journal of the Operational Research Society,75,11,p2127 - p2137,2024,10.1080/01605682.2024.2306170,02-Feb-2024,https://doi.org/10.1080/01605682.2024.2306170,329.0,3.0
The dark sides of people analytics: reviewing the perils for organisations and employees,"Oliver Christ, Lisa Marie Giermindl, Ulrich Leicht-Deobald, Abdullah Redzepi, Franz Strich",European Journal of Information Systems,31,3,p410 - p435,2022,10.1080/0960085x.2021.1927213,02-Jun-2021,https://doi.org/10.1080/0960085x.2021.1927213,75636.0,253.0
Towards new frontiers of healthcare systems research using artificial intelligence and generative AI,"Samir Chatterjee, Ann Fruhling, Daniel Gartner, Kathy Kotiadis",Health Systems,13,4,p263 - p273,2024,10.1080/20476965.2024.2402128,20-Nov-2024,https://doi.org/10.1080/20476965.2024.2402128,5205.0,33.0
The conceptual HABITS prototype for integrating behavioural theories with system dynamics and agent-based models to capture complex health behaviours,"Eunice Twumwaa Adwubi, Min Hui Ang, Craig Donnachie, Catriona Ewart, Vahid Hajiebrahimi Farashah, Kristine Heimdal, Susan Howick, Shafkat Ibrahimy, Itamar Megiddo, le Khanh Ngan Nguyen, Lynn Williams",Journal of the Operational Research Society,77,9,p2583 - p2605,2026,10.1080/01605682.2026.2702071,17-Jul-2026,https://doi.org/10.1080/01605682.2026.2702071,515.0,0.0
Clustering abstracts from the literature on Quality Management (1980-2020),"Arturo Calvo-Mora, Rafael Periáñez-Cristobal, Manuel J Sánchez-Franco",Total Quality Management & Business Excellence,34,7-8,p959 - p989,2023,10.1080/14783363.2022.2139674,31-Oct-2022,https://doi.org/10.1080/14783363.2022.2139674,1014.0,23.0
A systematic review and network meta-analysis of the risks of artificial intelligence in construction projects,Ibrahim Yahaya Wuni,International Journal of Construction Management,26,4,p639 - p659,2026,10.1080/15623599.2025.2531238,15-Jul-2025,https://doi.org/10.1080/15623599.2025.2531238,635.0,1.0
Impact of knowledge domain coupling and AI skills on green innovation performance of China's equipment manufacturing enterprises,"Minling Chen, Xue Rao, Jing Xue",Asia Pacific Business Review,,,p1 - p26,5187,10.1080/13602381.2025.2561159,06-Oct-2025,https://doi.org/10.1080/13602381.2025.2561159,346.0,1.0
"Artificial intelligence boundary resources: a relational view on leveraging ""AI-as-a-Service""","Sebastian Firk, André Hanelt, Jana Oehmichen, Patryk Zapadka",European Journal of Information Systems,34,6,p937 - p960,2025,10.1080/0960085x.2025.2473952,10-Mar-2025,https://doi.org/10.1080/0960085x.2025.2473952,9005.0,7.0
Knowledge-driven digital twin manufacturing cell towards intelligent manufacturing,"Kai Ding, Zhi Li, Chuang Wang, Chao Zhang, Guanghui Zhou",International Journal of Production Research,58,4,p1034 - p1051,2020,10.1080/00207543.2019.1607978,25-Apr-2019,https://doi.org/10.1080/00207543.2019.1607978,13727.0,376.0
Preventing the digital scars of COVID-19,"Jingyao Lydia Li, Marco Marabelli, Emmanuelle Vaast",European Journal of Information Systems,30,2,p176 - p192,2021,10.1080/0960085x.2020.1863752,19-Jan-2021,https://doi.org/10.1080/0960085x.2020.1863752,6339.0,48.0
Evaluating the effectiveness of crowd wisdom and large language models for fantasy cricket team selection,Mohit Bhatnagar,Journal of the Operational Research Society,,,p1 - p22,5187,10.1080/01605682.2026.2636596,08-Mar-2026,https://doi.org/10.1080/01605682.2026.2636596,108.0,0.0
Centralized or competitive pricing? Strategies for C2C sharing platforms under demand and quality information asymmetry,"Thomas W Archibald, Xiaoying Cheng, Yanhong Sun, Xin Yan",Journal of the Operational Research Society,77,4,p1029 - p1048,2026,10.1080/01605682.2025.2515153,11-Jun-2025,https://doi.org/10.1080/01605682.2025.2515153,389.0,1.0
Operational research in seven decades,Robert G Dyson,Journal of the Operational Research Society,75,12,p2298 - p2311,2024,10.1080/01605682.2024.2406238,07-Oct-2024,https://doi.org/10.1080/01605682.2024.2406238,2327.0,2.0
"Algorithmic bias: review, synthesis, and future research directions","Maryam Ghasemaghaei, Nima Kordzadeh",European Journal of Information Systems,31,3,p388 - p409,2022,10.1080/0960085x.2021.1927212,06-Jun-2021,https://doi.org/10.1080/0960085x.2021.1927212,37870.0,641.0
"Drowning in data, starving for access: unlocking the bottleneck in molecular medicine and cancer research","Jerry SH Lee, Kate Manley",Health Systems,15,1,p1 - p5,2026,10.1080/20476965.2025.2591052,26-Nov-2025,https://doi.org/10.1080/20476965.2025.2591052,602.0,1.0
Navigating patent trends through the lens of system components completeness in trend of engineering system evolution,"Mei Choo Ang, Halimah Badioze Zaman, Mostafa Ghane, Saraswathy Shamini Gunasekaran, Kok Weng Ng, Shahryar Sorooshian",Journal of Engineering Design,37,4,p1465 - p1492,2026,10.1080/09544828.2025.2544108,14-Aug-2025,https://doi.org/10.1080/09544828.2025.2544108,1074.0,2.0
Enhanced fuel consumption prediction using dimensionality reduction and ensemble learning,"Rajasekhar Balasubramanian, Shuyan Chen, Aamir Hussain, Yongfeng Ma, Qianqian Pang, Sajan Shaikh",Journal of the Operational Research Society,,,p1 - p17,5187,10.1080/01605682.2025.2569659,07-Oct-2025,https://doi.org/10.1080/01605682.2025.2569659,178.0,2.0
Digital technologies to capture supply chain resilience: a multi-criteria approach in the Brazilian scenario,"Rosley Anholon, Albert Carrara, Kleber Francisco Esposto, Márcio Alexandre Portelinha, Lucas Gabriel Zanon",Production & Manufacturing Research,13,1,,2025,10.1080/21693277.2025.2576218,08-Nov-2025,https://doi.org/10.1080/21693277.2025.2576218,1049.0,3.0
A novel generalised extreme value gradient boosting decision tree for the class imbalanced problem in credit scoring,"Raffaella Calabrese, Yizhe Dong, Junfeng Zhang",Journal of the Operational Research Society,76,8,p1513 - p1530,2025,10.1080/01605682.2024.2418882,01-Nov-2024,https://doi.org/10.1080/01605682.2024.2418882,2440.0,9.0
From multi-attribute ranking to justified choice: a rule-based screening framework (MASINISA) for industrial robot selection,"Manel Belkhamssa, Jalel Euchi, Sana Hafdhi",Journal of the Operational Research Society,,,p1 - p21,5187,10.1080/01605682.2026.2629029,18-Feb-2026,https://doi.org/10.1080/01605682.2026.2629029,76.0,1.0
Cloud Manufacturing as a new type of Product-Service System,"Alberto Charro, Dirk Schaefer",International Journal of Computer Integrated Manufacturing,31,10,p1018 - p1033,2018,10.1080/0951192x.2018.1493228,20-Jul-2018,https://doi.org/10.1080/0951192x.2018.1493228,1354.0,58.0
Sociotechnical micro-foundations for digital transformation,"Bendik Bygstad, Jon Iden",European Journal of Information Systems,34,2,p367 - p382,2025,10.1080/0960085x.2024.2347950,05-May-2024,https://doi.org/10.1080/0960085x.2024.2347950,8478.0,23.0
Different mechanisms for the same capability: understanding the platform ecosystem deployment capability,"Yevgen Bogodistov, Christian Marheine, Dimitri Petrik",European Journal of Information Systems,,,p1 - p24,5187,10.1080/0960085x.2026.2679463,25-May-2026,https://doi.org/10.1080/0960085x.2026.2679463,1070.0,0.0
Design principles for artificial intelligence-augmented decision making: An action design research study,"Savindu Herath Pathirannehelage, Yash Raj Shrestha, Georg von Krogh",European Journal of Information Systems,34,2,p207 - p229,2025,10.1080/0960085x.2024.2330402,20-Mar-2024,https://doi.org/10.1080/0960085x.2024.2330402,25048.0,66.0
Key considerations when using health insurance claims data in advanced data analyses: an experience report,"Margrét Bjarndóttir, Renata Konrad, Ruben Proaño, Wenchang Zhang",Health Systems,9,4,p317 - p325,2020,10.1080/20476965.2019.1581433,01-Mar-2019,https://doi.org/10.1080/20476965.2019.1581433,728.0,74.0
Performance management systems: reviewing the rise of dynamics and digitalization,"Jannis Angelis, Jonatan Sahlin",Cogent Business & Management,6,1,,2019,10.1080/23311975.2019.1642293,29-Jul-2019,https://doi.org/10.1080/23311975.2019.1642293,17868.0,36.0
Digital transformation in family-owned Mittelstand firms: A dynamic capabilities perspective,"Nadine Kammerlander, Jonas Soluk",European Journal of Information Systems,30,6,p676 - p711,2021,10.1080/0960085x.2020.1857666,19-Jan-2021,https://doi.org/10.1080/0960085x.2020.1857666,14182.0,329.0
Strategic alignment of enterprise architecture management - how portfolios of control mechanisms track a decade of enterprise transformation at Commerzbank,"Stephan Aier, Jannis Beese, Kazem Haki, Martin Kraus, Raphael Schilling, Robert Winter",European Journal of Information Systems,32,1,p92 - p105,2023,10.1080/0960085x.2022.2085200,08-Jul-2022,https://doi.org/10.1080/0960085x.2022.2085200,7810.0,14.0
Tracing topic evolution in higher education: a text mining study on Italian universities,"Marco Abate, Filippo Chiarello, Francesca M Dovetto, Gualtiero Fantoni, Vito Giordano, Irene Spada",Studies in Higher Education,49,11,p1965 - p1983,2024,10.1080/03075079.2023.2284813,27-Nov-2023,https://doi.org/10.1080/03075079.2023.2284813,458.0,5.0
Ranking products through online reviews: A novel data-driven method based on interval type-2 fuzzy sets and sentiment analysis,"Witold Pedrycz, Jindong Qin, Xiao Wei, Mingzhi Zeng",Journal of the Operational Research Society,75,5,p860 - p873,2024,10.1080/01605682.2023.2215823,25-May-2023,https://doi.org/10.1080/01605682.2023.2215823,1139.0,37.0
Generalized mixed prediction chain model and its application in forecasting chronic complications,"Fengqin Dong, Zhongsheng Hua, Yuxuan You",Journal of the Operational Research Society,74,7,p1815 - p1835,2023,10.1080/01605682.2022.2118630,07-Sep-2022,https://doi.org/10.1080/01605682.2022.2118630,302.0,2.0
Improving productivity in Hollywood with data science: Using emotional arcs of movies to drive product and service innovation in entertainment industries,"Alexander Kharlamov, Glenn Parry, Ganna Pogrebna, Marco del Vecchio",Journal of the Operational Research Society,72,5,p1110 - p1137,2021,10.1080/01605682.2019.1705194,02-Mar-2020,https://doi.org/10.1080/01605682.2019.1705194,46653.0,40.0
Reinforcement learning based optimal decision making towards product lifecycle sustainability,"Zhengang Guo, Yang Liu, Miying Yang",International Journal of Computer Integrated Manufacturing,35,10-11,p1269 - p1296,2022,10.1080/0951192x.2022.2025623,31-Jan-2022,https://doi.org/10.1080/0951192x.2022.2025623,5070.0,24.0
Relationship between quality management and organizational performance in the healthcare industry,"Xianghui Peng, Victor Prybutok, Xinyu Wei, Heng Xie",International Journal of Production Research,62,23,p8518 - p8536,2024,10.1080/00207543.2024.2344657,23-Apr-2024,https://doi.org/10.1080/00207543.2024.2344657,573.0,6.0
"Cyber physical production system for smart manufacturing analytics and management: a systematic literature review, framework and roadmap","Christoph Herrmann, Rishi Kumar, Kuldip Singh Sangwan, Sebastian Thiede",International Journal of Computer Integrated Manufacturing,,,p1 - p31,5187,10.1080/0951192x.2025.2563261,26-Sep-2025,https://doi.org/10.1080/0951192x.2025.2563261,404.0,6.0
Learning the thresholds in the ORESTE method from historical preference information,"Lisheng Jiang, Huchang Liao, Keyu Lu",Journal of the Operational Research Society,74,11,p2403 - p2417,2023,10.1080/01605682.2022.2150574,26-Nov-2022,https://doi.org/10.1080/01605682.2022.2150574,338.0,3.0
Reliability of ChatGPT-4o in analysing medical data: a test case study on patients at risk for limb amputation,"Ronen Loebstein, Roger McHaney, Bernice Oberman, Iris Reychav, Chen Speter, Liat Toderis",Health Systems,15,2,p125 - p139,2026,10.1080/20476965.2025.2580977,14-Nov-2025,https://doi.org/10.1080/20476965.2025.2580977,105.0,0.0
Mobile ICT outages and public safety: is there a digital divide in terms of safety?,"Patrick Felka, Oliver Hinz, Cristina Mihale-Wilson",European Journal of Information Systems,35,2,p260 - p279,2026,10.1080/0960085x.2025.2523984,07-Jul-2025,https://doi.org/10.1080/0960085x.2025.2523984,2527.0,2.0
Adaptive Leadership Strategies for Advancing Digital Transformation and Innovation in Academic Libraries in Kenya,"Henry Hongo, Lucy Kibe, Tom Kwanya",Journal of Library Administration,66,3,p301 - p325,2026,10.1080/01930826.2026.2652477,22-Apr-2026,https://doi.org/10.1080/01930826.2026.2652477,287.0,1.0
Transdisciplinary system of systems development in the trend to X4.0 for intelligent manufacturing,"Ronald C Beckett, John P T Mo",International Journal of Computer Integrated Manufacturing,35,1,p21 - p35,2022,10.1080/0951192x.2021.1992663,27-Oct-2021,https://doi.org/10.1080/0951192x.2021.1992663,573.0,7.0
Entropy method of constructing a combined model for improving loan default prediction: A case study in China,"Weidong Chen, Yiheng Li",Journal of the Operational Research Society,72,5,p1099 - p1109,2021,10.1080/01605682.2019.1702905,30-Dec-2019,https://doi.org/10.1080/01605682.2019.1702905,1748.0,27.0
Framework and modelling of inclusive manufacturing system,"Biswajit Mahanty, Sube Singh, Manoj Kumar Tiwari",International Journal of Computer Integrated Manufacturing,32,2,p105 - p123,2019,10.1080/0951192x.2018.1550678,25-Nov-2018,https://doi.org/10.1080/0951192x.2018.1550678,1476.0,49.0
Artificial intelligence in advanced manufacturing,"Nebojsa Bacanin, Shengzong Zhou",International Journal of Computer Integrated Manufacturing,37,4,p383 - p384,2024,10.1080/0951192x.2024.2327226,28-Mar-2024,https://doi.org/10.1080/0951192x.2024.2327226,2761.0,6.0
Special issue on data-driven modeling and analytics for optimization of complex manufacturing systems,"Xinyu Li, Wei Qin, Ting Qu, Yingfeng Zhang",International Journal of Computer Integrated Manufacturing,35,10-11,p1025 - p1027,2022,10.1080/0951192x.2022.2141948,11-Nov-2022,https://doi.org/10.1080/0951192x.2022.2141948,1355.0,2.0
A multi-input parallel convolutional attention network for tool wear monitoring,"Zhengyan Bai, Dingkun Li, Qiang Liu, Jing Ma, Xudong Wei",International Journal of Computer Integrated Manufacturing,38,1,p23 - p39,2025,10.1080/0951192x.2023.2294440,20-Dec-2023,https://doi.org/10.1080/0951192x.2023.2294440,361.0,16.0
Prospective study on challenges faced in a perception system,"Soumya J Bhat, Santhosh K. V., Rolen L. R.",Cogent Engineering,11,1,,2024,10.1080/23311916.2024.2353498,28-May-2024,https://doi.org/10.1080/23311916.2024.2353498,2236.0,2.0
Prepared for work in Industry 4.0? Modelling the target activity system and five dimensions of worker readiness,"Todd J B Blayone, Roland VanOostveen",International Journal of Computer Integrated Manufacturing,34,1,p1 - p19,2021,10.1080/0951192x.2020.1836677,10-Nov-2020,https://doi.org/10.1080/0951192x.2020.1836677,1456.0,44.0
Health state grading evaluation of multi-machine production line based on bi-Kmeans degraded hidden Markov model,"Zhang Fuqiang, Hui Jizhuang, Ding Kai, Liu Weichen",International Journal of Computer Integrated Manufacturing,38,10,p1364 - p1376,2025,10.1080/0951192x.2024.2426134,25-Nov-2024,https://doi.org/10.1080/0951192x.2024.2426134,160.0,1.0
Human-machine teaming for digital transformation,Kathleen M Vogel,Intelligence and National Security,40,6,p1097 - p1113,2025,10.1080/02684527.2025.2565945,02-Oct-2025,https://doi.org/10.1080/02684527.2025.2565945,512.0,2.0
Israel as a startup nation: assessing the role of artificial intelligence as a mediator in the relationship between pioneering orientation and new product creativity,"Gavriel Dahan, Michal Levi-Bliech",Israel Affairs,31,2,p181 - p197,2025,10.1080/13537121.2025.2469442,26-Feb-2025,https://doi.org/10.1080/13537121.2025.2469442,186.0,1.0
Consumer segmentation and pricing optimisation with online reviews: a sentiment analysis-based decision-making framework,"Shiyu Liu, Zixu Liu, Jun Wang, Liwei Xu",Journal of the Operational Research Society,,,p1 - p21,5187,10.1080/01605682.2026.2630957,26-Feb-2026,https://doi.org/10.1080/01605682.2026.2630957,1238.0,0.0
Analyzing the impact of digital technologies in supply chain management: a discrete event simulation-based case study,"Prasun Das, Sushil Kumar Dey, Kaustav Kundu",International Journal of Computer Integrated Manufacturing,,,p1 - p21,5187,10.1080/0951192x.2026.2619783,23-Jan-2026,https://doi.org/10.1080/0951192x.2026.2619783,277.0,1.0
Versatile edge gateway for improving manufacturing supply chain management via collaborative networks,"Oana Chenaru, Radu Dobrescu, Gheorghe Florea, Stefan Mocanu, Maximilian Nicolae",International Journal of Computer Integrated Manufacturing,34,4,p407 - p421,2021,10.1080/0951192x.2021.1879401,14-Feb-2021,https://doi.org/10.1080/0951192x.2021.1879401,526.0,21.0
"A new approach for reusable 3D CAD objects detection, by similarity calculation based on Bayesian network models (BNM)","Benoit Eynard, Ahmed Fradi, Borhen Louhichi, Mohamed Ali Mahjoub",International Journal of Computer Integrated Manufacturing,34,12,p1285 - p1304,2021,10.1080/0951192x.2021.1972457,13-Sep-2021,https://doi.org/10.1080/0951192x.2021.1972457,409.0,6.0
A smart reporting framework as an application of multi-agent system in machining industry,"F Belkadi, A Ladj, O Meski, M Ritou, Z Yahouni",International Journal of Computer Integrated Manufacturing,34,5,p470 - p486,2021,10.1080/0951192x.2021.1901312,29-Mar-2021,https://doi.org/10.1080/0951192x.2021.1901312,363.0,16.0
Cost-effective sensor-based digital twin for fused deposition modeling 3D printers,"Ahmed Al-Ashaab, Md Hazrat Ali, Nursultan Jyeniskhan, Essam Shehab, Kemel Shomenov",International Journal of Computer Integrated Manufacturing,39,7,p937 - p956,2026,10.1080/0951192x.2025.2504085,13-May-2025,https://doi.org/10.1080/0951192x.2025.2504085,466.0,2.0
Smart seru production system for Industry 4.0: a conceptual model based on deep learning for real-time monitoring and controlling,"İhsan Hakan Selvi, Orhan Torkul, Merve Şişci",International Journal of Computer Integrated Manufacturing,37,4,p385 - p407,2024,10.1080/0951192x.2022.2078514,29-May-2022,https://doi.org/10.1080/0951192x.2022.2078514,816.0,12.0
A human-machine interaction framework for identifying factors influential consumer participation in e-waste treatment schemes,"Omid Dehghan, Navid Nezafati, Sasan Nowruzi, Sina Shokoohyar, Sajjad Shokouhyar",International Journal of Computer Integrated Manufacturing,36,7,p1058 - p1082,2023,10.1080/0951192x.2022.2162598,02-Jan-2023,https://doi.org/10.1080/0951192x.2022.2162598,265.0,4.0
The Potential of Google Earth Engine as Decision Support for Agricultural and Forestry Planning Policies in Latin America and the Caribbean: A Meta-Analysis and Systematic Review,"Roberto Carlos Hincapie-Reyes, Francisco Javier Mesas-Carrascosa, Juan Carlos Palacio-Piedrahíta, Andrés Felipe Ríos-Mesa, Jhon Wilder Zartha-Sossa",Journal of Sustainable Forestry,43,6-10,p99 - p128,2024,10.1080/10549811.2024.2448027,20-Jan-2025,https://doi.org/10.1080/10549811.2024.2448027,268.0,5.0
Digital twin-enabled smart industrial systems: recent developments and future perspectives,"George Q Huang, Yong-Hong Kuo, Francesco Pilati, Ting Qu",International Journal of Computer Integrated Manufacturing,34,7-8,p685 - p689,2021,10.1080/0951192x.2021.1959710,02-Aug-2021,https://doi.org/10.1080/0951192x.2021.1959710,6087.0,43.0
Global initiatives for industry 4.0 implementation and progress within the textile and apparel manufacturing sector: a comprehensive review,"Upama Nasrin Haq, Md Hasanuzzaman, Md Riaz Hossain, Adnan Maroof Khan, Md Mashiur Rahman Khan",International Journal of Computer Integrated Manufacturing,38,12,p1637 - p1662,2025,10.1080/0951192x.2025.2455655,22-Jan-2025,https://doi.org/10.1080/0951192x.2025.2455655,904.0,20.0
Shaping the Future of Logistics: Data-driven Technology Approaches and Strategic Management,"Dong-Seong Kim, Jae-Woo Kim, Jae-Min Lee, Hoa Tran-Dang",IETE Technical Review,42,1,p44 - p79,2025,10.1080/02564602.2024.2445513,02-Jan-2025,https://doi.org/10.1080/02564602.2024.2445513,927.0,22.0
An assessment of barriers to integrate lean six sigma and industry 4.0 in manufacturing environment: case based approach,"Jiju Antony, Prakash Kumar, Aayush Modi, Sonu Rajak, Michael Sony, Vikas Swarnakar",International Journal of Computer Integrated Manufacturing,38,3,p386 - p407,2025,10.1080/0951192x.2024.2335969,15-Apr-2024,https://doi.org/10.1080/0951192x.2024.2335969,622.0,19.0
Data-driven and knowledge-guided prediction model of milling tool life grade,"Kai Ding, Chao Du, Jiewu Leng, Shujun Shao, Fengli Xu, Fuqiang Zhang, Xueliang Zhou",International Journal of Computer Integrated Manufacturing,37,6,p669 - p684,2024,10.1080/0951192x.2023.2257620,18-Sep-2023,https://doi.org/10.1080/0951192x.2023.2257620,652.0,23.0
Exploring firm strategy using financial reports: performance impact of inward and outward relatedness with digitisation,"Wael Jabr, Zhiqiang Eric Zheng",European Journal of Information Systems,31,2,p145 - p165,2022,10.1080/0960085x.2020.1829511,18-Oct-2020,https://doi.org/10.1080/0960085x.2020.1829511,1172.0,6.0
Intended Human Arm Movement Direction Prediction using Eye Tracking,"Petter Falkman, Julius Pettersson",International Journal of Computer Integrated Manufacturing,,,p1 - p19,5187,10.1080/0951192x.2023.2229288,29-Jun-2023,https://doi.org/10.1080/0951192x.2023.2229288,1519.0,6.0
Mould wear-out prediction in the plastic injection moulding industry: a case study,"Flavia Dalia Frumosu, Murat Kulahci, Georg Ørnskov Rønsch",International Journal of Computer Integrated Manufacturing,33,12,p1245 - p1258,2020,10.1080/0951192x.2020.1829062,07-Oct-2020,https://doi.org/10.1080/0951192x.2020.1829062,452.0,12.0
Dynamic control of pure content quality and recommendation intensity on UGC platform considering reference effect,"Qi Chen, Jiazhen Huo, Yashu Yao, Zhihan Zhang",Journal of the Operational Research Society,,,p1 - p27,5187,10.1080/01605682.2025.2544870,21-Aug-2025,https://doi.org/10.1080/01605682.2025.2544870,317.0,2.0
An integrated Pythagorean fuzzy-based methodology for sectoral prioritization of industry 4.0 with lean supply chain perspective,"Beyza Cebeci, Ali Karaşan, İhsan Kaya, Esra İlbahar",International Journal of Computer Integrated Manufacturing,37,12,p1582 - p1611,2024,10.1080/0951192x.2024.2331526,26-Mar-2024,https://doi.org/10.1080/0951192x.2024.2331526,394.0,6.0
Skills for Industry 4.0: a structured repository grounded on a generalized enterprise reference architecture and methodology-based framework,"Paola Fantini, Marta Pinzone, Marco Taisch",International Journal of Computer Integrated Manufacturing,37,8,p952 - p971,2024,10.1080/0951192x.2023.2278105,14-Nov-2023,https://doi.org/10.1080/0951192x.2023.2278105,368.0,9.0
"Towards an information semantic interoperability in smart manufacturing systems: contributions, limitations and applications","Osiris Canciglieri Junior, Ramon Martinez Pereira, Anderson Luis Szejka",International Journal of Computer Integrated Manufacturing,34,4,p422 - p439,2021,10.1080/0951192x.2021.1891571,28-Feb-2021,https://doi.org/10.1080/0951192x.2021.1891571,678.0,31.0
Digital twin-enabled smart industrial systems: a bibliometric review,"Maria Pia Ciano, Rossella Pozzi, Tommaso Rossi, Fernanda Strozzi",International Journal of Computer Integrated Manufacturing,34,7-8,p690 - p708,2021,10.1080/0951192x.2020.1852600,16-Dec-2020,https://doi.org/10.1080/0951192x.2020.1852600,2758.0,55.0
State of the art and future directions of digital twin-enabled smart assembly automation in discrete manufacturing industries,"Bugra Alkan, Osman M Tokhi, Louie Webb",International Journal of Computer Integrated Manufacturing,38,8,p1126 - p1160,2025,10.1080/0951192x.2024.2387775,21-Aug-2024,https://doi.org/10.1080/0951192x.2024.2387775,5133.0,19.0
Digital twins in manufacturing: systematic literature review for physical-digital layer categorization and future research directions,"Murat Atalay, Ugur Murat, Busra Oksuz, Ayse Merve Parlaktuna, Erhan Pisirir, Murat Caner Testik",International Journal of Computer Integrated Manufacturing,35,7,p679 - p705,2022,10.1080/0951192x.2021.2022762,13-Jan-2022,https://doi.org/10.1080/0951192x.2021.2022762,2685.0,52.0
Industry 4.0 adoption barriers in manufacturing supply chain industry - a case study from a developing economy,"Sudishna Ghoshal, Snehal Govardhan, Balkrishna Eknath Narkhede, Rakesh Raut",International Journal of Computer Integrated Manufacturing,39,9,p1243 - p1261,2026,10.1080/0951192x.2025.2544541,13-Aug-2025,https://doi.org/10.1080/0951192x.2025.2544541,306.0,3.0
From smart manufacturing in Industry 4.0 to industrial metaverse for Industry 5.0,"Zhenhong Jiang, Nanfeng Ma, Junting Meng, Kesai Wang, Tinbo Xie, Xifan Yao, Jiajun Zhou",International Journal of Computer Integrated Manufacturing,39,4-5,p610 - p641,2026,10.1080/0951192x.2025.2556440,09-Sep-2025,https://doi.org/10.1080/0951192x.2025.2556440,456.0,3.0
A cyber-physical system architecture based on lean principles for managing industry 4.0 setups,"Ridvan Aydin, Hadi Jaber, Amr Nounou",International Journal of Computer Integrated Manufacturing,35,8,p890 - p908,2022,10.1080/0951192x.2022.2027016,01-Feb-2022,https://doi.org/10.1080/0951192x.2022.2027016,920.0,34.0
To assess smart manufacturing readiness by maturity model: a case study on Taiwan enterprises,"Tzu-Chieh Lin, Margaret L Sheng, Kung Jeng Wang",International Journal of Computer Integrated Manufacturing,33,1,p102 - p115,2020,10.1080/0951192x.2019.1699255,09-Dec-2019,https://doi.org/10.1080/0951192x.2019.1699255,2798.0,83.0
Blockchain for supply chain quality management: challenges and opportunities in context of open manufacturing and industrial internet of things,"Tony Gray, Jinying Li, Ananda Maiti, Matthew Springer",International Journal of Computer Integrated Manufacturing,33,12,p1321 - p1355,2020,10.1080/0951192x.2020.1815853,08-Oct-2020,https://doi.org/10.1080/0951192x.2020.1815853,2765.0,110.0
"A multi-methodological framework combining text mining and causal mapping to engage experts, policymakers, and stakeholders in policy design","Leila Abuabara, Alberto Paucar-Caceres, Katarzyna Werner-Masters",Journal of the Operational Research Society,77,3,p777 - p792,2026,10.1080/01605682.2025.2499719,05-May-2025,https://doi.org/10.1080/01605682.2025.2499719,238.0,1.0
Smart manufacturing: a framework for managing performance,"Milind Akarte, Kanchan Joshi, Shreyanshu Parhi",International Journal of Computer Integrated Manufacturing,34,3,p227 - p256,2021,10.1080/0951192x.2020.1858506,31-Dec-2020,https://doi.org/10.1080/0951192x.2020.1858506,1860.0,50.0
Digital twin in manufacturing: conceptual framework and case studies,"Igiri Onaji, Boyang Song, Payam Soulatiantork, Ashutosh Tiwari, Divya Tiwari",International Journal of Computer Integrated Manufacturing,35,8,p831 - p858,2022,10.1080/0951192x.2022.2027014,24-Jan-2022,https://doi.org/10.1080/0951192x.2022.2027014,38745.0,245.0
Temperature monitoring system of friction stir welding based on digital twin,"Steven Y Liang, Xiaohong Lu, Yihan Luan, Zhuo Sun, le Teng",International Journal of Computer Integrated Manufacturing,37,8,p987 - p1002,2024,10.1080/0951192x.2023.2278113,05-Nov-2023,https://doi.org/10.1080/0951192x.2023.2278113,512.0,13.0
Reducing the incidence of biased algorithmic decisions through feature importance transparency: an empirical study,"Esraa Abdelhalim, Sepideh Ebrahimi, Khaled Hassanein, Milena Head",European Journal of Information Systems,34,4,p636 - p664,2025,10.1080/0960085x.2024.2395531,02-Sep-2024,https://doi.org/10.1080/0960085x.2024.2395531,10387.0,20.0
Discrete event simulation and Digital Twins in warehouse logistics: a bibliometric and content analysis-based systematic literature review,"Eleni Aretoulaki, George Plakas, Stavros T Ponis, Dimitra Tzanetou",International Journal of Computer Integrated Manufacturing,,,p1 - p28,5187,10.1080/0951192x.2024.2314772,25-Feb-2024,https://doi.org/10.1080/0951192x.2024.2314772,959.0,15.0
A digital twin-based modularized design approach for smart warehouses,"Mark Goh, Wenyan Song, Yuan Wang, Zhenyong Wu, Zhitao Xu, Rong Zhou",International Journal of Computer Integrated Manufacturing,37,10-11,p1404 - p1425,2024,10.1080/0951192x.2023.2278100,05-Nov-2023,https://doi.org/10.1080/0951192x.2023.2278100,1091.0,21.0
"Design, modelling, optimisation and validation of condition-based maintenance in IoT enabled hybrid flow shop","Badri Narayanan, Muthusamy Sreekumar",International Journal of Computer Integrated Manufacturing,35,9,p927 - p941,2022,10.1080/0951192x.2022.2028011,13-Jan-2022,https://doi.org/10.1080/0951192x.2022.2028011,384.0,8.0
Preconditions and benefits of digital twin-based business ecosystems in manufacturing,"Lea Hannola, Kirsi Kokkonen, Tero Rantala, Tuija Rantala, Minna Saunila, Juhani Ukko",International Journal of Computer Integrated Manufacturing,36,5,p789 - p806,2023,10.1080/0951192x.2022.2145022,14-Nov-2022,https://doi.org/10.1080/0951192x.2022.2145022,3351.0,15.0
A conceptual framework-based architecture strategy for implementing industry 4.0 enabling technologies in Indian commercial vehicle manufacturing plant,"Abinash Jena, Saroj Kumar Patel",International Journal of Computer Integrated Manufacturing,38,8,p1161 - p1189,2025,10.1080/0951192x.2024.2387788,12-Aug-2024,https://doi.org/10.1080/0951192x.2024.2387788,194.0,1.0
A holistic zero-defect manufacturing framework enabled by AI and digital twins for smart production systems,Demiral Akbar,International Journal of Computer Integrated Manufacturing,,,p1 - p29,5187,10.1080/0951192x.2026.2701856,10-Jul-2026,https://doi.org/10.1080/0951192x.2026.2701856,103.0,0.0
Merging current health care trends: innovative perspective in aging care,"Miguel Ángel Gandarillas, Nandu Goswami",Clinical Interventions in Aging,13,,p2083 - p2095,2018,10.2147/cia.s177286,23-Oct-2018,https://doi.org/10.2147/cia.s177286,1806.0,39.0
Knowledge-graph-enhanced disturbance control in manufacturing systems: a state-of-the-art review,"Ruirui Jiang, Jianhua Liu, Fengque Pei, Minghai Yuan, Cunbo Zhuang",International Journal of Computer Integrated Manufacturing,39,7,p1009 - p1035,2026,10.1080/0951192x.2025.2509324,23-May-2025,https://doi.org/10.1080/0951192x.2025.2509324,316.0,3.0
An open source approach to the design and implementation of Digital Twins for Smart Manufacturing,"Wernher Behrendt, Violeta Damjanovic-Behrendt",International Journal of Computer Integrated Manufacturing,32,4-5,p366 - p384,2019,10.1080/0951192x.2019.1599436,13-Apr-2019,https://doi.org/10.1080/0951192x.2019.1599436,3884.0,135.0
"Examining smart manufacturing challenges in the context of micro, small and medium enterprises","Anjali Awasthi, Bhaskar B Gardas, Balkrishna E Narkhede, Vaibhav S Narwane, Rakesh D Raut",International Journal of Computer Integrated Manufacturing,35,12,p1395 - p1412,2022,10.1080/0951192x.2022.2078508,29-May-2022,https://doi.org/10.1080/0951192x.2022.2078508,897.0,35.0
A digital twin-driven part spatio-temporal quality prediction framework integrated with equipment degradation state analysis,"Pengde Huang, Pei Wang, Sheng Yang, Jinhua Zhou",International Journal of Computer Integrated Manufacturing,37,10-11,p1270 - p1293,2024,10.1080/0951192x.2024.2335972,03-Apr-2024,https://doi.org/10.1080/0951192x.2024.2335972,318.0,3.0
Contrasting digital twin vision of manufacturing with the industrial reality,"Mikkel Stein Knudsen, Jyrki Savolainen",International Journal of Computer Integrated Manufacturing,35,2,p165 - p182,2022,10.1080/0951192x.2021.1972471,03-Sep-2021,https://doi.org/10.1080/0951192x.2021.1972471,857.0,15.0
Unlocking factors of digital twins for smart manufacturing: a case of emerging economy,"Bhaskar B Gardas, Angappa Gunasekaran, Vaibhav S Narwane",International Journal of Computer Integrated Manufacturing,37,10-11,p1463 - p1493,2024,10.1080/0951192x.2023.2257655,21-Sep-2023,https://doi.org/10.1080/0951192x.2023.2257655,492.0,17.0
User-centred cloud service adaptation: an adaptation framework for cloud services to enhance user experience,"Adamantios Koumpis, Nicolaos Protogeros, Katerina Tzafilkou",International Journal of Computer Integrated Manufacturing,30,4-5,p472 - p482,2017,10.1080/0951192x.2015.1030697,14-Apr-2015,https://doi.org/10.1080/0951192x.2015.1030697,561.0,7.0
A fast scene geometric modeling approach for digital twins combining neural rendering and model retrieval,"Jingsong Bao, Chaofan Lv, Zhiqiang Sun, Hangbin Zheng",International Journal of Computer Integrated Manufacturing,38,4,p501 - p519,2025,10.1080/0951192x.2024.2350539,13-May-2024,https://doi.org/10.1080/0951192x.2024.2350539,245.0,7.0
"Big tech, knowledge predation and the implications for development","Bengt-Åke Lundvall, Cecilia Rikap",Innovation and Development,12,3,p389 - p416,2022,10.1080/2157930x.2020.1855825,07-Dec-2020,https://doi.org/10.1080/2157930x.2020.1855825,4833.0,91.0
Understanding vulnerabilities in cyber physical production systems,"Zied Ghrairi, Muhammad Idrees, Azfar Khalid, Zeashan Hameed Khan, Pierre Kirisci, Jürgen Pannek, Klaus-Dieter Thoben",International Journal of Computer Integrated Manufacturing,35,6,p569 - p582,2022,10.1080/0951192x.2021.1992656,28-Oct-2021,https://doi.org/10.1080/0951192x.2021.1992656,3536.0,34.0
A review and assessment of 3D CAD model retrieval in machine-part design,"Maolin Cai, Fangwei Ning, Yan Shi, Xiaomeng Tong, Weiqing Xu",International Journal of Computer Integrated Manufacturing,38,6,p752 - p774,2025,10.1080/0951192x.2024.2382196,23-Jul-2024,https://doi.org/10.1080/0951192x.2024.2382196,883.0,10.0
Automated fault detection for additive manufacturing using vibration sensors,"Antônio Augusto Fröhlich, Roberto Milton Scheffel, Marco Silvestri",International Journal of Computer Integrated Manufacturing,34,5,p500 - p514,2021,10.1080/0951192x.2021.1901316,22-Mar-2021,https://doi.org/10.1080/0951192x.2021.1901316,1789.0,55.0
JavaScript MEAN stack application approach for real-time nonconformity management in SMEs as a quality control aspect within Industry 4.0 concept,"Milan Erić, Yury Klochkov, Milan Mišić, Tijana Petrović, Miladin Stefanovic, Aleksandar Đorđević",International Journal of Computer Integrated Manufacturing,37,5,p630 - p651,2024,10.1080/0951192x.2023.2228274,26-Jun-2023,https://doi.org/10.1080/0951192x.2023.2228274,181.0,5.0
Fast inline inspection: vision system for geometric deviation measurement and early defect detection in smart manufacturing,"Horacio Ahuett-Garza, Pedro Orta-Castanon, Christopher Saldana, Alberto Vazquez-Nava",International Journal of Computer Integrated Manufacturing,39,7,p913 - p936,2026,10.1080/0951192x.2025.2503316,10-May-2025,https://doi.org/10.1080/0951192x.2025.2503316,104.0,1.0
Toward cyber-physical systems for monitoring and analyzing energy consumption of machine tools,"Hyoung Seok Kang, Ju Yeon Lee",International Journal of Computer Integrated Manufacturing,37,12,p1495 - p1516,2024,10.1080/0951192x.2024.2314778,23-Feb-2024,https://doi.org/10.1080/0951192x.2024.2314778,280.0,6.0
Exploiting a combined process mining approach to enhance the discovery and analysis of support processes in manufacturing,"Antonio Davide Ciappina, Giovanni Lugaresi, Andrea Matta, Monica Rossi",International Journal of Computer Integrated Manufacturing,36,2,p169 - p189,2023,10.1080/0951192x.2022.2090024,22-Jun-2022,https://doi.org/10.1080/0951192x.2022.2090024,632.0,9.0
Assessing smart manufacturing by combining IT systems and enabling technologies in a fuzzy cognitive maturity model,"Andreas S Andreou, Margherita Bernabei, Andreas Christoforou, Silvia Colabianchi, Francesco Costantino, Francesco Leotta, Jerin George Mathew, Massimo Mecella, Flavia Monti",International Journal of Computer Integrated Manufacturing,39,6,p842 - p864,2026,10.1080/0951192x.2025.2501582,08-May-2025,https://doi.org/10.1080/0951192x.2025.2501582,254.0,4.0
Barriers and strategies of smart factory evolution in industry 4.0: an empirical study,"Anthony Bagherian, Subhodeep Mukherjee, Arun Lal Srivastav",International Journal of Computer Integrated Manufacturing,39,1,p65 - p97,2026,10.1080/0951192x.2025.2461055,11-Feb-2025,https://doi.org/10.1080/0951192x.2025.2461055,398.0,9.0
Determination of the machine energy consumption profiles in the mass-customised manufacturing,"Rafal Cupek, Marek Drewniak, Adam Ziebinski, Dariusz Zonenberg",International Journal of Computer Integrated Manufacturing,31,6,p537 - p561,2018,10.1080/0951192x.2017.1339914,12-Jun-2017,https://doi.org/10.1080/0951192x.2017.1339914,515.0,25.0
A novel fluid architecture for cyber-physical production systems,"R Beregi, I Mezgár, G Pedone",International Journal of Computer Integrated Manufacturing,32,4-5,p340 - p351,2019,10.1080/0951192x.2019.1571239,17-Feb-2019,https://doi.org/10.1080/0951192x.2019.1571239,507.0,19.0
A novel real data-driven springback prediction method for roll forming based on digital twin,"Jie Dong, Junlang Guo, Yinwang Ren, Yong Sun, Kang Wu, Junfeng Xiao, Ziliu Xiong",International Journal of Computer Integrated Manufacturing,39,2,p318 - p337,2026,10.1080/0951192x.2025.2478012,20-Mar-2025,https://doi.org/10.1080/0951192x.2025.2478012,405.0,1.0
Production planning and scheduling in Cyber-Physical Production Systems: a review,"Mariano Frutos, Daniel Alejandro Rossit, Fernando Tohmé",International Journal of Computer Integrated Manufacturing,32,4-5,p385 - p395,2019,10.1080/0951192x.2019.1605199,19-Apr-2019,https://doi.org/10.1080/0951192x.2019.1605199,2891.0,97.0
Digital twin-driven parameter change propagation path optimization for production line variant design,"Jiewu Leng, Qiang Liu, Douxi Yan, Jiafeng Yang, Ding Zhang",International Journal of Computer Integrated Manufacturing,,,p1 - p17,5187,10.1080/0951192x.2023.2294460,17-Dec-2023,https://doi.org/10.1080/0951192x.2023.2294460,297.0,8.0
"A cyber physical production system framework for online monitoring, visualization and control by using cloud, fog, and edge computing technologies","Christoph Herrmann, Rishi Kumar, Kuldip Singh Sangwan, Sachin Thakur",International Journal of Computer Integrated Manufacturing,36,10,p1507 - p1525,2023,10.1080/0951192x.2023.2189312,15-Mar-2023,https://doi.org/10.1080/0951192x.2023.2189312,1847.0,11.0
Research on dynamic scheduling and perception method of assembly resources based on digital twin,"Juan Li, Wengzhe Ren, Yao Wang, Yunrui Wang, Zhengli Wu",International Journal of Computer Integrated Manufacturing,37,1-2,p149 - p164,2024,10.1080/0951192x.2023.2257650,14-Sep-2023,https://doi.org/10.1080/0951192x.2023.2257650,263.0,10.0
A framework to integrate novelty detection and remaining useful life prediction in Industry 4.0-based manufacturing systems,"Laura Cattaneo, Marco Macchi, Adalberto Polenghi",International Journal of Computer Integrated Manufacturing,35,4-5,p388 - p408,2022,10.1080/0951192x.2021.1885062,18-Mar-2021,https://doi.org/10.1080/0951192x.2021.1885062,674.0,7.0
Surface roughness prediction framework for flank milling Ti6Al4V alloy based on CLBAS-BP algorithm,"Steven Y Liang, Xianli Liu, Yiyuan Qin, Yanming Sun, Lihui Wang, Xudong Wei, Caixu Yue",International Journal of Computer Integrated Manufacturing,36,6,p830 - p841,2023,10.1080/0951192x.2022.2145024,07-Dec-2022,https://doi.org/10.1080/0951192x.2022.2145024,351.0,2.0
Decision-making in smart manufacturing: A framework for performance measurement,"Milind Akarte, Kanchan Joshi, Shreyanshu Parhi",International Journal of Computer Integrated Manufacturing,36,2,p190 - p218,2023,10.1080/0951192x.2022.2048420,22-Mar-2022,https://doi.org/10.1080/0951192x.2022.2048420,1120.0,24.0
Information exchange and knowledge discovery for additive manufacturing digital thread: a comprehensive literature review,"Nabil Anwer, Renan Bonnard, Benoît Eynard, Chao Huang, Hailong Huang, Eujin Pei, Jinhua Xiao",International Journal of Computer Integrated Manufacturing,38,8,p1052 - p1077,2025,10.1080/0951192x.2024.2387768,14-Aug-2024,https://doi.org/10.1080/0951192x.2024.2387768,466.0,9.0
"Bibliometric Analysis of Artificial Intelligence Applications in Libraries: Trends, Authorship Patterns, and Global Collaboration","Anita Helen, Md Nurul Islam",The Serials Librarian,87,3-4,p165 - p182,2026,10.1080/0361526x.2026.2640464,12-Mar-2026,https://doi.org/10.1080/0361526x.2026.2640464,246.0,1.0
A Digital Twin-based paradigm for programming and control of cooperating robots in reconfigurable production systems,"Fotios Panagiotis Basamakis, Angelos Christos Bavelos, Dimosthenis Dimosthenopoulos, Christos Glykos, Sotiris Makris, Georgios Mountzouridis",International Journal of Computer Integrated Manufacturing,38,10,p1443 - p1463,2025,10.1080/0951192x.2024.2428683,15-Nov-2024,https://doi.org/10.1080/0951192x.2024.2428683,2943.0,14.0
Artificial intelligence research in organizations: a bibliometric approach,"Yangjie Lai, Dege Liu, Peng Liu",Cogent Business & Management,11,1,,2024,10.1080/23311975.2024.2408439,27-Sep-2024,https://doi.org/10.1080/23311975.2024.2408439,2823.0,13.0
Development of machine tool communication method and its edge middleware for cyber-physical manufacturing systems,"Xiaoqing Frank Liu, Md Rakib Shahriar, S M Nahian al Sunny",International Journal of Computer Integrated Manufacturing,36,7,p1009 - p1030,2023,10.1080/0951192x.2022.2162596,01-Jan-2023,https://doi.org/10.1080/0951192x.2022.2162596,188.0,5.0
Approaching the human in the loop - legal perspectives on hybrid human/algorithmic decision-making in three contexts,"Therese Enarsson, Lena Enqvist, Markus Naarttijärvi",Information & Communications Technology Law,31,1,p123 - p153,2022,10.1080/13600834.2021.1958860,27-Jul-2021,https://doi.org/10.1080/13600834.2021.1958860,15621.0,91.0
A multi-agent and internet of things framework of digital twin for optimized manufacturing control,"Qingwei Nie, Hongwei Sun, Dunbing Tang, Haihua Zhu",International Journal of Computer Integrated Manufacturing,35,10-11,p1205 - p1226,2022,10.1080/0951192x.2021.2004619,02-Dec-2021,https://doi.org/10.1080/0951192x.2021.2004619,1603.0,24.0
Ant colony algorithm and grey relation theory for manufacturing resources optimal allocation towards industry 5.0,"Shunsheng Guo, Lang Huang, Deming Lei, Hongtao Tang, Shupeng Wei, Liang Zhang, Mengzhen Zhuang",International Journal of Computer Integrated Manufacturing,39,6,p749 - p771,2026,10.1080/0951192x.2025.2455651,12-Feb-2025,https://doi.org/10.1080/0951192x.2025.2455651,210.0,2.0
Digital-twin-based job shop multi-objective scheduling model and strategy,"Xufeng Ling, Liyun Xu, Beikun Zhang, Zhuo Zhou",International Journal of Computer Integrated Manufacturing,37,1-2,p87 - p107,2024,10.1080/0951192x.2023.2204475,04-May-2023,https://doi.org/10.1080/0951192x.2023.2204475,805.0,24.0
Exploring artificial intelligence adoption in public organizations: a comparative case study,"Katharina Guirguis, Oliver Neumann, Reto Steiner",Public Management Review,26,1,p114 - p141,2024,10.1080/14719037.2022.2048685,20-Mar-2022,https://doi.org/10.1080/14719037.2022.2048685,83509.0,363.0
Digital twin of micro-milling process for micro-tool wear,"A S Baskoro, Christiand, G Kiswanto, T J Ko",International Journal of Computer Integrated Manufacturing,38,12,p1844 - p1869,2025,10.1080/0951192x.2025.2461034,12-Feb-2025,https://doi.org/10.1080/0951192x.2025.2461034,387.0,6.0
Sustainable smart manufacturing through digital Servitization: a systematic literature review using use cases,"Angappa Gunasekaran, Sudhanshu Joshi, Tanuja Joshi, Manu Sharma",International Journal of Computer Integrated Manufacturing,,,p1 - p38,5187,10.1080/0951192x.2026.2622987,09-Feb-2026,https://doi.org/10.1080/0951192x.2026.2622987,2088.0,4.0
From the editor's desk,Shailendra Palvia,Journal of Information Technology Case and Application Research,21,2,p65 - p67,2019,10.1080/15228053.2019.1639899,09-Aug-2019,https://doi.org/10.1080/15228053.2019.1639899,393.0,0.0
"The quality movement: where are we going? Past, present and future","Xiaojing Sun, Decheng Wen, Dongwei Yan",Total Quality Management & Business Excellence,33,1-2,p92 - p112,2022,10.1080/14783363.2020.1801342,10-Aug-2020,https://doi.org/10.1080/14783363.2020.1801342,1365.0,22.0
A framework for credit-driven smart manufacturing service configuration based on complex networks,"Cheng Qian, Shijie Wang, Dang Zhang, Yingfeng Zhang",International Journal of Computer Integrated Manufacturing,35,10-11,p1107 - p1132,2022,10.1080/0951192x.2021.1879400,19-Apr-2021,https://doi.org/10.1080/0951192x.2021.1879400,536.0,2.0
Application and Criminalization of the Artificial Intelligence in Business: Recommendation to Counter the Regulatory Challenges,Arif Mahmud,Journal of Applied Security Research,18,4,p689 - p699,2023,10.1080/19361610.2022.2079939,27-May-2022,https://doi.org/10.1080/19361610.2022.2079939,760.0,2.0
Digital twin-enabled reconfigurable modeling for smart manufacturing systems,"Jiayi Liu, Zhihao Liu, Duc Truong Pham, Wenjun Xu, Chenyuan Zhang, Zude Zhou",International Journal of Computer Integrated Manufacturing,34,7-8,p709 - p733,2021,10.1080/0951192x.2019.1699256,24-Dec-2019,https://doi.org/10.1080/0951192x.2019.1699256,3660.0,83.0
Foreword,"Basant Agarwal, Anil Choudhary, C M Choudhary, Pranav Dass, Vaibhav Katewa, Ramesh C Poonia",Journal of Statistics and Management Systems,21,4,piii - piv,2018,10.1080/09720510.2018.1486002,19-Jun-2018,https://doi.org/10.1080/09720510.2018.1486002,202.0,0.0
From data to knowledge in four decades: a systematic literature review of human resource analytics,"Prodromos Chatzoglou, Dimitrios Chatzoudes, Despoina Ioakeimidou, Symeon Symeonidis",Journal of Management Analytics,12,1,p87 - p116,2025,10.1080/23270012.2025.2465236,17-Mar-2025,https://doi.org/10.1080/23270012.2025.2465236,637.0,4.0
Emerging clinical initiatives in pharmaceutical development: methodology and regulatory perspectives,"Nelson Lu, Herbert Pang",Journal of Biopharmaceutical Statistics,32,3,p357 - p358,2022,10.1080/10543406.2022.2080699,10-Jun-2022,https://doi.org/10.1080/10543406.2022.2080699,185.0,0.0
Understanding the intellectual structure and evolution of Competitive Intelligence: a bibliometric analysis from 1984 to 2017,"Hamurabi Gamboa-Rosales, Nadia Karina Gamboa-Rosales, José Ricardo López-Robles, Jose Ramón Otegi-Olaso, Igone Porto-Gomez",Technology Analysis & Strategic Management,32,5,p604 - p619,2020,10.1080/09537325.2019.1686136,04-Nov-2019,https://doi.org/10.1080/09537325.2019.1686136,1703.0,51.0
"Agile conceptual design and validation based on multi-source product data and large language models: a review, framework, and outlook","Jiancheng Chen, Tao Guo, Liang Hou, Shijiang Li, Ying Liu, Wanran Yang, Xingwei Zhou",Journal of Engineering Design,36,4,p473 - p503,2025,10.1080/09544828.2025.2476879,11-Mar-2025,https://doi.org/10.1080/09544828.2025.2476879,891.0,12.0
"Public administration with, of, and through AI: toward a new paradigm in the era of intelligence",Xufeng Zhu,Journal of Chinese Governance,11,1,p30 - p57,2026,10.1080/23812346.2025.2578589,04-Nov-2025,https://doi.org/10.1080/23812346.2025.2578589,10224.0,10.0
Mapping the Footprint of Artificial Intelligence (AI) in Marketing: A Bibliometric Review and Content Analysis of Scientific Literature,"Amal A., Saji Thazhungal Govindan Nair",Journal of Internet Commerce,,,p1 - p40,5187,10.1080/15332861.2026.2678335,06-Jun-2026,https://doi.org/10.1080/15332861.2026.2678335,227.0,2.0
Spark-based parallel many-objective service process optimization for correlation-aware cloud manufacturing,"Yanhua Du, Hongwei Guo, Huang Li, Helan Liang, Bingji Yan",International Journal of Computer Integrated Manufacturing,39,6,p792 - p812,2026,10.1080/0951192x.2025.2497476,02-May-2025,https://doi.org/10.1080/0951192x.2025.2497476,58.0,0.0
Implementation of artificial intelligence for brand equity,Yuhan Dong,Cogent Business & Management,12,1,,2025,10.1080/23311975.2025.2471538,27-Feb-2025,https://doi.org/10.1080/23311975.2025.2471538,6838.0,10.0
Advanced decision-making in higher education: learning analytics research and key performance indicators,"Naif Radi Aljohani, Dragan Gasevic, Miltiadis D Lytras, Patricia Ordonez de Pablos, Anna Visvizi",Behaviour & Information Technology,37,10-11,p937 - p940,2018,10.1080/0144929x.2018.1512940,20-Oct-2018,https://doi.org/10.1080/0144929x.2018.1512940,4123.0,32.0
Information Systems and Operations/Supply Chain Management: A Systematic Literature Review,"Liqiang Chen, Hans F Kishel, Abraham Y Nahm, Jean A Pratt",Journal of Computer Information Systems,63,2,p334 - p350,2023,10.1080/08874417.2022.2065649,03-May-2022,https://doi.org/10.1080/08874417.2022.2065649,1057.0,6.0
Design of intelligent manufacturing system based on digital twin for smart shop floors,"Zongyan Cai, Mengke Sun, Ningning Zhao",International Journal of Computer Integrated Manufacturing,36,4,p542 - p566,2023,10.1080/0951192x.2022.2128212,28-Sep-2022,https://doi.org/10.1080/0951192x.2022.2128212,1111.0,34.0
The role of artificial intelligence in sustainable finance,"Khaled Hussainey, Abdalmuttaleb M A Musleh Al-Sartawi, Anjum Razzaque",Journal of Sustainable Finance & Investment,,,p1 - p6,5187,10.1080/20430795.2022.2057405,07-Apr-2022,https://doi.org/10.1080/20430795.2022.2057405,38802.0,281.0
Social media in operations and supply chain management: State-of-the-Art and research directions,"Daniel Eyers, Shupeng Huang, Andrew Potter",International Journal of Production Research,58,6,p1893 - p1925,2020,10.1080/00207543.2019.1702228,20-Dec-2019,https://doi.org/10.1080/00207543.2019.1702228,3945.0,54.0
The method of cultivating employability of computer majors in colleges and universities based on data mining,Wei Wang,Journal of Control and Decision,10,1,p99 - p111,2023,10.1080/23307706.2022.2056094,29-Mar-2022,https://doi.org/10.1080/23307706.2022.2056094,165.0,1.0
"A conceptual framework for the cognitive enterprise: pillars, maturity, value drivers","Gianluca Elia, Alessandro Margherita",Technology Analysis & Strategic Management,34,4,p377 - p389,2022,10.1080/09537325.2021.1901874,18-Mar-2021,https://doi.org/10.1080/09537325.2021.1901874,988.0,24.0
Changing Roles of LIS Professionals: Exploring Library Schools' Curricula and Perspectives of Students in Nigeria,"Emmanuel Kolawole Adefila, Blessing Etukudo Ogunjimi, Oluchi Cecilia Okeke, Bolaji David Oladokun",The International Information & Library Review,58,1,p32 - p49,2026,10.1080/10572317.2025.2610138,06-Jan-2026,https://doi.org/10.1080/10572317.2025.2610138,174.0,2.0
Another essay about the future of work,Joey F George,Journal of Information Technology Case and Application Research,24,1,p3 - p11,2022,10.1080/15228053.2022.2046702,04-Apr-2022,https://doi.org/10.1080/15228053.2022.2046702,5527.0,1.0
Towards next-generation social media?,"Min Chen, Daqiang Zhang, Yin Zhang",New Review of Hypermedia and Multimedia,21,3-4,p197 - p198,2015,10.1080/13614568.2015.1118926,24-Dec-2015,https://doi.org/10.1080/13614568.2015.1118926,1068.0,0.0
Image information mining for EO applications,"Mihai Datcu, Lionel Gueguen, Roger King, Pier Giorgio Marchetti",International Journal of Image and Data Fusion,3,3,p199 - p201,2012,10.1080/19479832.2012.714091,17-Aug-2012,https://doi.org/10.1080/19479832.2012.714091,125.0,0.0
Unleashing the power of social media data in business decision making: an exploratory study,"Fernando Fastoso, Ying Kei Tse, Li Xinwei",Enterprise Information Systems,18,1,,2024,10.1080/17517575.2023.2243603,04-Sep-2023,https://doi.org/10.1080/17517575.2023.2243603,551.0,2.0
Navigating the nexus of innovation and insight: an umbrella review and thematic clustering of smart tourism evolution,"János Csapó, Szabina Végi",Current Issues in Tourism,29,10,p1889 - p1907,2026,10.1080/13683500.2025.2462973,13-Feb-2025,https://doi.org/10.1080/13683500.2025.2462973,2859.0,5.0
Data Analytics Applications in Latin America and Emerging Economies,Robert Vinaja,Journal of Global Information Technology Management,23,1,p79 - p81,2020,10.1080/1097198x.2019.1701728,06-Dec-2019,https://doi.org/10.1080/1097198x.2019.1701728,81.0,1.0
Practice and prospects of artificial intelligence technology empowering statistical investigation of water conservancy construction investment,"Zhang Lan, Wu Qiang, Guo Yue",Digital Water,4,1,,2026,10.1080/28375807.2026.2725895,02-Sep-2026,https://doi.org/10.1080/28375807.2026.2725895,39.0,0.0
Artificial Intelligence and Human Resources Management: A Bibliometric Analysis,"A Badicu, P Baena-Luna, J C Infante-Moro, P R Palos-Sánchez",Applied Artificial Intelligence,36,1,,2022,10.1080/08839514.2022.2145631,18-Nov-2022,https://doi.org/10.1080/08839514.2022.2145631,57509.0,147.0
Theorising Data-Driven Innovation Capabilities to Survive and Thrive in the Digital Economy,"Shahriar Akter, Elias Kyriazis, Saida Sultana",Journal of Strategic Marketing,,,p1 - p27,5187,10.1080/0965254x.2021.2013934,20-Jan-2022,https://doi.org/10.1080/0965254x.2021.2013934,1778.0,32.0
Artificial Intelligence (AI)-based Customer Relationship Management (CRM): a comprehensive bibliometric and systematic literature review with outlook on future research,"Mohammad Jahanbakht, Dervis Ozay, Atefeh Shoomal, Shouyi Wang",Enterprise Information Systems,18,7,,2024,10.1080/17517575.2024.2351869,15-May-2024,https://doi.org/10.1080/17517575.2024.2351869,2775.0,54.0
Similarity-matching in decision-making processes of Supply Chain Analytics: a systematic literature review,Tino T Herden,Supply Chain Forum: An International Journal,18,1,p13 - p20,2017,10.1080/16258312.2017.1278670,12-Jan-2017,https://doi.org/10.1080/16258312.2017.1278670,387.0,7.0
Meeting the growing safeguards burden,"Noah Mayhew, Ian J Stewart",The Nonproliferation Review,26,5-6,p519 - p536,2019,10.1080/10736700.2019.1702317,27-Jan-2020,https://doi.org/10.1080/10736700.2019.1702317,416.0,3.0
The role of data science and data analytics for innovation: a literature review,"Pedro Natividade Joergensen, Michael Zaggl",Journal of Business Analytics,,,p1 - p17,5187,10.1080/2573234x.2024.2365917,19-Jun-2024,https://doi.org/10.1080/2573234x.2024.2365917,8078.0,10.0
Artificial intelligence in the judiciary: a systematic literature review on the practical applications,"Joke Baeck, Thomas Demeester, Klaas Mulier, Stijn van Ruymbeke",Information & Communications Technology Law,,,p1 - p33,5187,10.1080/13600834.2026.2644818,18-Mar-2026,https://doi.org/10.1080/13600834.2026.2644818,4805.0,0.0
Artificial intelligence marketing (AIM): connecting-the-dots using bibliometrics,"Shaista Anayat, Gowhar Rasool",Journal of Marketing Theory and Practice,32,1,p114 - p135,2024,10.1080/10696679.2022.2103435,24-Aug-2022,https://doi.org/10.1080/10696679.2022.2103435,2801.0,65.0
The Landscape of CRM Research: A Bibliometric Analysis of Key Trends and Future Directions,Shaista Jabeen,Journal of Relationship Marketing,24,4,p358 - p398,2025,10.1080/15332667.2025.2462884,21-Feb-2025,https://doi.org/10.1080/15332667.2025.2462884,455.0,5.0
"Benefits, challenges, critical success factors and motivations of Quality 4.0 - A qualitative global study","Jiju Antony, Shreeranga Bhat, Elizabeth A Cudney, Mehran Doulatabadi, Olivia McDermott, Michael Sony, Aidan Toner",Total Quality Management & Business Excellence,34,7-8,p827 - p846,2023,10.1080/14783363.2022.2113737,12-Sep-2022,https://doi.org/10.1080/14783363.2022.2113737,2851.0,68.0
Leveraging artificial intelligence: the machine/human agentic impact on evolving practices in learning & development,"Debolina Dutta, Anasha Kannan Poyil",Behaviour & Information Technology,,,p1 - p21,5187,10.1080/0144929x.2025.2496722,06-May-2025,https://doi.org/10.1080/0144929x.2025.2496722,1101.0,9.0
Constructing a Course on Classification Methods for Undergraduate Non-STEM Students: Striving to Reach Knowledge Discovery,"Roy Gelbard, Anna Khalemsky, Yelena Stukalin",Journal of Statistics and Data Science Education,33,1,p68 - p76,2025,10.1080/26939169.2024.2320218,29-Mar-2024,https://doi.org/10.1080/26939169.2024.2320218,2019.0,1.0
Scientific mapping of smart tourism: a content analysis study,"Ahmet Aslan, Hande Uyar Oğuz, Hakan Özköse",Asia Pacific Journal of Tourism Research,28,9,p923 - p948,2023,10.1080/10941665.2023.2283601,29-Nov-2023,https://doi.org/10.1080/10941665.2023.2283601,914.0,11.0
The role of Industry 4.0 technologies in the transition to a circular economy: a practice perspective,"Gustavo Cattelan Nobre, Elaine Tavares","Sustainability: Science, Practice and Policy",19,1,,2023,10.1080/15487733.2023.2289260,08-Dec-2023,https://doi.org/10.1080/15487733.2023.2289260,2657.0,10.0
Leading scholars in Production Research for the 55th volume anniversary of IJPR,Alexandre Dolgui,International Journal of Production Research,56,1-2,p1 - p9,2018,10.1080/00207543.2018.1429119,23-Mar-2018,https://doi.org/10.1080/00207543.2018.1429119,3094.0,33.0
Leveraging generative artificial intelligence for sustainable business model innovation in production systems,"Shaofeng Wang, Hao Zhang",International Journal of Production Research,63,18,p6732 - p6757,2025,10.1080/00207543.2025.2485318,07-Apr-2025,https://doi.org/10.1080/00207543.2025.2485318,4644.0,58.0
Digital innovation: theoretical framework and research outlook,"Qingxiu Lin, Rui Sun",Technology Analysis & Strategic Management,,,p1 - p17,5187,10.1080/09537325.2025.2595454,30-Nov-2025,https://doi.org/10.1080/09537325.2025.2595454,147.0,0.0
"Instrumenting an Agile Data Ecosystem for Intelligent Infrastructure Research, Education, and Development",Yi Shen,New Review of Information Networking,23,1-2,p59 - p82,2018,10.1080/13614576.2018.1537801,11-Apr-2019,https://doi.org/10.1080/13614576.2018.1537801,237.0,4.0
Strategic issues in digital transformation of HR management: systematic literature review and text mining,"Myriam Caratù, Nikolay Dragomirov, Antonio Iovanella, Sanja Vlahovic",Technology Analysis & Strategic Management,37,13,p4690 - p4707,2025,10.1080/09537325.2025.2467930,24-Feb-2025,https://doi.org/10.1080/09537325.2025.2467930,1029.0,10.0
"Artificial Intelligence and Filipino Academic Librarians: Perceptions, Challenges and Opportunities","Anna Rita L Alomo, Lejempf V Flores, Lady Catherine R de Leon",Journal of the Australian Library and Information Association,73,1,p66 - p83,2024,10.1080/24750158.2024.2305993,01-Feb-2024,https://doi.org/10.1080/24750158.2024.2305993,1585.0,31.0
"Artificial intelligence and information warfare in major power states: how the US, China, and Russia are using artificial intelligence in their information warfare and influence operations","Craig D Albert, Christopher Hennigan, Lance Y Hunter, Josh Rutland, Kristen Topping",Defense & Security Analysis,40,2,p235 - p269,2024,10.1080/14751798.2024.2321736,05-Mar-2024,https://doi.org/10.1080/14751798.2024.2321736,6595.0,28.0
Reimagining the Future of IJPA: A Vision for 2025 and Beyond,"Katherine Barrett, Gang Chen, Rich Greene, Daniel Hawes, Philip Karré, Jiaqi Liang, Elaine Lu, Liang Ma, Aroon Manoharan, Seth Meyer, Alisa Moldavanova, Greta Nasi, Oliver Neumann, Sungho Park, Hang Qi, Yu Shi, Chengwei Wang, Meng Ye, Barbara Zyzak",International Journal of Public Administration,48,7,p407 - p410,2025,10.1080/01900692.2025.2501642,26-May-2025,https://doi.org/10.1080/01900692.2025.2501642,891.0,0.0
Design Science in the Context of the Tourism Sector: A Scoping Review,"Francisco Antônio Dos Anjos, Sara Joana Gadotti Dos Anjos, Vitor Roslindo Kuhn",Journal of Hospitality & Tourism Education,37,4,p461 - p472,2025,10.1080/10963758.2024.2390115,22-Oct-2024,https://doi.org/10.1080/10963758.2024.2390115,165.0,0.0
Deployment of generative artificial intelligence to enhance organisational resilience: empirical evidence from the logistics industry,"Ahmed Zainul Abideen, Huilan Chen, Xiaoning Chen, Sebastian Elgueta, Yue Hou, Guoqing Zhao",Journal of Decision Systems,35,1,,2026,10.1080/12460125.2026.2675048,21-May-2026,https://doi.org/10.1080/12460125.2026.2675048,814.0,1.0
Human centric innovation at the heart of industry 5.0 - exploring research challenges and opportunities,"Lian Duan, Ling Li",International Journal of Production Research,64,12,p4901 - p4933,2026,10.1080/00207543.2025.2462657,02-Mar-2025,https://doi.org/10.1080/00207543.2025.2462657,4254.0,44.0
Exploring digital solutions for sustainable production: academic insights and practical applications,"Rosley Anholon, Gustavo Hermínio Salati Marcondes de Moraes, Angélica Pigola, Priscila Rezende da Costa, Fernando de Souza Meirelles",International Journal of Sustainable Engineering,18,1,,2025,10.1080/19397038.2025.2453938,27-Jan-2025,https://doi.org/10.1080/19397038.2025.2453938,1493.0,4.0
Duty to protect and responsibility to respect: data privacy violations in pandemic times,"Danielle Anne Pamplona, Dânton Hilário Zanetti de Oliveira, Cinthia Obladen de Almendra Freitas",The International Journal of Human Rights,26,8,p1313 - p1332,2022,10.1080/13642987.2021.2007078,06-Dec-2021,https://doi.org/10.1080/13642987.2021.2007078,566.0,0.0
Facing the era of smartness - delivering excellent smart hospitality experiences through cloud computing,Hsuan Hsu,Journal of Hospitality Marketing & Management,33,3,p333 - p359,2024,10.1080/19368623.2023.2251144,28-Aug-2023,https://doi.org/10.1080/19368623.2023.2251144,1025.0,18.0
Chatbot applications in government frontline services: leveraging artificial intelligence and data governance to reduce problems and increase effectiveness,"Don-Yun Chen, Bo-Ya Hsu, Chian-Wen Wang",Asia Pacific Journal of Public Administration,46,4,p488 - p511,2024,10.1080/23276665.2024.2397677,02-Sep-2024,https://doi.org/10.1080/23276665.2024.2397677,700.0,10.0
Industry 4.0: Clustering of concepts and characteristics,"Dinara Dikhanbayeva, Sabit Shaikholla, Essam Shehab, Zhanybek Suleiman, Ali Turkyilmaz",Cogent Engineering,9,1,,2022,10.1080/23311916.2022.2034264,21-Feb-2022,https://doi.org/10.1080/23311916.2022.2034264,24726.0,115.0
"AI-governed audit assurance: A conceptual framework integrating predictive intelligence, governance controls, and continuous assurance",Naveen Nandal,EDPACS,,,p1 - p21,5187,10.1080/07366981.2026.2667950,10-May-2026,https://doi.org/10.1080/07366981.2026.2667950,82.0,2.0
An integrative framework of organizational augmented intelligence (AI+) for smarter organizations,"Antoine Harfouche, Mario Saba, Peter Saba",Journal of Decision Systems,35,1,,2026,10.1080/12460125.2026.2714651,07-Aug-2026,https://doi.org/10.1080/12460125.2026.2714651,209.0,0.0
Defining business analytics: an empirical approach,"M Daly, C Heavin, J McDermott, D J Power",Journal of Business Analytics,1,1,p40 - p53,2018,10.1080/2573234x.2018.1507605,23-Aug-2018,https://doi.org/10.1080/2573234x.2018.1507605,61830.0,64.0
Implementation of an intelligent supply chain control tower: a socio-technical systems case study,Ilias Vlachos,Production Planning & Control,34,15,p1415 - p1431,2023,10.1080/09537287.2021.2015805,13-Dec-2021,https://doi.org/10.1080/09537287.2021.2015805,2845.0,54.0
The Digital Edge: A Systematic Review of AI-Driven Competitive Advantage,"Duarte Condeço, João J Ferreira, Justin Z Zhang",Journal of Computer Information Systems,,,p1 - p15,5187,10.1080/08874417.2026.2615088,29-Jan-2026,https://doi.org/10.1080/08874417.2026.2615088,365.0,3.0
Digital health competences and AI beliefs as conditions for the practice of evidence-based medicine: a study of prospective physicians in Canada,"Guy Paré, Louis Raymond, Mickaël Ringeval, Gerit Wagner",Medical Education Online,30,1,,2025,10.1080/10872981.2025.2459910,31-Jan-2025,https://doi.org/10.1080/10872981.2025.2459910,3854.0,8.0
Artificial Intelligence and Information Literacy in Higher Education Institutions: Global Publication Trends and Patterns,"Amirah Saad ALZahrani, Kamal Ahmad, Parvez Ahmad, Akhtar Hussain",The International Information & Library Review,58,1,p67 - p87,2026,10.1080/10572317.2026.2614894,18-Jan-2026,https://doi.org/10.1080/10572317.2026.2614894,529.0,3.0
Rethinking supply chains in the age of digitalization,"Samuel Fosso Wamba, Gary Graham, Patrick A Hennelly, Jagjit Singh Srai",Production Planning & Control,31,2-3,p93 - p95,2020,10.1080/09537287.2019.1631469,04-Dec-2019,https://doi.org/10.1080/09537287.2019.1631469,12053.0,62.0
"Computation, data and AI in Anthropocene history","Johan Gärdebo, Adam Wickberg",History and Technology,39,3-4,p328 - p346,2023,10.1080/07341512.2024.2330724,08-Apr-2024,https://doi.org/10.1080/07341512.2024.2330724,4340.0,9.0
2018 R&D Trends Forecast,,Research-Technology Management,61,1,p23 - p34,2018,10.1080/08956308.2018.1399021,02-Jan-2018,https://doi.org/10.1080/08956308.2018.1399021,873.0,8.0
Integrating artificial intelligence and human resource management: a review and future research agenda,"Timothy Bartram, Di Fan, Qinyan Gong",The International Journal of Human Resource Management,36,1,p103 - p141,2025,10.1080/09585192.2024.2440065,27-Dec-2024,https://doi.org/10.1080/09585192.2024.2440065,7705.0,84.0
Discovering Latent Topics and Trends in Digital Technologies and Disaster Management Research: A Structural Topic Modeling Approach,"Vinit Ghosh, Gaurav Kabra, Rohan Mukherjee",Engineering Management Journal,37,5,p505 - p521,2025,10.1080/10429247.2024.2345526,22-May-2024,https://doi.org/10.1080/10429247.2024.2345526,579.0,10.0
A framework for evaluating the barriers to adopting Industry 4.0 in Indian SMEs: an approach of best-worst method,"Pravin Kumar, Roshan Kumar, Garima Sharma, Rajesh Kumar Singh, Anurika Vaish",Journal of Management Analytics,11,4,p705 - p737,2024,10.1080/23270012.2024.2362645,12-Sep-2024,https://doi.org/10.1080/23270012.2024.2362645,432.0,3.0
Marketing 5.0: Technology for Humanity,Abhijit Roy,Journal of International Consumer Marketing,37,2,p173 - p176,2025,10.1080/08961530.2024.2448649,04-Jan-2025,https://doi.org/10.1080/08961530.2024.2448649,1188.0,7.0
Systematic review: a bibliometric analysis of building technology and its potential applications to artificial intelligence in the field of cultural heritage conservation from 2013 to 2023,"Bo Li, Weicong Li, Yong Long Lim",Journal of Asian Architecture and Building Engineering,25,2,p1021 - p1043,2026,10.1080/13467581.2025.2467251,20-Feb-2025,https://doi.org/10.1080/13467581.2025.2467251,4664.0,19.0
"The Impact of Digital Intelligence Transformation on Manufacturing Enterprises' Operational Efficiency: Evidence from Human Capital Quality, Management Efficiency, and Innovation Capability","Xiqiong He, Lan Lan, Hefeng Li",Emerging Markets Finance and Trade,,,p1 - p13,5187,10.1080/1540496x.2026.2677624,10-Jun-2026,https://doi.org/10.1080/1540496x.2026.2677624,79.0,0.0
Examining Factors that Influence Intent to Adopt Data Science,"Cheryl Aasheim, Hayden Wimmer",Journal of Computer Information Systems,59,1,p43 - p51,2019,10.1080/08874417.2017.1295790,13-Apr-2017,https://doi.org/10.1080/08874417.2017.1295790,621.0,5.0
Systematic Literature Review on Knowledge Graphs in Construction Management from a Multi-Modal Perspective,"Shaohua Jiang, Jingqi Zhang",International Journal of Human–Computer Interaction,41,5,p2788 - p2807,2025,10.1080/10447318.2024.2387421,16-Aug-2024,https://doi.org/10.1080/10447318.2024.2387421,881.0,3.0
Artificial intelligence-driven supply chain resilience in Vietnamese manufacturing small- and medium-sized enterprises,"Amelie Abadie, Soumyadeb Chowdhury, Prasanta Kumar Dey, Sobhan Sarkar, Emilia Vann Yaroson",International Journal of Production Research,62,15,p5417 - p5456,2024,10.1080/00207543.2023.2179859,23-Mar-2023,https://doi.org/10.1080/00207543.2023.2179859,17132.0,266.0
"Varieties of corporate innovation systems and their interplay with global and national systems: Amazon, Facebook, Google and Microsoft's strategies to produce and appropriate artificial intelligence",Cecilia Rikap,Review of International Political Economy,31,6,p1735 - p1763,2024,10.1080/09692290.2024.2365757,24-Jun-2024,https://doi.org/10.1080/09692290.2024.2365757,14531.0,31.0
Bias in Using AI for Recruiting: Legal Considerations,"Danielle R Lombardi, Cathy A Rusinko, Janice C Sipior, Burke T Ward",Information Systems Management,,,p1 - p14,5187,10.1080/10580530.2023.2294453,14-Dec-2023,https://doi.org/10.1080/10580530.2023.2294453,2097.0,10.0
"Researched topics, patterns, barriers and enablers of artificial intelligence implementation in supply chain: a Latent-Dirichlet-allocation-based topic-modelling and expert validation","Ismail Badraoui, Samuel Fosso Wamba, Youssra Riahi, Tarik Saikouk",Production Planning & Control,36,5,p565 - p592,2025,10.1080/09537287.2023.2286523,04-Dec-2023,https://doi.org/10.1080/09537287.2023.2286523,1537.0,22.0
Industry 4.0 digital transformation and opportunities for supply chain resilience: a comprehensive review and a strategic roadmap,"Behzad Foroughi, Morteza Ghobakhloo, Mohammad Iranmanesh, Ahmad A A Khanfar, Davoud Nikbin, Ming-Lang Tseng",Production Planning & Control,36,1,p61 - p91,2025,10.1080/09537287.2023.2252376,11-Sep-2023,https://doi.org/10.1080/09537287.2023.2252376,25558.0,154.0
Artificial intelligence in green production and industrial engineering: challenges and future perspectives,"Taufik Kurrahman, Ming K Lim, Kanchana Sethanan, Feng Ming Tsai, Ming-Lang Tseng",Journal of Industrial and Production Engineering,43,4,p530 - p551,2026,10.1080/21681015.2025.2592550,23-Nov-2025,https://doi.org/10.1080/21681015.2025.2592550,171.0,1.0
"The emergence of cognitive digital twin: vision, challenges and opportunities","Dimitris Kiritsis, Jinzhi Lu, Xiaochen Zheng",International Journal of Production Research,60,24,p7610 - p7632,2022,10.1080/00207543.2021.2014591,24-Dec-2021,https://doi.org/10.1080/00207543.2021.2014591,30192.0,309.0
Dynamic adaptive mechanism for construction investment decision-making under multi-factor interactions: risk-oriented modelling framework with pathways to digital twin,"Guangfeng Cheng, Dong Luo",Digital Twin,3,2,,2026,10.1080/27525783.2025.2570262,11-Nov-2025,https://doi.org/10.1080/27525783.2025.2570262,1035.0,1.0
2023 R&D Trends Forecast,,Research-Technology Management,66,1,p16 - p25,2023,10.1080/08956308.2023.2142436,20-Dec-2022,https://doi.org/10.1080/08956308.2023.2142436,546.0,5.0
Industry 4.0 in the Perspective of Supply Chain Management: Evolution and Future Research Agenda,"Parthiban Palanisamy, Kamlesh Pant",Engineering Management Journal,37,1,p52 - p70,2025,10.1080/10429247.2024.2350287,13-May-2024,https://doi.org/10.1080/10429247.2024.2350287,557.0,5.0
Artificial Intelligence and the UK Construction Industry - Empirical Study,"Haddy Jallow, Farzad Rahimian, Suresh Renukappa, Subashini Suresh",Engineering Management Journal,35,4,p420 - p433,2023,10.1080/10429247.2022.2147381,15-Dec-2022,https://doi.org/10.1080/10429247.2022.2147381,2682.0,18.0
Operational shipping intelligence through distributed cloud computing,"Dragos Sebastian Cristea, Abbas Mardani, Khalil Md Nor, Liliana Mihaela Moga, Mihaela Neculita, Olegas Prentkovskis",Journal of Business Economics and Management,18,4,p695 - p725,2017,10.3846/16111699.2017.1329162,27-Aug-2017,https://doi.org/10.3846/16111699.2017.1329162,50.0,15.0
A MATURITY CAPABILITY FRAMEWORK FOR SECURITY OPERATION CENTER,"Yassine Maleh, Karim Ouazzane, Issam Taqafi",EDPACS,67,3,p21 - p38,2023,10.1080/07366981.2023.2159047,29-Dec-2022,https://doi.org/10.1080/07366981.2023.2159047,385.0,7.0
An integrated artificial intelligence framework for public management,"Wilhelm M Müller, Bernd W Wirtz",Public Management Review,21,7,p1076 - p1100,2019,10.1080/14719037.2018.1549268,03-Dec-2018,https://doi.org/10.1080/14719037.2018.1549268,8070.0,241.0
Explainable artificial intelligence in the talent recruitment process-a literature review,"Lin Pan, Fang Tang, Feng Yao, Gening Zhang",Cogent Business & Management,12,1,,2025,10.1080/23311975.2025.2570881,13-Oct-2025,https://doi.org/10.1080/23311975.2025.2570881,9022.0,7.0
"The dark side of the industrialisation of accountancy: innovation, commoditization, colonization and competitiveness","John R Bryson, Emma C Gardner",Industry and Innovation,28,1,p42 - p57,2021,10.1080/13662716.2020.1738915,12-Mar-2020,https://doi.org/10.1080/13662716.2020.1738915,2305.0,23.0
Envisioning Building-as-Energy-Service in the European context. From a literature review to a conceptual framework,"Massimiliano Manfren, Maurizio Sibilla",Architectural Engineering and Design Management,18,4,p495 - p520,2022,10.1080/17452007.2021.1910924,07-Apr-2021,https://doi.org/10.1080/17452007.2021.1910924,2735.0,6.0
Artificial Intelligence and the Public Sector-Applications and Challenges,"Carolin Geyer, Jan C Weyerer, Bernd W Wirtz",International Journal of Public Administration,42,7,p596 - p615,2019,10.1080/01900692.2018.1498103,24-Jul-2018,https://doi.org/10.1080/01900692.2018.1498103,39090.0,1033.0
The role of artificial intelligence in supply chain management: mapping the territory,"Angappa Gunasekaran, Hokey Min, Ziaul Haque Munim, Rohit Sharma, Anjali Shishodia",International Journal of Production Research,60,24,p7527 - p7550,2022,10.1080/00207543.2022.2029611,09-Feb-2022,https://doi.org/10.1080/00207543.2022.2029611,38621.0,314.0
Desiloization and its discontents: the politics of data storage in the age of platformization,"Matthew Archer, Henriette Steiner, Nanna Bonde Thylstrup","Information, Communication & Society",27,13,p2419 - p2437,2024,10.1080/1369118x.2024.2371803,12-Jul-2024,https://doi.org/10.1080/1369118x.2024.2371803,3195.0,10.0
A digital curation model for post-occupancy evaluation data,"Peter Larkham, Marta Musso, Panagiotis Patlakas",Architectural Engineering and Design Management,18,2,p128 - p148,2022,10.1080/17452007.2021.1901219,22-Mar-2021,https://doi.org/10.1080/17452007.2021.1901219,448.0,2.0
Digital transformation and innovation in small and medium enterprises (SMEs): a systematic review and future research agenda,"Shuai Gao, Helen Hui Ping Ho, Pei-Lee Teh",Cogent Business & Management,13,1,,2026,10.1080/23311975.2026.2612775,11-Jan-2026,https://doi.org/10.1080/23311975.2026.2612775,7696.0,8.0
RETRACTED ARTICLE: Fintech as a catalyst for innovation and sustainable growth: analyzing the dynamics of R&D Investment in China,"Vanessa Angel, Lemuel Kenneth David, Victor David, Meiling Luo 罗美铃, Jianling Wang",Asian Journal of Technology Innovation,33,2,p425 - p458,2025,10.1080/19761597.2024.2367230,17-Jun-2024,https://doi.org/10.1080/19761597.2024.2367230,339.0,3.0
A path to follow to overcome foundational barriers to the adoption of artificial intelligence within the manufacturing industry: a conceptual framework,"Mario Henrique Callefi, Moacir Godinho Filho, Murís Lage Junior, Bruna Lima, Lauro Osiro, Sofia Vieira Queiroz de Almeida",Enterprise Information Systems,19,1-2,,2025,10.1080/17517575.2025.2458685,05-Feb-2025,https://doi.org/10.1080/17517575.2025.2458685,774.0,19.0
Electronic Customer Relationship Management Adoption: Exploring Its Evolution Through Bibliometric Analysis and Topic Modeling,"Pedro R Palos-Sanchez, Jose A Perez-Bertozzi",Journal of Relationship Marketing,,,p1 - p48,5187,10.1080/15332667.2026.2619795,05-Feb-2026,https://doi.org/10.1080/15332667.2026.2619795,252.0,1.0
Sustainable manufacturing in Industry 4.0: an emerging research agenda,"Carla Gonçalves Machado, Elias Hans Dener Ribeiro da Silva, Mats Peter Winroth",International Journal of Production Research,58,5,p1462 - p1484,2020,10.1080/00207543.2019.1652777,20-Aug-2019,https://doi.org/10.1080/00207543.2019.1652777,65922.0,710.0
"The influence of industry 4.0, internet of things, and physical-cyber systems on human factors: a case study of workers in Indonesian oil and gas refineries","Fita Amalia, Ilyas Masudin, Dian Palupi Restuputri, Widayat",Theoretical Issues in Ergonomics Science,,,p1 - p26,5187,10.1080/1463922x.2023.2284295,27-Nov-2023,https://doi.org/10.1080/1463922x.2023.2284295,304.0,8.0
"Quantum-sapiens: the quantum bases for human expertise, knowledge, and problem-solving","Steve J Bickley, Ho Fai Chan, Sascha L Schmidt, Benno Torgler",Technology Analysis & Strategic Management,33,11,p1290 - p1302,2021,10.1080/09537325.2021.1921137,04-May-2021,https://doi.org/10.1080/09537325.2021.1921137,526.0,16.0
The individual and integrated impact of Blockchain and IoT on sustainable supply chains:a systematic review,"Rahul Chavhan, Pankaj Dutta, Pogala Gowtham, Amrinder Singh",Supply Chain Forum: An International Journal,24,1,p103 - p126,2023,10.1080/16258312.2022.2082851,12-Jun-2022,https://doi.org/10.1080/16258312.2022.2082851,1840.0,46.0
52 Years of manufacturing strategy: an evolutionary review of literature (1969-2021),"Milind Madhukarro Akarte, Vishwas Dohale, Angappa Gunasekaran, Priyanka Verma",International Journal of Production Research,60,2,p569 - p594,2022,10.1080/00207543.2021.1971788,13-Sep-2021,https://doi.org/10.1080/00207543.2021.1971788,3474.0,61.0
Novelty detection framework for monitoring connected vehicle systems with imperfect data,"M Badfar, R B Chinnam, M Yildirim",International Journal of Production Research,63,18,p6690 - p6703,2025,10.1080/00207543.2025.2484320,27-Mar-2025,https://doi.org/10.1080/00207543.2025.2484320,228.0,2.0
A twin data and knowledge-driven intelligent process planning framework of aviation parts,"Jingjing Li, Chao Zhang, Guanghui Zhou",International Journal of Production Research,60,17,p5217 - p5234,2022,10.1080/00207543.2021.1951869,19-Jul-2021,https://doi.org/10.1080/00207543.2021.1951869,1821.0,52.0
Proselytizing the potential of influencer marketing via artificial intelligence: mapping the research trends through bibliometric analysis,"Rohit Bansal, Tapeswarapu Durga Prasad, Abdul Hafaz Ngah, Shweta Saini",Cogent Business & Management,11,1,,2024,10.1080/23311975.2024.2372889,01-Jul-2024,https://doi.org/10.1080/23311975.2024.2372889,4022.0,23.0
"Advancing wooden furniture manufacturing through intelligent manufacturing: the past, recent research activities and future perspectives","Hanmo Zhang, Jiangang Zhu",Wood Material Science & Engineering,21,1,p717 - p738,2026,10.1080/17480272.2024.2448020,01-Jan-2025,https://doi.org/10.1080/17480272.2024.2448020,541.0,7.0
A hybrid AI framework for engineering risk management under data scarcity and high uncertainty,"Bita Ataei, Ahad Nazari",International Journal of Construction Management,,,p1 - p19,5187,10.1080/15623599.2026.2636004,03-Mar-2026,https://doi.org/10.1080/15623599.2026.2636004,95.0,1.0
Bridging the gap between data generation and utilization: a social network-based framework for highway infrastructure management,"Murali Krishna Chenchu, Kumar Neeraj Jha, Kirti Ruikar",International Journal of Construction Management,,,p1 - p21,5187,10.1080/15623599.2026.2627303,17-Feb-2026,https://doi.org/10.1080/15623599.2026.2627303,105.0,1.0
Artificial intelligence in healthcare: risk analysis and regulatory issues,"Agus Yudha Hernoko, Dona Budi Kharisma, Prawitra Thalib",The Theory and Practice of Legislation,14,1,p46 - p62,2026,10.1080/20508840.2025.2576415,24-Oct-2025,https://doi.org/10.1080/20508840.2025.2576415,302.0,2.0
Investigating eLearning Research Trends in Iran via Automatic Semantic Network Generation,"Sara Alaee, Maedeh Mosharraf, Fattaneh Taghiyareh",Journal of Global Information Technology Management,20,2,p91 - p109,2017,10.1080/1097198x.2017.1321355,01-Jun-2017,https://doi.org/10.1080/1097198x.2017.1321355,157.0,1.0
Research status and prospect of intelligent wells reservoir monitoring technology,"Liang Ge, Chao Min, Guiyun Tian, Yibao Wei, Qing Yang",Nondestructive Testing and Evaluation,41,5,p2367 - p2409,2026,10.1080/10589759.2025.2528931,03-Aug-2025,https://doi.org/10.1080/10589759.2025.2528931,201.0,3.0
Cognitive intelligence-enabled requirements elicitation for design optimisation of smart product-service system,"Haoran Cui, Lin Gong, Sihan Huang, Jiewu Leng, Yan Yan, Pai Zheng",Journal of Engineering Design,36,11,p1982 - p2006,2025,10.1080/09544828.2024.2373036,02-Jul-2024,https://doi.org/10.1080/09544828.2024.2373036,762.0,9.0
The News Ecosystem in the Age of AI: Evidence from the UAE,"Norita Ahmad, Sabir Haque, Mohammed Ibahrine",Journal of Broadcasting & Electronic Media,67,3,p323 - p352,2023,10.1080/08838151.2023.2173197,06-Feb-2023,https://doi.org/10.1080/08838151.2023.2173197,1312.0,23.0
SMEs' sustainable innovation performance during pandemic: impact of knowledge coupling and parallel-mediation of ambidexterity and market capitalising agility,"Omar Alghamdi, Sayed Muhammad Fawad Sharif, Tehmina Kanwal, Atiq Ur Rehman, Naiding Yang",Technology Analysis & Strategic Management,36,10,p2489 - p2503,2024,10.1080/09537325.2022.2153029,20-Dec-2022,https://doi.org/10.1080/09537325.2022.2153029,794.0,9.0
Quality 4.0-the challenging future of quality engineering,"Ron S Kenett, Avigdor Zonnenshain",Quality Engineering,32,4,p614 - p626,2020,10.1080/08982112.2019.1706744,27-Feb-2020,https://doi.org/10.1080/08982112.2019.1706744,7962.0,242.0
AI based decision making: combining strategies to improve operational performance,"Abdulrahman Al-Surmi, Mahdi Bashiri, Ioannis Koliousis",International Journal of Production Research,60,14,p4464 - p4486,2022,10.1080/00207543.2021.1966540,30-Aug-2021,https://doi.org/10.1080/00207543.2021.1966540,54170.0,196.0
"The ""Other"" Informatics: Education and Training",Catherine Pepper,Medical Reference Services Quarterly,42,1,p79 - p87,2023,10.1080/02763869.2023.2168387,02-Mar-2023,https://doi.org/10.1080/02763869.2023.2168387,972.0,1.0
Aspect-Based Sentiment Analysis on Social Media Comments (Twitter) : The Attributes of Service Robots in the Hotel and Restaurant Industry,"Ayşegül Acar, Ersin Diker, Burak Türten",Journal of Quality Assurance in Hospitality & Tourism,27,5,p994 - p1019,2026,10.1080/1528008x.2024.2386590,09-Aug-2024,https://doi.org/10.1080/1528008x.2024.2386590,638.0,3.0
Bibliometric and visualized analysis of social network analysis research on Scopus databases and VOSviewer,"Diena Dwidienawati, Dyah Gandasari, Mochamad Sugiarto, David Tjahjana",Cogent Business & Management,11,1,,2024,10.1080/23311975.2024.2376899,16-Jul-2024,https://doi.org/10.1080/23311975.2024.2376899,4890.0,34.0
Manufacturing enterprise digital platform capabilities: structural dimensions and scale development,"Guiqing Cheng, Zhongwei He, Feng Ji",Technology Analysis & Strategic Management,38,7,p910 - p924,2026,10.1080/09537325.2025.2492228,11-Apr-2025,https://doi.org/10.1080/09537325.2025.2492228,334.0,3.0
Smart prosperity through smart supply chain based on using smart and intelligent technologies,"Slavko Arsovski, Zora Arsovski, Aleksandar Djordjevic, Miladin Stefanovic",Enterprise Information Systems,20,3,,2026,10.1080/17517575.2026.2628647,22-Feb-2026,https://doi.org/10.1080/17517575.2026.2628647,95.0,0.0
An in-depth analysis of digital marketing trends and prospects in small and medium-sized enterprises: utilizing bibliometric mapping,"Nisful Laila, Luthfi Nur Rosyidi, Indah Rahmawati, Wan Azman Saini Wan Ngah, Puji Sucia Sukmaningrum",Cogent Business & Management,11,1,,2024,10.1080/23311975.2024.2336565,08-Apr-2024,https://doi.org/10.1080/23311975.2024.2336565,19789.0,22.0
Growth and Development of IT Literature in LIS Research (2012-2023): A Bibliometric Analysis Based on the Web of Science,"Hayat Ahmad, Abid Fakhre Alam, Khadeeja Mn Ansari, Md Safiqur Rahaman",Science & Technology Libraries,45,1,p56 - p71,2026,10.1080/0194262x.2025.2495582,25-Apr-2025,https://doi.org/10.1080/0194262x.2025.2495582,272.0,0.0
LHAKG: a knowledge graph construction framework for landslide hazard assessment by using XLNet-BiLSTM-CRF from geoscience literature,"Yulin Ding, Jiadong Hou, Shuangyue Shao, Qianqian Sun, Xingping Wang, Tingchen Wu, Yuting Wu, Xiaoting Zhao, Qing Zhu",International Journal of Digital Earth,18,2,,2025,10.1080/17538947.2025.2577292,04-Nov-2025,https://doi.org/10.1080/17538947.2025.2577292,1432.0,3.0
A review of explainable artificial intelligence in supply chain management using neurosymbolic approaches,"George Baryannis, Alexandra Brintrup, Edward Elson Kosasih, Emmanuel Papadakis",International Journal of Production Research,62,4,p1510 - p1540,2024,10.1080/00207543.2023.2281663,24-Nov-2023,https://doi.org/10.1080/00207543.2023.2281663,15528.0,80.0
Exploratory Analysis of Internet of Things (IoT) in Healthcare: A Topic Modelling & Co-citation Approaches,"Ramakrishna Dantu, Indika Dissanayake, Sridhar Nerur",Information Systems Management,38,1,p62 - p78,2021,10.1080/10580530.2020.1746982,23-Apr-2020,https://doi.org/10.1080/10580530.2020.1746982,1613.0,30.0
Research on a complex network and online review data-driven product innovation design,"Xin Cai, Zhenghong Liu, Dan Wu, Xuemei Yao, Huiliang Zhao",Production Planning & Control,,,p1 - p11,5187,10.1080/09537287.2023.2187323,10-Mar-2023,https://doi.org/10.1080/09537287.2023.2187323,352.0,2.0
Digital technology adoption and the latecomer firms' catch-up: an empirical study on Chinese manufacturing enterprises,"Meifang Li, Zihao Zhang",Technology Analysis & Strategic Management,37,12,p2572 - p2586,2025,10.1080/09537325.2024.2369562,17-Jul-2024,https://doi.org/10.1080/09537325.2024.2369562,472.0,7.0
"Influence mechanism of digital technology on environmental, social, and governance (ESG) responsibility fulfilment of construction enterprises from the perspective of sustainability",Xiufan Zhang,Journal of Asian Architecture and Building Engineering,25,4,p3454 - p3476,2026,10.1080/13467581.2025.2506465,15-May-2025,https://doi.org/10.1080/13467581.2025.2506465,1820.0,4.0
"Evolution of AI-Driven Decision Making with Decision Support Systems, Expert Systems, Recommender Systems, and XAI","Nitin Sai Bommi, Atul Negi, Mudavath Ravi, Nusrat Rouf",IETE Technical Review,42,4,p428 - p465,2025,10.1080/02564602.2025.2512086,04-Aug-2025,https://doi.org/10.1080/02564602.2025.2512086,658.0,16.0
Generative AI and the Intelligence Triad: An Epistemic Agility Approach,Kalyan Prasad Agrawal,Journal of Computer Information Systems,,,p1 - p17,5187,10.1080/08874417.2025.2553158,29-Aug-2025,https://doi.org/10.1080/08874417.2025.2553158,240.0,2.0
Product development cost estimation through ontological models - a literature review,"Milton Borsato, Margherita Peruzzini, Kaio Vasconcelos, Rafael Voltolini",Journal of Management Analytics,6,2,p209 - p229,2019,10.1080/23270012.2019.1598899,02-Apr-2019,https://doi.org/10.1080/23270012.2019.1598899,396.0,9.0
Dynamic capabilities and digital innovation: pathways to competitive advantage through responsible innovation,"Alicia de la Torre, Iván de la Vega",Journal of Responsible Innovation,12,1,,2025,10.1080/23299460.2025.2500154,09-May-2025,https://doi.org/10.1080/23299460.2025.2500154,14437.0,27.0
Exploring the Library and Information Science Research Landscape in Namibia: A Decennial Reflection (2014-2023),"Jakobina M Mwiiyale, Menete N Shatona",The International Information & Library Review,57,2,p99 - p118,2025,10.1080/10572317.2024.2431941,14-Dec-2024,https://doi.org/10.1080/10572317.2024.2431941,1982.0,3.0
Information Professionals' Metaphorical Perceptions of Artificial Intelligence Concept,"Ali Kavak, Erol Yılmaz",Journal of Library Administration,64,6,p695 - p718,2024,10.1080/01930826.2024.2371276,01-Aug-2024,https://doi.org/10.1080/01930826.2024.2371276,659.0,4.0
"Digital transformation, entrepreneurs' risk perception, and enterprise innovation: moderating effect of market dynamism","Suo Feiya, Zhao Yudi",Applied Economics,58,22,p4274 - p4291,2026,10.1080/00036846.2025.2495864,24-Apr-2025,https://doi.org/10.1080/00036846.2025.2495864,304.0,3.0
A bibliometric analysis of academic trends in human resource management practice from 2000 to 2023,"Mohamed Ali Farah, Mohamud Ahmed Mohamed, Ibrahim Hassan Mohamud, Abukar Mohamed Sahal",Cogent Business & Management,11,1,,2024,10.1080/23311975.2024.2427217,13-Nov-2024,https://doi.org/10.1080/23311975.2024.2427217,3764.0,10.0
"Digital innovation in SMEs: a systematic review, synthesis and research agenda","Marina Kayumova, Siddhartha Raja, Boumediene Ramdani",Information Technology for Development,28,1,p56 - p80,2022,10.1080/02681102.2021.1893148,09-Mar-2021,https://doi.org/10.1080/02681102.2021.1893148,5565.0,190.0
IJHRM after 30 years: taking stock in times of COVID-19 and looking towards the future of HR research,"Fang Lee Cooke, Michael Dickmann, Emma Parry",The International Journal of Human Resource Management,32,1,p1 - p23,2020,10.1080/09585192.2020.1833070,19-Oct-2020,https://doi.org/10.1080/09585192.2020.1833070,17500.0,80.0
AN AUDIT RISK MODEL FOR IT AUDIT ECOSYSTEMS AND DIGITAL TRANSFORMATION (DX) DECISION MAKING,"Maurice Aduamoah, Sampson Anomah, Boadu Ayeboafo",EDPACS,64,2,p1 - p33,2021,10.1080/07366981.2021.1930643,26-Aug-2021,https://doi.org/10.1080/07366981.2021.1930643,826.0,12.0
Exploring the Integration of Generative AI in Advertising Agencies: A Co-Creative Process Model for Human-AI Collaboration,"Weila Cui, Martin J Liu, Ruizhi Yuan",Journal of Advertising Research,65,2,p167 - p189,2025,10.1080/00218499.2024.2445362,11-Mar-2025,https://doi.org/10.1080/00218499.2024.2445362,9971.0,31.0
Mapping sentiments and emotions in a UNESCO World heritage destination,"Ana Maria Caldeira, Fernanda Cravidão, Miguel Pinheiro, Norberto Santos, Claudia Seabra",International Journal of Tourism Cities,12,2,p610 - p628,2026,10.1080/20565607.2026.2625730,19-Feb-2026,https://doi.org/10.1080/20565607.2026.2625730,140.0,1.0
RETRACTED ARTICLE: Fostering AI literacy for future librarians,"Subaveerapandiyan A, Abid Fakhre Alam, Amreen Taj, Manoj Kumar Verma, Upasana Yadav",College & Undergraduate Libraries,32,1-2,p1 - p25,2025,10.1080/10691316.2024.2425092,11-Nov-2024,https://doi.org/10.1080/10691316.2024.2425092,1391.0,2.0
"Revisiting artificial intelligence in start-ups: A theoretical perspective on integration, opportunities, challenges, and strategic advancement","Alhamzah F Abbas, Essam Hussain Al-Lawati",Journal of the International Council for Small Business,7,4,p1113 - p1156,2026,10.1080/26437015.2025.2549059,08-Sep-2025,https://doi.org/10.1080/26437015.2025.2549059,693.0,15.0
Fusion of nonclinical and clinical data to predict human drug safety,Dale E Johnson,Expert Review of Clinical Pharmacology,6,2,p185 - p195,2013,10.1586/ecp.13.3,10-Jan-2014,https://doi.org/10.1586/ecp.13.3,172.0,8.0
ALAS: agent-oriented domain-specific language for the development of intelligent distributed non-axiomatic reasoning agents,"Mirjana Ivanović, Dejan Sredojević, Milan Vidaković",Enterprise Information Systems,12,8-9,p1058 - p1082,2018,10.1080/17517575.2018.1482567,06-Jun-2018,https://doi.org/10.1080/17517575.2018.1482567,177.0,11.0
Effect of using Internet of Things for personalized advertisements on consumer buying behaviour,"Himani Bhardwaj, Mahmood Syed Mohd Jamal",Journal of Statistics and Management Systems,25,5,p1135 - p1146,2022,10.1080/09720510.2022.2079197,18-Sep-2022,https://doi.org/10.1080/09720510.2022.2079197,85.0,0.0
Digital transformation and the performance of family firms: a dynamic capabilities perspective,"Chen Canjun, Xu Changxin, Lv Lelin",Innovation,28,2,p345 - p373,2026,10.1080/14479338.2024.2448486,06-Jan-2025,https://doi.org/10.1080/14479338.2024.2448486,581.0,7.0
A Maturity Model for Digital Information Management in University Libraries: A Design Science Study,"Hamid Keshavarz, Yaghoub Norouzi",The International Information & Library Review,54,4,p299 - p314,2022,10.1080/10572317.2021.2022388,06-Jan-2022,https://doi.org/10.1080/10572317.2021.2022388,682.0,7.0
"Artificial Intelligence and Data-Driven Technology in the Public Policy Cycle: Comparative Applications, Opportunities, and Risks","Yixin Dai, Jooho Lee",Journal of Comparative Policy Analysis: Research and Practice,27,5-6,p477 - p493,2025,10.1080/13876988.2025.2598371,22-Dec-2025,https://doi.org/10.1080/13876988.2025.2598371,5584.0,3.0
Social media data in the disaster context,Lucy Resnyansky,Prometheus,33,2,p187 - p212,2015,10.1080/08109028.2015.1102497,17-Nov-2015,https://doi.org/10.1080/08109028.2015.1102497,620.0,9.0
Learning before adopting: unleashing radical innovation potential through a learning-centred digital technology strategy,"Hongxin Wang, Wenqing Wu, Chenjian Zhang",Technology Analysis & Strategic Management,,,p1 - p17,5187,10.1080/09537325.2026.2620071,03-Feb-2026,https://doi.org/10.1080/09537325.2026.2620071,1116.0,0.0
Can digital transformation catalyze green technological innovation? Evidence from a moderated mediation model in Chinese manufacturing firms,"Cheng Hu, Mingxing Li, Jialu Su",Technology Analysis & Strategic Management,,,p1 - p18,5187,10.1080/09537325.2026.2646609,23-Mar-2026,https://doi.org/10.1080/09537325.2026.2646609,117.0,0.0
Applications of computer-based information and communication technologies in the construction engineering and management industry for a future digital framework,"Bittu Ghosh, Somnath Karmakar",International Journal of Construction Management,26,11,p2310 - p2327,2026,10.1080/15623599.2025.2595503,13-Dec-2025,https://doi.org/10.1080/15623599.2025.2595503,186.0,1.0
Exploring the role of information technology in tourism informatics: state of the art,"Yuting Chai, Shuangying Ding, Jiaojiao Sun, Fengyi Wang, Wei Wei",Asia Pacific Journal of Tourism Research,29,8,p995 - p1016,2024,10.1080/10941665.2024.2358311,05-Jun-2024,https://doi.org/10.1080/10941665.2024.2358311,419.0,5.0
Factors influencing the success and failure of crowdfunding campaigns: a systematic review and bibliometric analysis,"Slimane Ed-Dafali, Andrea Paltrinieri, Ritesh Patel",Venture Capital,,,p1 - p66,5187,10.1080/13691066.2025.2451853,24-Jan-2025,https://doi.org/10.1080/13691066.2025.2451853,533.0,8.0
"The internet of things in supply chain management: past, present, and future - a systematic literature review and implementation framework","Gary Graham, Ilias Vlachos",International Journal of Production Research,63,24,p10555 - p10585,2025,10.1080/00207543.2025.2553824,15-Sep-2025,https://doi.org/10.1080/00207543.2025.2553824,1066.0,10.0
Spatio-temporal data fusion techniques for modeling digital twin City,"Shengpeng Chen, Kai Hwang, Xiaoqiang Ji, Zhen Lei, Yuejin Li, Mengjun Liu, Feng Ye, Yi Zhu",Geo-spatial Information Science,28,2,p541 - p564,2025,10.1080/10095020.2024.2350175,17-May-2024,https://doi.org/10.1080/10095020.2024.2350175,5299.0,23.0
A GPT-Aided literature review process for total quality management and business excellence (2020-2023),"Sheng-Hsun Hsu, Jung-Tang Hsueh",Total Quality Management & Business Excellence,35,7-8,p835 - p859,2024,10.1080/14783363.2024.2345897,22-Apr-2024,https://doi.org/10.1080/14783363.2024.2345897,430.0,2.0
Digital Transformation and Corporate Reputation: Evidence and Policy Lessons from China,"Yuchen Chen, Lewei Liao",The Chinese Economy,59,5,p422 - p440,2026,10.1080/10971475.2026.2656007,05-May-2026,https://doi.org/10.1080/10971475.2026.2656007,26.0,0.0
A model and knowledge-driven reliability optimisation approach for complex systems,"Han Gao, Shan Ren, Haoliang Shi, Chuang Wang, Jin Wang, Xin Zhao",Journal of Engineering Design,,,p1 - p38,5187,10.1080/09544828.2025.2558337,22-Sep-2025,https://doi.org/10.1080/09544828.2025.2558337,140.0,4.0
"Charting the path to a sustainable, competitive and green industry in an era of rapid change: proposing a research agenda","Nina Bozic, Mattias Elg, Ida Gremyr, Ulrika Harlin, Jason Martin, Katrin Skagert, Andreas Wallo, Anna Williamsson",Cogent Business & Management,11,1,,2024,10.1080/23311975.2024.2344189,22-Apr-2024,https://doi.org/10.1080/23311975.2024.2344189,2018.0,10.0
"A systematic literature review of sustainable design of complex customised products in Industry 5.0: connotation, methodologies and prospects","Xu He, Yihan Huo, Rong Li, Jiajun Liu, Hao Yang, Haizhu Zhang",Journal of Engineering Design,37,2,p273 - p310,2026,10.1080/09544828.2025.2476877,17-Mar-2025,https://doi.org/10.1080/09544828.2025.2476877,730.0,10.0
Cognition and emotion in the information systems field: a review of twenty-four years of literature,"Wen-Lung Shiau, Yung Po Tsang, Xiaoqun Wang, Fei Zheng",Enterprise Information Systems,16,6,,2022,10.1080/17517575.2021.1992675,24-Oct-2021,https://doi.org/10.1080/17517575.2021.1992675,1825.0,11.0
A semantic similarity analysis of Internet of Things,"Tommy Cheung, Wai Hung Ip, Chun Kit Ng, Chun Ho Wu, Kai Leung Yung",Enterprise Information Systems,12,7,p820 - p855,2018,10.1080/17517575.2018.1464666,24-Apr-2018,https://doi.org/10.1080/17517575.2018.1464666,1476.0,68.0
The Use of ICTs in Conflict and Peacebuilding: A Feminist Analysis,Clare Brown,Australian Feminist Law Journal,44,1,p137 - p153,2018,10.1080/13200968.2018.1465332,01-Aug-2018,https://doi.org/10.1080/13200968.2018.1465332,460.0,4.0
Artificial intelligence-driven risk management for enhancing supply chain agility: A deep-learning-based dual-stage PLS-SEM-ANN analysis,"Yogesh K Dwivedi, Binshan Lin, Keng-Boon Ooi, Garry Wei-Han Tan, Lai-Wan Wong",International Journal of Production Research,62,15,p5535 - p5555,2024,10.1080/00207543.2022.2063089,23-May-2022,https://doi.org/10.1080/00207543.2022.2063089,43311.0,269.0
An organizational framework for sustainable supply chain management: An integrated theoretical perspective,"Ying Cao, Xianghui Peng, Victor Prybutok, Xinyu Wei, Lu Xu",Quality Management Journal,29,4,p267 - p288,2022,10.1080/10686967.2022.2112928,20-Sep-2022,https://doi.org/10.1080/10686967.2022.2112928,1079.0,11.0
When Human Meets Technology: Unlocking Hybrid Intelligence Role in Breakthrough Innovation Engagement via Self-Extension and Social Intelligence,"Syed Mudasser Abbas, Muhammad Khushnood, Zhiqiang Liu",Journal of Computer Information Systems,63,5,p1183 - p1200,2023,10.1080/08874417.2022.2139781,16-Nov-2022,https://doi.org/10.1080/08874417.2022.2139781,1561.0,16.0
Gauging opinions about the COVID-19: a multi-channel social media approach,"Prajwal Eachempati, Praveen Ranjan Srivastava, Zuopeng Justin Zhang",Enterprise Information Systems,15,6,p794 - p828,2021,10.1080/17517575.2020.1856418,20-Dec-2020,https://doi.org/10.1080/17517575.2020.1856418,2003.0,13.0
Exploring the influencing mechanisms of different digital transformation stages: an industry perspective,"Lingjun Ou, Yihui Tian",Enterprise Information Systems,18,12,,2024,10.1080/17517575.2024.2417407,20-Oct-2024,https://doi.org/10.1080/17517575.2024.2417407,546.0,13.0
From Loom to Algorithm: How Digital Technologies Drive Quality Development in the Textile Sector,"Ding Li, Huifang Liu, Shenglin Ma, Han Yan, Hongjun Zeng",The Journal of The Textile Institute,117,8,p2200 - p2216,2026,10.1080/00405000.2026.2622882,13-Feb-2026,https://doi.org/10.1080/00405000.2026.2622882,157.0,4.0
Ontologies to interpret remote sensing images: why do we need them?,"Damien Arvor, Mariana Belgiu, Laurent Durieux, Zoe Falomir, Isabelle Mougenot",GIScience & Remote Sensing,56,6,p911 - p939,2019,10.1080/15481603.2019.1587890,26-Mar-2019,https://doi.org/10.1080/15481603.2019.1587890,7947.0,57.0
Augmenting Human Decision-Making in K-12 Education: The Role of Artificial Intelligence in Assisting the Recruitment and Retention of Teachers of Color for Enhanced Diversity and Inclusivity,"Chunling Niu, Soheila Sadeghi",Leadership and Policy in Schools,25,3,p522 - p542,2026,10.1080/15700763.2024.2358303,27-May-2024,https://doi.org/10.1080/15700763.2024.2358303,962.0,25.0
Assessing the maturity of supply chain integration in industry 4.0: a context-specific application cycle using a weighted fuzzy rule-based approach,"Rodrigo Goyannes Gusmão Caiado, Bernd Hellingrath, Eduardo Israel, Luiz Felipe Scavarda",Production Planning & Control,37,8,p821 - p852,2026,10.1080/09537287.2025.2586782,21-Nov-2025,https://doi.org/10.1080/09537287.2025.2586782,120.0,2.0
Developments in B to B and B to C Marketing and Sales Automation Systems,"Merlin Stone, Neil Woodcock",Journal of Business-to-Business Marketing,28,2,p203 - p222,2021,10.1080/1051712x.2021.1920702,02-Sep-2021,https://doi.org/10.1080/1051712x.2021.1920702,6218.0,16.0
"Two decades of innovation: A bibliometric study of digital marketing, risk management, and business process evaluation (2000-2025)",Muna F Hanoon,EDPACS,,,p1 - p17,5187,10.1080/07366981.2025.2596984,15-Dec-2025,https://doi.org/10.1080/07366981.2025.2596984,33.0,1.0
Value-Based Guiding Principles for Managing Cognitive Computing Systems in the Public Sector,"Kevin C Desouza, Tendai Makasi, Alireza Nili, Mary Tate",Public Performance & Management Review,44,4,p929 - p959,2021,10.1080/15309576.2021.1879883,03-Feb-2021,https://doi.org/10.1080/15309576.2021.1879883,1026.0,15.0
Product development process for a new healthcare service in the Industry 4.0 context: an action research approach,"Carlos Alberto Castaño-Moraga, Juan Manuel Maqueira-Marín, José Moyano-Fuentes, Miguel Núñez-Merino",Production Planning & Control,36,2,p177 - p196,2025,10.1080/09537287.2024.2349224,06-May-2024,https://doi.org/10.1080/09537287.2024.2349224,570.0,16.0
Resilience building in service firms during and post COVID-19,"Melissa Farboudi Jahromi, Arthur Huang",The Service Industries Journal,41,1-2,p138 - p167,2021,10.1080/02642069.2020.1862092,18-Dec-2020,https://doi.org/10.1080/02642069.2020.1862092,10735.0,107.0
Digitalisation and emerging market enterprises' global open innovation: Evidence from China,"Chengbo Fu, Huilin Xu, Wang Yang",Investment Analysts Journal,,,p1 - p32,5187,10.1080/10293523.2025.2537491,14-Oct-2025,https://doi.org/10.1080/10293523.2025.2537491,139.0,18.0
Unpacking the effects of R&D strategy proximity on inter-firm knowledge flow: evidence from the global 3D printing industry,"Weijie Hu, Nazrul Islam, Ning Kang, Guannan Xu, Yuan Zhou",Technology Analysis & Strategic Management,37,11,p2284 - p2301,2025,10.1080/09537325.2024.2358429,06-Jun-2024,https://doi.org/10.1080/09537325.2024.2358429,231.0,1.0
Entrepreneurial challenges of COVID-19: Re-thinking entrepreneurship after the crisis,"Umesh Kumar Bamel, Ritika Chopra, Sascha Kraus, Eric Liguori, Gagan Deep Sharma",Journal of Small Business Management,62,2,p824 - p846,2024,10.1080/00472778.2022.2089676,15-Jul-2022,https://doi.org/10.1080/00472778.2022.2089676,8849.0,137.0
AEGC 2021: Short abstracts,,Preview,2021,213,p63 - p112,2021,10.1080/14432471.2021.1957452,31-Aug-2021,https://doi.org/10.1080/14432471.2021.1957452,2245.0,0.0
The synergetic role of Lean and Industry 4.0 in the Industry 5.0 transition: a literature-informed framework,"Maria Pia Ciano, Patrick Dallasega, Guido Orzes, Mirco Peron, Nicolò Saporiti",Production Planning & Control,,,p1 - p32,5187,10.1080/09537287.2026.2667353,01-Jun-2026,https://doi.org/10.1080/09537287.2026.2667353,159.0,0.0
Generative AI and digital resilience: a research agenda,"Christine Große, Leif Sundberg",Journal of Risk Research,,,p1 - p26,5187,10.1080/13669877.2025.2539105,07-Aug-2025,https://doi.org/10.1080/13669877.2025.2539105,4216.0,10.0
Operations & supply chain management: principles and practice,"Henk Akkermans, O Zeynep Aksin, Imran Ali, Nico André Schmid, Mohamed Zied Babai, Ana Barbosa-Povoa, Olga Battaïa, Ayse Begüm Kilic-Ararat, Maria Besiou, Nils Boysen, Stephen Brammer, Alistair Brandon-Jones, Dirk Briskorn, Tyson R Browning, Paul Buijs, Piera Centobelli, Andrea Chiarini, Paul Cousins, Elizabeth A Cudney, Andrew Davies, Steven J Day, Rommert Dekker, Juliano Denicol, Mélanie Despeisse, Stephen M Disney, Alexandre Dolgui, Linh Duong, Malek El-Qallali, Behnam Fahimnia, Fatemeh Fakhredin, Stanley B Gershwin, Salar Ghamat, Vaggelis Giannikas, Christoph H Glock, Janet Godsell, Kannan Govindan, Claire Hannibal, Anders Haug, Tomislav Hernaus, Juliana Hsuan, Dmitry Ivanov, Marianne Jahre, Björn Johansson, Madan Shankar Kalidoss, Argyris Kanellopoulos, Devika Kannan, Elif Karul, Konstantinos V Katsikopoulos, Rainer Kolisch, Maximilian Koppenberg, Maneesh Kumar, Yong-Hong Kuo, Andrew Kusiak, Michael A Lewis, Stanley Frederick W T Lim, Veronique Limère, Jiyin Liu, Omid Maghazei, Matija Marić, Joern Meissner, Miranda Meuwissen, Pietro Micheli, Samudaya Nanayakkara, Bengü Nur Özdemir, Thanos Papadopoulos, Stephen Pavelin, Srinath Perera, Fotios Petropoulos, Wendy Phillips, Dennis Prak, Hubert Pun, Sharfah Ahmad Qazi, Usha Ramanathan, Gerald Reiner, Ewout Reitsma, Jens K Roehrich, Nada R Sanders, Joseph Sarkis, Christoph G Schmidt, Andreas Schroeder, Kostas Selviaridis, Stefan Seuring, Chuan Shi, Byung-Gak Son, Martin Spring, Brian Squire, Miriam Wilhelm, Finn Wynstra, Ting Zheng, René de Koster, Wendy van der Valk, Dirk Pieter van Donk, Geert-Jan van Houtum",International Journal of Production Research,64,1,p330 - p513,2026,10.1080/00207543.2025.2555531,08-Oct-2025,https://doi.org/10.1080/00207543.2025.2555531,108000.0,38.0
From aspirational to transformed: configurational recipes for analytics-driven operational excellence,"Liangliang Hua, Huimin Lu, Di Mao, Rekha Rao-Nicholson, Yichuan Wang, Chia-Hui Yu",Enterprise Information Systems,20,1,,2026,10.1080/17517575.2025.2595700,01-Dec-2025,https://doi.org/10.1080/17517575.2025.2595700,89.0,0.0
Industry 4.0: state of the art and future trends,"Ling Li, Eric L Xu, Li da Xu",International Journal of Production Research,56,8,p2941 - p2962,2018,10.1080/00207543.2018.1444806,09-Mar-2018,https://doi.org/10.1080/00207543.2018.1444806,62095.0,2641.0
"A systematic review of technological innovation in marketing: implications for individuals, organizations, and the broader environment",Dennis Franscico Chandiona,Cogent Business & Management,13,1,,2026,10.1080/23311975.2026.2621458,09-Feb-2026,https://doi.org/10.1080/23311975.2026.2621458,2147.0,2.0
A bibliometric review of early-stage entrepreneurial equity financing: an overview and future research agenda,"Jing Li, Siqi Liu, Dan Wang, Miles M Yang, Yucheng Zhang",Venture Capital,27,3,p299 - p344,2025,10.1080/13691066.2023.2295252,21-Dec-2023,https://doi.org/10.1080/13691066.2023.2295252,650.0,3.0
"AI Adoption, Audit Outcomes, and Professional Reputation","Yusran Bachtiar, Hasdiana, Parman, Yasri Tarawiru",Journal of Computer Information Systems,,,p1 - p17,5187,10.1080/08874417.2025.2581114,29-Oct-2025,https://doi.org/10.1080/08874417.2025.2581114,435.0,1.0
Human work in the shift to Industry 4.0: a road map to the management of technological changes in manufacturing,"Jari Kaivo-Oja, Theresa Lauraeus, Elina Parviainen, Arto Reiman, Esa-Pekka Takala",International Journal of Production Research,62,16,p5613 - p5630,2024,10.1080/00207543.2023.2291814,12-Dec-2023,https://doi.org/10.1080/00207543.2023.2291814,5069.0,24.0
Mapping the competency landscape for librapreneurship: perspectives from the LIS community in Pakistan,"Pervaiz Ahmad, Kiran Butt",Journal of Business & Finance Librarianship,31,2,p116 - p151,2026,10.1080/08963568.2025.2569929,17-Oct-2025,https://doi.org/10.1080/08963568.2025.2569929,148.0,0.0
Analytics competence and IT business value: the role of metric ambidexterity,"Gaurav Jetley, Leo R Vijayasarathy",Journal of Business Analytics,8,4,p267 - p291,2025,10.1080/2573234x.2025.2485213,31-Mar-2025,https://doi.org/10.1080/2573234x.2025.2485213,221.0,1.0
The role of Project managers in navigating digitalization in a supply chain for resilience,"Jude Jegan Joseph Jerome, Arunkumar O N, Vandana Sonwaney",Production & Manufacturing Research,12,1,,2024,10.1080/21693277.2023.2291649,12-Dec-2023,https://doi.org/10.1080/21693277.2023.2291649,4397.0,10.0
Shockproof or exposed? The moderating role of tariff shocks in the link between artificial intelligence and firm supply chain resilience,"Francesco Caputo, Tachia Chin, Zhisheng Li, Hanrong Xu",International Journal of Production Research,,,p1 - p15,5187,10.1080/00207543.2026.2726315,01-Sep-2026,https://doi.org/10.1080/00207543.2026.2726315,29.0,0.0
From innovation to transformation: Digital technologies and the redefinition of public sector accountants' skills,"Giovanna Dabbicco, Giorgia Mattei",Public Money & Management,,,p1 - p12,5187,10.1080/09540962.2026.2708853,04-Aug-2026,https://doi.org/10.1080/09540962.2026.2708853,36.0,0.0
Cataloging News,Violet B Fox,Cataloging & Classification Quarterly,55,5,p328 - p345,2017,10.1080/01639374.2017.1316655,23-May-2017,https://doi.org/10.1080/01639374.2017.1316655,325.0,0.0
Artificial intelligence and human integration: a conceptual exploration of its influence on work processes and workplace learning,"Jessica Li, Roland K Yeo",Human Resource Development International,27,3,p367 - p387,2024,10.1080/13678868.2024.2348987,13-May-2024,https://doi.org/10.1080/13678868.2024.2348987,2617.0,31.0
AI acceptance among non-IT professionals in real estate and construction: an exploratory factor structure and priority analysis using PLS-SEM and IPMA,"Jeonghyub Kweon, Byunguk Lee",Journal of Asian Architecture and Building Engineering,,,p1 - p22,5187,10.1080/13467581.2026.2710515,29-Jul-2026,https://doi.org/10.1080/13467581.2026.2710515,345.0,0.0
"The role of flexibility, digitalization, and crisis response strategy for SMEs: Case of COVID-19","Zehra Binnur Avunduk, Tuğrul Daim, Eyup Kahveci, Selim Zaim",Journal of Small Business Management,63,3,p1198 - p1235,2025,10.1080/00472778.2024.2377671,09-Aug-2024,https://doi.org/10.1080/00472778.2024.2377671,1265.0,35.0
Smart cities in developing countries: a review of research literature,"Purnama Alamsyah, Galuh Syahbana Indraprahasta",International Journal of Urban Sciences,29,sup1,p232 - p264,2025,10.1080/12265934.2024.2346153,29-Apr-2024,https://doi.org/10.1080/12265934.2024.2346153,668.0,5.0
Toward intelligent education: understanding the cognitive upgrading phenomenon among university students,"Jian Xu, Chao Yu, Dong Zhang, Tongyang Zhang",Cogent Education,13,1,,2026,10.1080/2331186x.2026.2615500,20-Jan-2026,https://doi.org/10.1080/2331186x.2026.2615500,819.0,0.0
The Sustainability Performance of SMEs in Industry 5.0: A Proposal for a Synergetic Digital Sustainable Development Maturity Model (SDSDMM),"Delia Deliu, Adriana Tiron-Tudor",Eastern European Economics,63,5,p739 - p783,2025,10.1080/00128775.2024.2442306,21-Dec-2024,https://doi.org/10.1080/00128775.2024.2442306,714.0,15.0
The construction of shield machine fault diagnosis knowledge graph based on joint knowledge extraction model,"Chuan Jiang, Wei Wei",Journal of Engineering Design,36,3,p355 - p374,2025,10.1080/09544828.2024.2419317,27-Jan-2025,https://doi.org/10.1080/09544828.2024.2419317,319.0,4.0
Post-pandemic sustainable supply chain recovery planning: a case study from an automobile industry,"Naimur Rahman Chowdhury, Sharmine Akther Liza, Shah Murtoza Morshed, Rafia Munjerin, Sanjoy Kumar Paul, Rafat Rahman, Md Doulotuzzaman Xames",Journal of Management Analytics,12,3,p509 - p551,2025,10.1080/23270012.2025.2519916,23-Jul-2025,https://doi.org/10.1080/23270012.2025.2519916,2131.0,1.0
Towards a knowledge base to support global change policy goals,"Gregory Giuliani, Paolo Mazzetti, Stefano Nativi, Mattia Santoro",International Journal of Digital Earth,13,2,p188 - p216,2020,10.1080/17538947.2018.1559367,20-Apr-2019,https://doi.org/10.1080/17538947.2018.1559367,4042.0,46.0
Generative AI: Current Status and Future Directions,"Teck-Soon Hew, Alex Koohang, Lai-Ying Leong, Keng-Boon Ooi, Garry Wei-Han Tan",Journal of Computer Information Systems,,,p1 - p34,5187,10.1080/08874417.2025.2482571,01-Apr-2025,https://doi.org/10.1080/08874417.2025.2482571,2165.0,15.0
Put not down your hedge: exploring the impact of coworkers' AI usage on employees' knowledge hiding,"Chenqian Xu, Zhu Yao, Jingyi Yi",The Service Industries Journal,,,p1 - p28,5187,10.1080/02642069.2026.2654153,06-Apr-2026,https://doi.org/10.1080/02642069.2026.2654153,483.0,4.0
Building AI-enabled capabilities for improved environmental and manufacturing performance: evidence from the US and the UK,"Samuel Fosso-Wamba, Cameron Guthrie, Adegboyega Oyedijo, Maciel M Queiroz",International Journal of Production Research,64,2,p545 - p564,2026,10.1080/00207543.2024.2428427,20-Nov-2024,https://doi.org/10.1080/00207543.2024.2428427,1853.0,23.0
"Beliefs, anxiety and change readiness for artificial intelligence adoption among human resource managers: the moderating role of high-performance work systems","Chiachi Chang, Eddy S Fang, Marek Hudik, Yuliani Suseno",The International Journal of Human Resource Management,33,6,p1209 - p1236,2022,10.1080/09585192.2021.1931408,12-Jul-2021,https://doi.org/10.1080/09585192.2021.1931408,11663.0,151.0
Human-centric Industry 5.0 manufacturing: a multi-level framework from design to consumption within Society 5.0,"Lucy Binfield, Kelly D Chandler, Victoria Diederichs, Galen O Fox, Salar Ghotb, Eric Hansen, Nastaran Hasani, Abbas Hosseini, Ashley J McCann, Vahid Nasir, Mariapaola Riggio",International Journal of Sustainable Engineering,18,1,,2025,10.1080/19397038.2025.2551000,30-Aug-2025,https://doi.org/10.1080/19397038.2025.2551000,8508.0,34.0
Analysis of approaches to assessing the maturity level of network security centers,"Natalia Miloslavskaya, Sergey Veligodskiy",Information Security Journal: A Global Perspective,,,p1 - p17,5187,10.1080/19393555.2026.2639344,03-Mar-2026,https://doi.org/10.1080/19393555.2026.2639344,30.0,0.0
"The nexus between digital collaboration, analytics capability and supply chain resilience of the food processing industry in Jordan","Amani Rajab Abu Rumman, Lina Hamdan Al-Abbadi, Rawan Odeh Alshawabkeh",Cogent Business & Management,11,1,,2024,10.1080/23311975.2023.2296608,25-Jan-2024,https://doi.org/10.1080/23311975.2023.2296608,3324.0,25.0
Relationship between Social Exchanges and Financial Performance: Examining a Virtual Community Sponsored by a Cloud Provider,Zhengzhong Shi,International Journal of Electronic Commerce,26,3,p355 - p387,2022,10.1080/10864415.2022.2076198,24-Jun-2022,https://doi.org/10.1080/10864415.2022.2076198,345.0,4.0
Artificial intelligence in supply chain and operations management: a multiple case study research,"Violetta Giada Cannas, Maria Pia Ciano, Mattia Saltalamacchia, Raffaele Secchi",International Journal of Production Research,62,9,p3333 - p3360,2024,10.1080/00207543.2023.2232050,12-Jul-2023,https://doi.org/10.1080/00207543.2023.2232050,69135.0,203.0
Librarians' behavior toward AI technology in academic libraries of Khyber Pakhtunkhwa: a UTAUT-based study,"Abid Hussain, Kalim Ullah, Sami Ullah",Journal of Electronic Resources Librarianship,,,p1 - p21,5187,10.1080/1941126x.2026.2722380,08-Sep-2026,https://doi.org/10.1080/1941126x.2026.2722380,0.0,0.0
Identifying Student Behavior in Smart Classrooms: A Systematic Literature Mapping and Taxonomies,"Jorge Luis Victória Barbosa, Luís Guilherme Eich, Rosemary Francisco",International Journal of Human–Computer Interaction,41,11,p6743 - p6764,2025,10.1080/10447318.2024.2383812,07-Aug-2024,https://doi.org/10.1080/10447318.2024.2383812,351.0,11.0
"A Bibliometric Review of Constituents, Themes, and Trends in Online Medical Consultation Research","Wenze Lu, Cindy Sing Bik Ngai, Li Yi",Health Communication,39,2,p229 - p243,2024,10.1080/10410236.2022.2163108,29-Dec-2022,https://doi.org/10.1080/10410236.2022.2163108,1093.0,17.0
GenAI's Impact on Global IT Management: A Multi-Expert Perspective and Research Agenda,"Syed Q Ahmed, Shahriar Akter, Mohammad S Al-Ahmadi, Rahul De', Vincent Dutot, Yogesh K Dwivedi, Laurie Hughes, Keyao Li, Nitish Singh, Paul Walton",Journal of Global Information Technology Management,28,1,p49 - p63,2025,10.1080/1097198x.2025.2454192,05-Feb-2025,https://doi.org/10.1080/1097198x.2025.2454192,917.0,5.0
Algorithmic Finance: Algorithmic Trading across Speculative Time-Spaces,Thomas Skou Grindsted,Annals of the American Association of Geographers,112,5,p1390 - p1402,2022,10.1080/24694452.2021.1963658,25-Oct-2021,https://doi.org/10.1080/24694452.2021.1963658,3768.0,8.0
Communicability of traditional interfaces VS chatbots in healthcare and smart home domains,"Barbara Rita Barricelli, Serena Di Gaetano, Stefano Valtolina",Behaviour & Information Technology,39,1,p108 - p132,2020,10.1080/0144929x.2019.1637025,30-Jun-2019,https://doi.org/10.1080/0144929x.2019.1637025,2917.0,66.0
Open innovation for circular and sustainable business models: case evidence from the bioeconomy sector,"Juan I Dorrego-Viera, Erik G Hansen, Valentina Lazzarotti, Andrea Urbinati",Innovation,28,1,p124 - p162,2026,10.1080/14479338.2025.2506731,13-Jun-2025,https://doi.org/10.1080/14479338.2025.2506731,2391.0,7.0
A Business Capability Map for Data-Value Creation,"Nadine Bisswang, Dimitri Petrik, Sebastian Richter, Alfred Zimmermann",Information Systems Management,42,4,p644 - p662,2025,10.1080/10580530.2025.2506368,03-Jun-2025,https://doi.org/10.1080/10580530.2025.2506368,282.0,1.0
Human-machine collaboration processes for AI-enabled product design with expert intervention: an example from research vessel design,"Qian Guo, Lintao Tang",Journal of Engineering Design,,,p1 - p51,5187,10.1080/09544828.2026.2620967,29-Jan-2026,https://doi.org/10.1080/09544828.2026.2620967,378.0,1.0
Cultural and organisational variables in blockchain technology acceptance,"Mahtab Kouhizadeh, Karen Leonard, Fatma Pakdil",International Journal of Production Research,64,16,p6721 - p6743,2026,10.1080/00207543.2026.2632694,23-Feb-2026,https://doi.org/10.1080/00207543.2026.2632694,239.0,0.0
Resilience in agri-food supply chains: a framework for risk assessment and strategy development,"Gourav Dwivedi, Rituraj Singh",International Journal of Logistics Research and Applications,28,12,p1659 - p1690,2025,10.1080/13675567.2024.2389050,08-Aug-2024,https://doi.org/10.1080/13675567.2024.2389050,1047.0,9.0
Technology-driven gender inclusion in construction: a systematic review and future research directions,"Zahra Ghamarimajd, Amir Naser Ghanbaripour, Roksana Jahan Tumpa, Dena Mahmudnia, Sara Rashidian",International Journal of Construction Management,,,p1 - p18,5187,10.1080/15623599.2026.2658749,05-May-2026,https://doi.org/10.1080/15623599.2026.2658749,684.0,1.0
Integrating QMS model and balanced scorecard in higher education in the era of industry 5.0,"Maja Glogovac, Isidora Milošević, Nedeljka Živković",Total Quality Management & Business Excellence,37,1-2,p129 - p146,2026,10.1080/14783363.2025.2609811,02-Jan-2026,https://doi.org/10.1080/14783363.2025.2609811,182.0,1.0
Navigating the sustainable Industry 4.0 transformation in supply chains: a systematic review and future research agenda,"Hamza Pervez, Tero Rantala, Minna Saunila, Juhani Ukko",International Journal of Production Research,64,1,p294 - p329,2026,10.1080/00207543.2025.2550458,03-Sep-2025,https://doi.org/10.1080/00207543.2025.2550458,4795.0,5.0
A taxonomy of open government data research areas and topics,"Charalampos Alexopoulos, Yannis Charalabidis, Euripidis Loukis",Journal of Organizational Computing and Electronic Commerce,26,1-2,p41 - p63,2016,10.1080/10919392.2015.1124720,07-Mar-2016,https://doi.org/10.1080/10919392.2015.1124720,2088.0,83.0
A novel design engineering review system with searchable content: knowledge engineering via real-time multimodal recording,"Theodore Lim, James M Ritchie, Aparajithan Sivanathan",Journal of Engineering Design,28,10-12,p681 - p708,2017,10.1080/09544828.2017.1393655,24-Oct-2017,https://doi.org/10.1080/09544828.2017.1393655,734.0,21.0
The adoption of artificial intelligence in sport management: a systematic review,"M L Balsinhas-Dias, J García-Fernández, S Martelo-Landroguez",Managing Sport and Leisure,,,p1 - p19,5187,10.1080/23750472.2026.2700572,16-Jul-2026,https://doi.org/10.1080/23750472.2026.2700572,174.0,0.0
Evolutionary trajectory of AI-enabled information interaction capabilities: an exploratory single-case study of a Chinese smart agriculture firm,"Wenting Li, Lu Sun",Asian Journal of Technology Innovation,,,p1 - p42,5187,10.1080/19761597.2026.2666818,10-May-2026,https://doi.org/10.1080/19761597.2026.2666818,44.0,0.0
Judicial education in a brave new world: the Singapore perspective,"Natalie Skead, Justin Yeo",The Law Teacher,59,4,p666 - p689,2025,10.1080/03069400.2025.2492469,21-May-2025,https://doi.org/10.1080/03069400.2025.2492469,2139.0,0.0
The green transformation path of Chinese energy companies: Exploring the role of artificial intelligence and Human-AI Collaboration in the green innovation sustainability,"Shuxiang Li, Xingyue Li",International Journal of Green Energy,23,7,p1328 - p1349,2026,10.1080/15435075.2026.2614026,21-Jan-2026,https://doi.org/10.1080/15435075.2026.2614026,282.0,3.0
Studies of the Role of a Smart Web for Precision Medicine Supported by Biobanking,"Srinidhi Boray, Barry Robson",Personalized Medicine,13,4,p361 - p380,2016,10.2217/pme-2015-0012,05-Jul-2016,https://doi.org/10.2217/pme-2015-0012,49.0,9.0
Production ramp-up in European automotive production systems: a performance analysis,"Ramón Bultó, Daniel Jurburg, Ricardo Mateo, Elisabeth Viles",Production Planning & Control,32,1,p34 - p51,2021,10.1080/09537287.2020.1711980,08-Jan-2020,https://doi.org/10.1080/09537287.2020.1711980,842.0,7.0
Identification of the key investment project management factors in the housing construction sector in Poland,"D Metelski, J Sobieraj",International Journal of Construction Management,23,1,p1 - p12,2023,10.1080/15623599.2020.1844855,19-Nov-2020,https://doi.org/10.1080/15623599.2020.1844855,6282.0,11.0
ESG in supply chain management: a systematic review,"Baofeng Huo, Min Tian, Hui Wang, Qianwen Wang",International Journal of Production Research,,,p1 - p33,5187,10.1080/00207543.2026.2672754,19-May-2026,https://doi.org/10.1080/00207543.2026.2672754,353.0,1.0
"Enterprise systems' life cycle in pursuit of resilient smart factory for emerging aircraft industry: a synthesis of Critical Success Factors'(CSFs), theory, knowledge gaps, and implications","John Ahmet Erkoyuncu, Nawar Khan, Tariq Masood, Asif Rashid, Muiz-Ud-Din Shami, Benny Tjahjono",Enterprise Information Systems,12,2,p96 - p136,2018,10.1080/17517575.2016.1258087,31-Jan-2017,https://doi.org/10.1080/17517575.2016.1258087,2100.0,24.0
Barriers and opportunities to innovation for legal service firms: a thematic analysis-based contextualization,"David Bamford, Kalliopi Michalakopoulou, Alexandros Nikitas, Iain Reid",Production Planning & Control,34,7,p604 - p622,2023,10.1080/09537287.2021.1946329,07-Jul-2021,https://doi.org/10.1080/09537287.2021.1946329,13708.0,18.0
Section 4: Poster Abstracts,,Preview,2018,192,p201 - p234,2018,10.1071/pvv2018n192p201,16-Jan-2019,https://doi.org/10.1071/pvv2018n192p201,175.0,0.0
The interplay of critical success factors for enhancing public sector performance in Brazil: a fuzzy DEMATEL approach,"Rosley Anholon, Jefferson de Souza Pinto, Daniel Baldasso Robbi, Milena Pavan Serafim, Tiago F A C Sigahi, Roberto Donato da Silva Júnior, Lucas Gabriel Zanon",Cogent Business & Management,13,1,,2026,10.1080/23311975.2025.2607190,08-Jan-2026,https://doi.org/10.1080/23311975.2025.2607190,1177.0,0.0
"Data as an economic good, data as a commons, and data governance","Nadya Purtova, Gijs van Maanen","Law, Innovation and Technology",16,1,p1 - p42,2024,10.1080/17579961.2023.2265270,01-Nov-2023,https://doi.org/10.1080/17579961.2023.2265270,11875.0,30.0
Modelling critical success factors for sustainability initiatives in supply chains in Indian context using Grey-DEMATEL,"Suresh Jakhar, Sunil Luthra, Sachin Kumar Mangla, Chandra Prakash Garg, Ravi Shankar",Production Planning & Control,29,9,p705 - p728,2018,10.1080/09537287.2018.1448126,22-Mar-2018,https://doi.org/10.1080/09537287.2018.1448126,2184.0,168.0
Conceptual framework on Internet Born Global's internationalization,"Zulhasni Abdul Rahim, Wang Fu",International Studies of Management & Organization,,,p1 - p35,5187,10.1080/00208825.2025.2515685,12-Jun-2025,https://doi.org/10.1080/00208825.2025.2515685,307.0,3.0
"Product development, fashion buying and merchandising","Liz Barnes, Rosy Boardman, Stephen Doyle, Rachel Parker-Strak, Rachel Studd",Textile Progress,54,4,p247 - p403,2022,10.1080/00405167.2023.2182062,31-May-2023,https://doi.org/10.1080/00405167.2023.2182062,2437.0,7.0
The concept of collaborative engineering: a systematic literature review,"Goran Putnik, Fernando Romero, Leonilde Varela",Production & Manufacturing Research,10,1,p784 - p839,2022,10.1080/21693277.2022.2133856,03-Nov-2022,https://doi.org/10.1080/21693277.2022.2133856,4408.0,14.0
Minimising cybersecurity risk exposures in industrial control system environments: a techno-human vulnerability analysis approach,"Uchenna Daniel Ani, Gregory Epiphaniou, Hongmei He, Petar Radanliev, Jeremy Watson",Journal of Cyber Security Technology,10,1,p1 - p40,2026,10.1080/23742917.2024.2421589,10-Nov-2024,https://doi.org/10.1080/23742917.2024.2421589,2224.0,6.0
Transformation of skills in the accounting field: the expectation-performance gap perceived by accounting students,"Tytti Elo, Markus Mättö, Satu Pätäri, Helena Sjögrén",Accounting Education,33,3,p237 - p273,2024,10.1080/09639284.2023.2191289,23-Mar-2023,https://doi.org/10.1080/09639284.2023.2191289,31425.0,50.0
Section 5: Biographies,,Preview,2018,192,p235 - p264,2018,10.1071/pvv2018n192p235,16-Jan-2019,https://doi.org/10.1071/pvv2018n192p235,470.0,0.0
Assessing Information Literacy in the Age of Generative AI: A Call to the National Conference of Bar Examiners,Amy A Emerson,Legal Reference Services Quarterly,44,1,p41 - p96,2025,10.1080/0270319x.2025.2452717,19-Feb-2025,https://doi.org/10.1080/0270319x.2025.2452717,1790.0,0.0
TAD 9:2 Issue PDF,,Technology|Architecture + Design,9,2,pi - pcclxiv,2025,10.1080/24751448.2025.2583867,14-Nov-2025,https://doi.org/10.1080/24751448.2025.2583867,88.0,0.0
Preview Number 192,,Preview,2018,192,p1 - p272,2018,10.1071/pvv2018n192,16-Jan-2019,https://doi.org/10.1071/pvv2018n192,463.0,0.0
Navigating the legislative dilemma: evaluating the EU AI Act's approach to regulating emerging technologies,"Stanley Greenstein, Mauro Zamboni",The Theory and Practice of Legislation,13,3,p312 - p352,2025,10.1080/20508840.2025.2513177,09-Jun-2025,https://doi.org/10.1080/20508840.2025.2513177,6708.0,7.0
